"COMPLEX_ID_NUM","STRUCTURE_NUMBER","REMOVAL_DISPOSITION"
"1798","1","To Shore"
"1803","1","To Shore"
"1805","1","To Shore"
"1806","1","To Shore"
"1807","1","To Shore"
"1815","1","To Shore"
"1816","1","To Shore"
"1817","1","To Shore"
"1818","1","To Shore"
"1820","1","To Shore"
"1825","1","To Shore"
"1826","1","To Shore"
"1827","1","To Shore"
"1828","1","Reuse"
"1829","1","To Shore"
"1830","1","To Shore"
"1835","1","To Shore"
"1836","1","To Shore"
"1839","1","Rigs-to-Reef"
"1840","1","To Shore"
"1841","1","To Shore"
"1842","1","To Shore"
"1843","1","To Shore"
"1846","1","To Shore"
"1847","1","To Shore"
"1849","1","To Shore"
"1851","1","To Shore"
"1851","2","To Shore"
"1856","1","To Shore"
"1857","1","To Shore"
"1858","1","To Shore"
"1859","1","To Shore"
"1861","1","To Shore"
"1868","1","Reuse"
"1869","1","To Shore"
"1869","2","To Shore"
"1871","1","To Shore"
"1872","1","To Shore"
"1875","1","To Shore"
"1877","1","To Shore"
"1879","1","To Shore"
"1881","1","To Shore"
"1884","1","To Shore"
"1889","1","To Shore"
"1891","1","To Shore"
"1893","1","To Shore"
"1894","1","To Shore"
"1895","1","To Shore"
"1897","1","To Shore"
"1900","1","To Shore"
"1904","1","To Shore"
"1906","1","To Shore"
"1907","1","To Shore"
"1909","1","To Shore"
"1910","1","Reuse"
"1915","1","To Shore"
"1922","1","To Shore"
"1926","1","To Shore"
"1929","1","To Shore"
"1931","1","To Shore"
"1932","1","To Shore"
"1935","1","To Shore"
"1938","1","Reuse"
"1940","1","To Shore"
"1941","1","To Shore"
"1942","1","Rigs-to-Reef"
"1947","1","Reuse"
"1948","1","To Shore"
"1952","1",""
"1957","1","To Shore"
"1960","1","To Shore"
"1963","1","To Shore"
"1964","1","To Shore"
"1967","1","To Shore"
"1968","1","To Shore"
"1970","1","To Shore"
"1971","1","To Shore"
"1972","1","To Shore"
"1973","1","To Shore"
"1974","1","To Shore"
"1980","1","To Shore"
"1981","1","To Shore"
"1982","1","To Shore"
"1983","1","To Shore"
"1984","1","To Shore"
"1986","1","To Shore"
"1987","1","Reuse"
"1988","1","To Shore"
"1989","1","To Shore"
"1993","1","To Shore"
"1994","1","To Shore"
"1995","1","To Shore"
"1996","1","To Shore"
"1998","1","To Shore"
"2003","1","To Shore"
"2005","1","To Shore"
"2010","1","To Shore"
"2011","1","To Shore"
"2015","1","To Shore"
"2016","1","To Shore"
"2017","1","To Shore"
"2021","1","To Shore"
"2023","1","To Shore"
"2025","1","To Shore"
"2029","1","To Shore"
"2031","1","Rigs-to-Reef"
"2032","1","To Shore"
"2033","1","To Shore"
"2034","1","To Shore"
"2037","1","To Shore"
"2039","1","To Shore"
"2042","1","To Shore"
"2044","1","To Shore"
"2046","1","To Shore"
"2047","1","To Shore"
"2048","1","To Shore"
"2049","1","To Shore"
"2054","1","To Shore"
"2054","2","To Shore"
"2058","1","Rigs-to-Reef"
"2059","1","To Shore"
"2060","1","To Shore"
"2061","1","To Shore"
"2062","1","To Shore"
"2063","1","Rigs-to-Reef"
"2064","1","To Shore"
"2070","1","To Shore"
"2071","1","To Shore"
"2072","1","Reuse"
"2074","1","To Shore"
"2075","1","To Shore"
"2079","1","To Shore"
"2080","1","To Shore"
"2081","1","To Shore"
"2083","1","To Shore"
"2085","1","To Shore"
"2095","1","To Shore"
"2096","1","To Shore"
"2099","1","To Shore"
"2100","1","To Shore"
"2102","1","To Shore"
"2103","1","To Shore"
"2103","2","To Shore"
"2103","3","To Shore"
"2104","1","To Shore"
"2111","1","To Shore"
"2117","1","To Shore"
"2128","1","Reuse"
"2130","1","To Shore"
"2131","1","To Shore"
"2132","1","To Shore"
"2135","1","To Shore"
"2138","1","Rigs-to-Reef"
"2139","1","To Shore"
"2144","1","Rigs-to-Reef"
"2147","1","To Shore"
"2148","1","To Shore"
"2150","1","To Shore"
"2154","1","To Shore"
"2155","1","To Shore"
"2157","1","To Shore"
"2160","1","To Shore"
"2164","1","To Shore"
"2165","1","To Shore"
"2168","1","To Shore"
"2169","1","To Shore"
"2172","1","To Shore"
"2175","1","To Shore"
"2176","1","To Shore"
"2179","1","To Shore"
"2181","1","Rigs-to-Reef"
"2193","1","To Shore"
"2194","1","To Shore"
"2196","1","To Shore"
"2197","1","To Shore"
"2201","1","To Shore"
"2206","1","To Shore"
"2209","1","To Shore"
"2213","1","To Shore"
"2215","1","To Shore"
"2219","1","To Shore"
"2223","1","To Shore"
"2224","1","To Shore"
"2239","1","To Shore"
"2242","1","To Shore"
"2246","1","To Shore"
"2251","1","To Shore"
"2252","1","To Shore"
"2253","1","To Shore"
"2253","2","To Shore"
"2257","1","To Shore"
"2259","1","To Shore"
"2264","1","To Shore"
"2269","1","To Shore"
"2272","1","To Shore"
"2281","1","To Shore"
"2281","2","To Shore"
"2291","1","To Shore"
"2292","1","To Shore"
"2293","1","To Shore"
"2294","1","To Shore"
"2351","1","To Shore"
"2352","1","To Shore"
"2353","1","To Shore"
"2354","1","To Shore"
"2355","1","To Shore"
"2356","1","To Shore"
"2356","2","To Shore"
"2358","1","Reuse"
"2360","1","To Shore"
"2361","1","To Shore"
"2371","1","To Shore"
"2376","1","To Shore"
"2384","1","To Shore"
"2386","1","To Shore"
"2393","1","To Shore"
"2397","1","To Shore"
"2413","1","To Shore"
"2419","1","To Shore"
"2419","2","To Shore"
"2421","1","To Shore"
"2428","1","To Shore"
"2436","1","To Shore"
"2443","1","Rigs-to-Reef"
"2445","1","To Shore"
"2448","1","To Shore"
"2454","1","To Shore"
"2474","1","To Shore"
"2476","1","Reuse"
"2492","1","To Shore"
"2493","1","To Shore"
"2494","1","To Shore"
"2508","1","To Shore"
"2511","1","To Shore"
"2512","1","To Shore"
"2525","1","To Shore"
"2530","1","To Shore"
"2540","1","To Shore"
"2550","1","Reuse"
"2557","1","To Shore"
"2560","1","To Shore"
"2561","1","To Shore"
"2562","1","To Shore"
"2564","1","To Shore"
"2588","1","To Shore"
"2590","1","To Shore"
"2603","1","To Shore"
"10001","1","To Shore"
"10003","1","To Shore"
"10004","1",""
"10005","1",""
"10006","1","To Shore"
"10007","1","To Shore"
"10008","1","To Shore"
"10010","1","To Shore"
"10011","1","To Shore"
"10012","1","To Shore"
"10012","2","To Shore"
"10013","1",""
"10014","1",""
"10015","1","To Shore"
"10016","1",""
"10017","1","Rigs-to-Reef"
"10018","1","To Shore"
"10019","1","Rigs-to-Reef"
"10020","1","Rigs-to-Reef"
"10021","1","Rigs-to-Reef"
"10022","1","To Shore"
"10023","1","To Shore"
"10023","2","To Shore"
"10024","1","To Shore"
"10025","1",""
"10026","1","To Shore"
"10027","1",""
"10028","1","To Shore"
"10029","1","To Shore"
"10030","1",""
"10031","1","To Shore"
"10032","1","Rigs-to-Reef"
"10033","1","To Shore"
"10034","1","Rigs-to-Reef"
"10035","1","Rigs-to-Reef"
"10035","2","Rigs-to-Reef"
"10036","1","Rigs-to-Reef"
"10036","2","Rigs-to-Reef"
"10037","1",""
"10037","2",""
"10038","1","To Shore"
"10039","1","To Shore"
"20590","1","Rigs-to-Reef"
"20591","1","Rigs-to-Reef"
"20593","1","To Shore"
"20593","2",""
"20594","1","To Shore"
"20594","2","To Shore"
"20594","3","To Shore"
"20595","1",""
"20595","2",""
"20596","1",""
"20597","1","To Shore"
"20597","2","To Shore"
"20598","1","To Shore"
"20600","1","To Shore"
"20601","1","To Shore"
"20601","2","To Shore"
"20605","1","To Shore"
"20606","1","To Shore"
"20608","2","Rigs-to-Reef"
"20610","1","Rigs-to-Reef"
"20610","2","Rigs-to-Reef"
"20612","1","To Shore"
"20614","1","Rigs-to-Reef"
"20614","2","Rigs-to-Reef"
"20615","1","To Shore"
"20616","1","To Shore"
"20616","2","To Shore"
"20617","1","To Shore"
"20617","2","To Shore"
"20618","1","To Shore"
"20621","1","Rigs-to-Reef"
"20621","2",""
"20623","1","Rigs-to-Reef"
"20624","1",""
"20624","2",""
"20625","1","To Shore"
"20625","2","To Shore"
"20625","4","To Shore"
"20627","1",""
"20627","2",""
"20628","1","To Shore"
"20629","1","To Shore"
"20629","2","To Shore"
"20629","3","To Shore"
"20631","1","To Shore"
"20631","2","To Shore"
"20631","3","To Shore"
"20631","4","To Shore"
"20633","1","Rigs-to-Reef"
"20633","2","Rigs-to-Reef"
"20633","3","Rigs-to-Reef"
"20633","4","Rigs-to-Reef"
"20634","1","Rigs-to-Reef"
"20634","2","Rigs-to-Reef"
"20635","1","To Shore"
"20635","2","To Shore"
"20636","1","To Shore"
"20637","1","To Shore"
"20637","2","To Shore"
"20639","1","To Shore"
"20639","2","To Shore"
"20639","3","To Shore"
"20639","4","To Shore"
"20639","5","To Shore"
"20639","6","To Shore"
"20640","1","To Shore"
"20640","2","To Shore"
"20641","1",""
"20641","2",""
"20642","1","To Shore"
"20642","2","To Shore"
"20642","3","To Shore"
"20643","1",""
"20643","2",""
"20644","1",""
"20645","1",""
"20645","2",""
"20646","1","Rigs-to-Reef"
"20646","2","To Shore"
"20647","1","To Shore"
"20647","2","To Shore"
"20648","1","Rigs-to-Reef"
"20649","1",""
"20650","1",""
"20650","2",""
"20650","3",""
"20651","1",""
"20653","1",""
"20654","1","Rigs-to-Reef"
"20655","1","Rigs-to-Reef"
"20656","1",""
"20657","1","To Shore"
"20658","1","To Shore"
"20658","2","To Shore"
"20658","3","To Shore"
"20659","1",""
"20660","1","To Shore"
"20661","1",""
"20663","1",""
"20665","1",""
"20667","1","To Shore"
"20667","2","To Shore"
"20668","1",""
"20669","1","To Shore"
"20670","1","Rigs-to-Reef"
"20670","2","Rigs-to-Reef"
"20670","3","Rigs-to-Reef"
"20671","1",""
"20675","1",""
"20676","1","To Shore"
"20677","1","Rigs-to-Reef"
"20677","2","Rigs-to-Reef"
"20678","1","To Shore"
"20678","2","To Shore"
"20683","1","Rigs-to-Reef"
"20683","2","Rigs-to-Reef"
"20685","1","To Shore"
"20688","1","To Shore"
"20689","1","To Shore"
"20690","1","To Shore"
"20691","1","To Shore"
"20694","1",""
"20697","1","To Shore"
"20698","1",""
"20699","1","To Shore"
"20701","3",""
"20702","1",""
"20703","1","Rigs-to-Reef"
"20704","1","To Shore"
"20705","1","To Shore"
"20705","2","To Shore"
"20705","3","To Shore"
"20707","1",""
"20708","1","Rigs-to-Reef"
"20709","1","To Shore"
"20710","1",""
"20711","1",""
"20712","1","To Shore"
"20715","1","To Shore"
"20716","1","To Shore"
"20718","1","To Shore"
"20719","3","To Shore"
"20720","1","To Shore"
"20722","2","Rigs-to-Reef"
"20723","1","Rigs-to-Reef"
"20723","2","Rigs-to-Reef"
"20725","1","To Shore"
"20725","2","To Shore"
"20725","3","To Shore"
"20726","1","To Shore"
"20728","1","To Shore"
"20730","1","To Shore"
"20730","2",""
"20731","1",""
"20731","2",""
"20732","1","To Shore"
"20732","2","To Shore"
"20732","3","To Shore"
"20733","1","To Shore"
"20735","1","To Shore"
"20735","2","To Shore"
"20736","1",""
"20736","2",""
"20737","1","To Shore"
"20737","2","To Shore"
"20737","3","Rigs-to-Reef"
"20738","1","Rigs-to-Reef"
"20738","2","Rigs-to-Reef"
"20739","2","Rigs-to-Reef"
"20743","1","To Shore"
"20745","2",""
"20746","1",""
"20747","1",""
"20748","1","To Shore"
"20749","1",""
"20750","1","To Shore"
"20751","1","To Shore"
"20752","1","To Shore"
"20753","1","To Shore"
"20754","1","To Shore"
"20755","1",""
"20756","1","To Shore"
"20757","1","To Shore"
"20758","1","To Shore"
"20759","1",""
"20760","1",""
"20761","1",""
"20762","1",""
"20763","1",""
"20764","1","To Shore"
"20765","1","To Shore"
"20766","1","To Shore"
"20767","1",""
"20768","1",""
"20769","1",""
"20770","1","To Shore"
"20771","1",""
"20772","1","To Shore"
"20773","1",""
"20774","1","To Shore"
"20775","1",""
"20776","1",""
"20777","1","To Shore"
"20778","1",""
"20779","1","To Shore"
"20780","1",""
"20781","1",""
"20782","1",""
"20783","1","To Shore"
"20784","1",""
"20785","1","To Shore"
"20786","1",""
"20787","1","To Shore"
"20788","1","To Shore"
"20790","1","To Shore"
"20791","1",""
"20792","1","To Shore"
"20794","1","To Shore"
"20795","1","To Shore"
"20795","2","To Shore"
"20796","1","To Shore"
"20797","1","To Shore"
"20798","1","To Shore"
"20799","1","To Shore"
"20800","1","To Shore"
"20801","1","To Shore"
"20802","1","To Shore"
"20803","1","To Shore"
"20804","1",""
"20805","1","To Shore"
"20806","2","To Shore"
"20806","3","To Shore"
"20807","1",""
"20808","1","To Shore"
"20810","1","To Shore"
"20812","1","To Shore"
"20813","1",""
"20814","1",""
"20815","1","To Shore"
"20816","1",""
"20817","1","To Shore"
"20818","1","To Shore"
"20819","1",""
"20820","1",""
"20821","1","To Shore"
"20822","1",""
"20823","1",""
"20824","1",""
"20825","1","To Shore"
"20826","1","To Shore"
"20827","1",""
"20828","1","To Shore"
"20829","1","To Shore"
"20830","1",""
"20831","1","To Shore"
"20832","1","To Shore"
"20833","1",""
"20834","1","To Shore"
"20835","1","To Shore"
"20836","1",""
"20837","1",""
"20838","1","To Shore"
"20839","1",""
"20840","1","To Shore"
"20841","1",""
"20842","1","To Shore"
"20842","2","To Shore"
"20843","1",""
"20844","1","To Shore"
"20845","1",""
"20845","2","To Shore"
"20846","1",""
"20847","1","To Shore"
"20851","1",""
"20852","1",""
"20853","1",""
"20855","1",""
"20856","1",""
"20857","1",""
"20858","1","To Shore"
"20859","1",""
"20860","1",""
"20861","1",""
"20862","1",""
"20863","1","To Shore"
"20864","1",""
"20865","1",""
"20866","1","To Shore"
"20866","2","To Shore"
"20867","1",""
"20868","1",""
"20869","1","To Shore"
"20870","1","To Shore"
"20871","1","To Shore"
"20872","1",""
"20873","1","To Shore"
"20874","1","To Shore"
"20874","2","To Shore"
"20875","1","To Shore"
"20876","1","To Shore"
"20877","1",""
"20877","2",""
"20878","1","To Shore"
"20879","1","To Shore"
"20880","1","To Shore"
"20882","1",""
"20883","1","To Shore"
"20884","1","To Shore"
"20885","1","To Shore"
"20885","3",""
"20885","5","To Shore"
"20885","6","To Shore"
"20885","7","To Shore"
"21202","1",""
"21202","2",""
"21202","3",""
"21203","1",""
"21204","1",""
"21205","1","Rigs-to-Reef"
"21208","1",""
"21209","1","To Shore"
"21210","1",""
"21211","1","To Shore"
"21212","1","To Shore"
"21213","1","To Shore"
"21214","1","To Shore"
"21215","1","Rigs-to-Reef"
"21216","1","Rigs-to-Reef"
"21217","1","To Shore"
"21218","1","To Shore"
"21219","1",""
"21219","2",""
"21220","1","Rigs-to-Reef"
"21221","1","To Shore"
"21222","1","To Shore"
"21223","1","To Shore"
"21223","2","To Shore"
"21224","1","To Shore"
"21226","1","To Shore"
"21226","2",""
"21227","1","To Shore"
"21228","1","To Shore"
"21228","2","To Shore"
"21231","1",""
"21232","1","Rigs-to-Reef"
"21233","1","Rigs-to-Reef"
"21234","1","To Shore"
"21235","1","To Shore"
"21236","1","To Shore"
"21237","1","To Shore"
"21238","1",""
"21239","1",""
"21240","1","To Shore"
"21241","1","To Shore"
"21242","1",""
"21243","1","To Shore"
"21244","1","To Shore"
"21245","1","To Shore"
"21245","2","To Shore"
"21246","1","To Shore"
"21246","2","To Shore"
"21247","1","To Shore"
"21247","2","To Shore"
"21248","1","To Shore"
"21248","2","To Shore"
"21249","1","To Shore"
"21250","1","To Shore"
"21251","1","To Shore"
"21252","1","To Shore"
"21252","2","To Shore"
"21253","1","To Shore"
"21254","1","To Shore"
"21255","1",""
"21256","1",""
"21257","1",""
"21258","1","To Shore"
"21259","1",""
"21260","1",""
"21261","1",""
"21262","1",""
"21263","1",""
"21264","1","To Shore"
"21265","1","To Shore"
"21266","1",""
"21267","1","To Shore"
"21268","1","To Shore"
"21269","1","To Shore"
"21269","2","To Shore"
"21271","1",""
"21271","2",""
"21271","3",""
"21274","1","To Shore"
"21275","1","To Shore"
"21276","1","To Shore"
"21277","1","To Shore"
"21278","1",""
"21279","1",""
"21280","1",""
"21281","1",""
"21282","1",""
"21284","1",""
"21285","1","To Shore"
"21286","1",""
"21287","1","To Shore"
"21288","1","To Shore"
"21289","1",""
"21290","1",""
"21291","1",""
"21292","1",""
"21293","1","To Shore"
"21294","1",""
"21295","1",""
"21296","1",""
"21297","1",""
"21298","1",""
"21299","1","To Shore"
"21300","1",""
"21302","1",""
"21305","1","To Shore"
"21306","1","To Shore"
"21307","1","To Shore"
"21308","1","To Shore"
"21309","1",""
"21310","1",""
"21311","1",""
"21312","1",""
"21313","1",""
"21314","1","To Shore"
"21315","1",""
"21316","1",""
"21317","1","To Shore"
"21318","1","To Shore"
"21319","1",""
"21320","1",""
"21321","1","To Shore"
"21322","1","To Shore"
"21323","1",""
"21324","1",""
"21325","1",""
"21326","1",""
"21327","1",""
"21328","1",""
"21329","1",""
"21330","1","To Shore"
"21331","1",""
"21332","1","To Shore"
"21333","1",""
"21334","1","To Shore"
"21335","1",""
"21336","1","To Shore"
"21337","1","To Shore"
"21337","2","To Shore"
"21338","1",""
"21338","2","To Shore"
"21339","1",""
"21339","2",""
"21339","3",""
"21340","1","To Shore"
"21341","1","To Shore"
"21342","1","To Shore"
"21343","1","To Shore"
"21344","1",""
"21344","2",""
"21345","1",""
"21346","1",""
"21347","1",""
"21348","1",""
"21349","1","To Shore"
"21349","2","To Shore"
"21350","1","To Shore"
"21351","1",""
"21352","1","To Shore"
"21353","1","To Shore"
"21354","1","To Shore"
"21354","2","To Shore"
"21354","3","To Shore"
"21355","1","To Shore"
"21356","1","To Shore"
"21357","1",""
"21358","1","To Shore"
"21359","1","To Shore"
"21360","2",""
"21361","1","To Shore"
"21361","2","To Shore"
"21362","1","To Shore"
"21363","1",""
"21364","1","To Shore"
"21365","1",""
"21366","1","To Shore"
"21367","1","To Shore"
"21368","1",""
"21369","1",""
"21370","1","To Shore"
"21371","1","To Shore"
"21372","1",""
"21373","1","To Shore"
"21374","1",""
"21375","1",""
"21376","1",""
"21377","1",""
"21378","1",""
"21379","1",""
"21380","1","To Shore"
"21381","1","To Shore"
"21383","1",""
"21385","1",""
"21386","1",""
"21387","1",""
"21388","1",""
"21389","1",""
"21390","1","To Shore"
"21391","1",""
"21392","1","Rigs-to-Reef"
"21393","1","Rigs-to-Reef"
"21393","2","Rigs-to-Reef"
"21394","1","Rigs-to-Reef"
"21396","1","Rigs-to-Reef"
"21399","1","To Shore"
"21400","1","Rigs-to-Reef"
"21401","1","To Shore"
"21402","1","To Shore"
"21403","1","To Shore"
"21403","2","To Shore"
"21404","1","To Shore"
"21405","1","To Shore"
"21405","2","To Shore"
"21405","3","To Shore"
"21405","4","To Shore"
"21405","5",""
"21406","1",""
"21407","1","To Shore"
"21408","1","To Shore"
"21408","2","To Shore"
"21408","3","To Shore"
"21408","4","To Shore"
"21408","5","To Shore"
"21409","1","To Shore"
"21409","2","To Shore"
"21409","3","To Shore"
"21410","3",""
"21410","4",""
"21410","5",""
"21411","10","To Shore"
"21413","1",""
"21415","1",""
"21416","1",""
"21419","1",""
"21420","1","To Shore"
"21421","1",""
"21422","1","To Shore"
"21423","1",""
"21424","1",""
"21425","1",""
"21426","1","Rigs-to-Reef"
"21427","1","To Shore"
"21430","1","To Shore"
"21431","1","To Shore"
"21432","1","To Shore"
"21434","1","Rigs-to-Reef"
"21436","1",""
"21437","1",""
"21437","2",""
"21437","3",""
"21438","1","To Shore"
"21438","2","To Shore"
"21438","3","To Shore"
"21438","4",""
"21439","1","To Shore"
"21439","2",""
"21439","3","To Shore"
"21439","4","To Shore"
"21440","1",""
"21440","2",""
"21440","3",""
"21441","1",""
"21441","2","To Shore"
"21442","1","To Shore"
"21442","2","To Shore"
"21442","3","To Shore"
"21442","4","To Shore"
"21443","1","To Shore"
"21444","1","To Shore"
"21444","2","To Shore"
"21445","1","To Shore"
"21446","1","To Shore"
"21447","1","To Shore"
"21450","1","To Shore"
"21451","1","To Shore"
"21453","1",""
"21453","2",""
"21454","1","To Shore"
"21455","1","To Shore"
"21456","1",""
"21457","1",""
"21457","2","To Shore"
"21458","1","To Shore"
"21458","2",""
"21460","1",""
"21461","1",""
"21463","1","To Shore"
"21463","2","To Shore"
"21464","1","To Shore"
"21465","1","To Shore"
"21466","1","To Shore"
"21467","1","Rigs-to-Reef"
"21467","2","Rigs-to-Reef"
"21468","1","To Shore"
"21468","2","To Shore"
"21468","3",""
"21468","4",""
"21468","5","To Shore"
"21468","6","To Shore"
"21468","7","To Shore"
"21469","1","To Shore"
"21469","2","To Shore"
"21470","1","To Shore"
"21470","2","To Shore"
"21470","3","To Shore"
"21471","1","To Shore"
"21471","2","To Shore"
"21474","1","To Shore"
"21478","1",""
"21479","1","To Shore"
"21480","1","To Shore"
"21481","1",""
"21484","1","To Shore"
"21489","1",""
"21490","1",""
"21491","1","To Shore"
"21492","1","To Shore"
"21493","1",""
"21494","1","To Shore"
"21494","2","To Shore"
"21495","1","To Shore"
"21495","2","To Shore"
"21496","1","To Shore"
"21497","1","To Shore"
"21498","1","To Shore"
"21499","1",""
"21500","1",""
"21501","1","Rigs-to-Reef"
"21501","2","Rigs-to-Reef"
"21503","1",""
"21507","1","To Shore"
"21508","1","To Shore"
"21509","1","To Shore"
"21511","1","To Shore"
"21512","1","To Shore"
"21513","1","To Shore"
"21514","1","To Shore"
"21515","1","To Shore"
"21515","2","To Shore"
"21515","3","To Shore"
"21516","1","To Shore"
"21518","1","To Shore"
"21518","2","To Shore"
"21518","3","To Shore"
"21519","1","To Shore"
"21520","1",""
"21521","1",""
"21523","1",""
"21524","1","To Shore"
"21531","1",""
"21532","1",""
"21533","1",""
"21534","1","To Shore"
"21535","1",""
"21537","1","To Shore"
"21539","1",""
"21541","1",""
"21542","1","To Shore"
"21543","1","To Shore"
"21544","1","To Shore"
"21546","1","To Shore"
"21546","2","To Shore"
"21546","3","To Shore"
"21547","1",""
"21548","1",""
"21549","1","To Shore"
"21550","1",""
"21560","1",""
"21561","1","To Shore"
"21562","1","To Shore"
"21563","1","To Shore"
"21564","1","To Shore"
"21565","1","To Shore"
"21569","1","To Shore"
"21570","1","Rigs-to-Reef"
"21571","1","Rigs-to-Reef"
"21571","2","Rigs-to-Reef"
"21571","3","Rigs-to-Reef"
"21573","1","Rigs-to-Reef"
"21574","1","To Shore"
"21575","1","To Shore"
"21576","1","Rigs-to-Reef"
"21577","1","Rigs-to-Reef"
"21578","1","Rigs-to-Reef"
"21579","1","To Shore"
"21581","1","To Shore"
"21582","1","Rigs-to-Reef"
"21583","1","To Shore"
"21584","1",""
"21585","1","To Shore"
"21591","1","Rigs-to-Reef"
"21594","1","To Shore"
"21598","1",""
"21599","1","To Shore"
"21601","1","To Shore"
"21601","2","To Shore"
"21602","1","To Shore"
"21604","1","To Shore"
"21604","2","To Shore"
"21605","1",""
"21606","1","To Shore"
"21607","1","To Shore"
"21608","1",""
"21609","1","To Shore"
"21610","1","To Shore"
"21610","2","To Shore"
"21611","1",""
"21612","1",""
"21613","1","To Shore"
"21614","1",""
"21615","1",""
"21616","1","To Shore"
"21617","1","To Shore"
"21618","1",""
"21619","1","To Shore"
"21620","1",""
"21621","1",""
"21622","1","To Shore"
"21623","1","To Shore"
"21624","1","To Shore"
"21625","1","To Shore"
"21627","1","To Shore"
"21632","1","To Shore"
"21633","1",""
"21635","1",""
"21636","1","To Shore"
"21637","1","To Shore"
"21638","1","To Shore"
"21639","1","To Shore"
"21640","1","To Shore"
"21641","1","To Shore"
"21642","1","To Shore"
"21643","1","To Shore"
"21644","1","To Shore"
"21645","1","To Shore"
"21646","1","To Shore"
"21647","1","To Shore"
"21648","1",""
"21649","1","To Shore"
"21650","1","To Shore"
"21651","1",""
"21652","1","To Shore"
"21653","1",""
"21653","2","To Shore"
"21656","1","To Shore"
"21657","1","To Shore"
"21658","1","To Shore"
"21659","1",""
"21660","1",""
"21663","1","To Shore"
"21664","1","Rigs-to-Reef"
"21664","2","Rigs-to-Reef"
"21666","1","Rigs-to-Reef"
"21668","1","To Shore"
"21672","1","To Shore"
"21673","1","To Shore"
"21674","1",""
"21676","1","To Shore"
"21677","1","To Shore"
"21677","2","To Shore"
"21678","1","To Shore"
"21678","2","To Shore"
"21679","1","To Shore"
"21680","1","To Shore"
"21681","1","To Shore"
"21682","1",""
"21683","1","To Shore"
"21684","1","To Shore"
"21685","1","To Shore"
"21686","1",""
"21687","1",""
"21688","1",""
"21688","2",""
"21688","3",""
"21689","1",""
"21690","1","To Shore"
"21691","1","To Shore"
"21692","1","To Shore"
"21693","1","To Shore"
"21694","1","To Shore"
"21695","1","To Shore"
"21695","2","To Shore"
"21696","1",""
"21697","1",""
"21698","1","To Shore"
"21699","1",""
"21701","1","To Shore"
"21702","1","To Shore"
"21703","1","To Shore"
"21704","1",""
"21705","1",""
"21707","1","To Shore"
"21708","1",""
"21709","1","To Shore"
"21710","1","To Shore"
"21711","1",""
"21713","1","Rigs-to-Reef"
"21713","2","Rigs-to-Reef"
"21715","1","Rigs-to-Reef"
"21716","1","Rigs-to-Reef"
"21717","1","To Shore"
"21718","1","To Shore"
"21719","1","To Shore"
"21720","1","To Shore"
"21721","1","To Shore"
"21722","1",""
"21723","1",""
"21723","2",""
"21724","1","To Shore"
"21726","1","To Shore"
"21727","1","To Shore"
"21728","1","To Shore"
"21728","2","To Shore"
"21729","1",""
"21730","1","To Shore"
"21731","1",""
"21731","2",""
"21732","1","Rigs-to-Reef"
"21733","1","Rigs-to-Reef"
"21734","1","Rigs-to-Reef"
"21736","1","To Shore"
"21737","1","To Shore"
"21738","1",""
"21738","2",""
"21740","1","To Shore"
"21747","1","Rigs-to-Reef"
"21750","1","To Shore"
"21751","1","To Shore"
"21751","2","To Shore"
"21752","1","To Shore"
"21756","1","To Shore"
"21757","1","Rigs-to-Reef"
"21758","1","Rigs-to-Reef"
"21760","1","To Shore"
"21761","1","To Shore"
"21761","2","To Shore"
"21763","1","To Shore"
"21764","1","To Shore"
"21764","2","To Shore"
"21767","1","Rigs-to-Reef"
"21768","1","Rigs-to-Reef"
"21769","1","To Shore"
"21770","1","To Shore"
"21772","1","Rigs-to-Reef"
"21774","1","Rigs-to-Reef"
"21775","1","Rigs-to-Reef"
"21777","1","To Shore"
"21781","1","To Shore"
"21783","1",""
"21784","1",""
"21785","1",""
"21786","3",""
"21786","6","To Shore"
"21789","1","To Shore"
"21790","1",""
"21791","1","Rigs-to-Reef"
"21792","1","To Shore"
"21793","1","To Shore"
"21794","1","To Shore"
"21795","1","To Shore"
"21796","1","To Shore"
"21801","1",""
"21802","1","Rigs-to-Reef"
"21814","1","To Shore"
"21814","2","To Shore"
"21814","3","To Shore"
"21817","1","Rigs-to-Reef"
"21818","1","To Shore"
"21818","2","To Shore"
"21818","3","To Shore"
"21819","1","To Shore"
"21821","1","To Shore"
"21823","1","To Shore"
"21824","1",""
"21825","1",""
"21826","1","To Shore"
"21827","1",""
"21828","1",""
"21829","1",""
"21832","1","To Shore"
"21833","1","To Shore"
"21834","1","To Shore"
"21835","1","To Shore"
"21836","1","To Shore"
"21837","1","To Shore"
"21838","1","To Shore"
"21844","1","Rigs-to-Reef"
"21845","1","Rigs-to-Reef"
"21846","1","Rigs-to-Reef"
"21846","2","Rigs-to-Reef"
"21847","2","Rigs-to-Reef"
"21849","1",""
"21850","1",""
"21851","1",""
"21853","1","To Shore"
"21854","1",""
"21856","1","Rigs-to-Reef"
"21857","1","To Shore"
"21857","2","To Shore"
"21861","1","To Shore"
"21863","1",""
"21864","2","To Shore"
"21865","1","To Shore"
"21866","1","To Shore"
"21867","1","To Shore"
"21868","1",""
"21869","1","To Shore"
"21870","1","Rigs-to-Reef"
"21871","1","To Shore"
"21872","1",""
"21873","1",""
"21874","1",""
"21875","1","Rigs-to-Reef"
"21876","1","To Shore"
"21877","1","To Shore"
"21878","1","Rigs-to-Reef"
"21879","1","Rigs-to-Reef"
"21879","2","Rigs-to-Reef"
"21880","1","To Shore"
"21881","1","To Shore"
"21882","1","Rigs-to-Reef"
"21883","1","To Shore"
"21883","2","To Shore"
"21883","3","To Shore"
"21883","4","To Shore"
"21884","1","To Shore"
"21886","1","To Shore"
"21887","1",""
"21888","1",""
"21889","1","Rigs-to-Reef"
"21890","1","Rigs-to-Reef"
"21893","1","To Shore"
"21894","1","Rigs-to-Reef"
"21898","1","Rigs-to-Reef"
"21901","1","To Shore"
"21902","1","To Shore"
"21902","2","To Shore"
"21902","3","To Shore"
"21902","4","To Shore"
"21903","1","Rigs-to-Reef"
"21904","1","Rigs-to-Reef"
"21905","1","To Shore"
"21906","1","Rigs-to-Reef"
"21906","2","To Shore"
"21909","1",""
"21910","1","Rigs-to-Reef"
"21911","1","To Shore"
"21914","1","Rigs-to-Reef"
"21915","1","To Shore"
"21917","1","To Shore"
"21918","1",""
"21919","1",""
"21920","1","To Shore"
"21921","1","Rigs-to-Reef"
"21922","1","To Shore"
"21923","1","To Shore"
"21924","1",""
"21925","1","To Shore"
"21926","1","To Shore"
"21927","1","Rigs-to-Reef"
"21928","1","To Shore"
"21929","1","Rigs-to-Reef"
"21932","1","To Shore"
"21934","1","To Shore"
"21934","2","To Shore"
"21934","3","To Shore"
"21937","1","To Shore"
"21938","1","To Shore"
"21939","1","Rigs-to-Reef"
"21940","1","Rigs-to-Reef"
"21941","1","To Shore"
"21941","2","To Shore"
"21943","1","Rigs-to-Reef"
"21944","1","Rigs-to-Reef"
"21945","1","To Shore"
"21945","2","To Shore"
"21946","1","To Shore"
"21947","1","To Shore"
"21948","1","To Shore"
"21949","1","To Shore"
"21949","2","To Shore"
"21950","1","To Shore"
"21951","1","To Shore"
"21952","1",""
"21953","1","To Shore"
"21954","1","Rigs-to-Reef"
"21955","1",""
"21956","1",""
"21957","1",""
"21958","1",""
"21959","1","To Shore"
"21959","2","To Shore"
"21961","1",""
"21963","1","To Shore"
"21964","1","To Shore"
"21965","1","To Shore"
"21966","1","To Shore"
"21967","1","To Shore"
"21967","2","To Shore"
"21967","3","To Shore"
"21967","4","To Shore"
"21969","1","To Shore"
"21970","1",""
"21973","1","To Shore"
"21974","1","To Shore"
"21975","1","Rigs-to-Reef"
"21976","1","To Shore"
"21977","1","Rigs-to-Reef"
"21978","1","To Shore"
"21979","1","To Shore"
"21980","1","Rigs-to-Reef"
"21981","1","Rigs-to-Reef"
"21983","1","To Shore"
"21984","1","To Shore"
"21985","1",""
"21987","1","Rigs-to-Reef"
"21988","1","To Shore"
"21988","2","To Shore"
"21988","3","To Shore"
"21988","5","To Shore"
"21988","6","To Shore"
"21988","7","To Shore"
"21988","8","To Shore"
"21989","1","To Shore"
"21990","1","Rigs-to-Reef"
"21991","1","To Shore"
"21993","1","To Shore"
"21993","2","To Shore"
"21994","1","To Shore"
"21998","1",""
"21998","2",""
"21998","3","To Shore"
"21998","4",""
"22001","1",""
"22002","1","To Shore"
"22003","1","To Shore"
"22004","1",""
"22005","1","To Shore"
"22008","1","To Shore"
"22010","1","To Shore"
"22011","1","To Shore"
"22012","1","To Shore"
"22013","1",""
"22014","1",""
"22015","1",""
"22018","1","To Shore"
"22019","1","To Shore"
"22022","1","To Shore"
"22023","1","Rigs-to-Reef"
"22024","1","To Shore"
"22026","1","To Shore"
"22027","1","To Shore"
"22027","2","To Shore"
"22028","1","To Shore"
"22028","2","Reuse"
"22029","1",""
"22030","1","To Shore"
"22030","2","To Shore"
"22031","1","Rigs-to-Reef"
"22032","1","To Shore"
"22033","1","Rigs-to-Reef"
"22034","1","To Shore"
"22035","1","Rigs-to-Reef"
"22036","1","To Shore"
"22036","2","To Shore"
"22036","3","To Shore"
"22037","1","To Shore"
"22038","1","To Shore"
"22039","1","To Shore"
"22039","2","To Shore"
"22039","3","To Shore"
"22039","4","To Shore"
"22039","5","To Shore"
"22041","1",""
"22043","1",""
"22044","1","Rigs-to-Reef"
"22044","2","Rigs-to-Reef"
"22047","1",""
"22047","2",""
"22048","1","To Shore"
"22049","1","Rigs-to-Reef"
"22050","1","To Shore"
"22051","1","To Shore"
"22053","1","To Shore"
"22054","1",""
"22055","1",""
"22056","1","To Shore"
"22057","1","To Shore"
"22058","1",""
"22060","1","Rigs-to-Reef"
"22061","1",""
"22062","1","To Shore"
"22063","1",""
"22065","1","Rigs-to-Reef"
"22066","1","To Shore"
"22067","1",""
"22068","1","To Shore"
"22068","2","To Shore"
"22069","1","To Shore"
"22070","1","To Shore"
"22071","1","To Shore"
"22071","2","To Shore"
"22072","1",""
"22073","1",""
"22074","1",""
"22075","1",""
"22077","1",""
"22078","1",""
"22079","1",""
"22080","1",""
"22080","2",""
"22082","1","To Shore"
"22083","1",""
"22083","2",""
"22086","1","Rigs-to-Reef"
"22088","1","To Shore"
"22088","2","To Shore"
"22088","3","To Shore"
"22088","4","To Shore"
"22089","1","To Shore"
"22089","2","To Shore"
"22089","3","To Shore"
"22089","4","To Shore"
"22091","1","To Shore"
"22092","1","Rigs-to-Reef"
"22093","1",""
"22094","1",""
"22094","2",""
"22095","1",""
"22096","1","To Shore"
"22096","2","To Shore"
"22097","1",""
"22098","1",""
"22098","2",""
"22098","3","To Shore"
"22099","1",""
"22101","1","Rigs-to-Reef"
"22102","1",""
"22103","2","To Shore"
"22103","3","To Shore"
"22103","4","To Shore"
"22104","1",""
"22105","1","Rigs-to-Reef"
"22106","1","Rigs-to-Reef"
"22107","2","To Shore"
"22109","1","Rigs-to-Reef"
"22110","1",""
"22111","1","Rigs-to-Reef"
"22112","1","Rigs-to-Reef"
"22113","1","Rigs-to-Reef"
"22113","2","Rigs-to-Reef"
"22115","1",""
"22116","1",""
"22117","1","To Shore"
"22119","1","To Shore"
"22120","1","To Shore"
"22121","1","To Shore"
"22124","1",""
"22125","1","To Shore"
"22125","2","To Shore"
"22126","1","To Shore"
"22127","1","Rigs-to-Reef"
"22128","1","To Shore"
"22129","1","To Shore"
"22130","1","To Shore"
"22132","1",""
"22133","1","To Shore"
"22134","1","To Shore"
"22135","1",""
"22136","1","To Shore"
"22137","1","To Shore"
"22138","1","To Shore"
"22139","1","To Shore"
"22142","1","To Shore"
"22143","1",""
"22144","1",""
"22145","1","To Shore"
"22146","1","To Shore"
"22147","1","To Shore"
"22148","1","To Shore"
"22149","1","To Shore"
"22150","1","To Shore"
"22151","1",""
"22152","1","To Shore"
"22153","1",""
"22154","1",""
"22155","1","Rigs-to-Reef"
"22156","1",""
"22156","2",""
"22157","1","To Shore"
"22158","1","To Shore"
"22159","1","To Shore"
"22160","1","To Shore"
"22161","1","To Shore"
"22162","1","Rigs-to-Reef"
"22163","1",""
"22166","1",""
"22167","1","To Shore"
"22168","1","To Shore"
"22169","1",""
"22170","1","To Shore"
"22171","1",""
"22173","1","Rigs-to-Reef"
"22176","1","To Shore"
"22177","1","Rigs-to-Reef"
"22179","1",""
"22180","1",""
"22181","1","To Shore"
"22183","1","To Shore"
"22184","1","To Shore"
"22185","1","To Shore"
"22186","1","To Shore"
"22187","1",""
"22187","2",""
"22188","1",""
"22189","1",""
"22190","1","To Shore"
"22190","2","To Shore"
"22191","1","To Shore"
"22193","1","To Shore"
"22194","1","To Shore"
"22197","1",""
"22198","1","To Shore"
"22200","1","To Shore"
"22201","1","Rigs-to-Reef"
"22202","1","Rigs-to-Reef"
"22205","1","Rigs-to-Reef"
"22206","1","To Shore"
"22207","1","To Shore"
"22208","1","Rigs-to-Reef"
"22211","1",""
"22212","1","Rigs-to-Reef"
"22213","1","Rigs-to-Reef"
"22214","1","To Shore"
"22216","1","To Shore"
"22217","1",""
"22218","1","Rigs-to-Reef"
"22220","1","Rigs-to-Reef"
"22221","1","Rigs-to-Reef"
"22221","2","To Shore"
"22226","1","Rigs-to-Reef"
"22226","2","To Shore"
"22226","3","To Shore"
"22227","1",""
"22228","1","To Shore"
"22229","1",""
"22230","1",""
"22231","1","To Shore"
"22232","1","To Shore"
"22233","1","To Shore"
"22234","1","To Shore"
"22235","1","To Shore"
"22235","2","To Shore"
"22236","1","To Shore"
"22237","1","To Shore"
"22238","1",""
"22239","1","To Shore"
"22240","1","Rigs-to-Reef"
"22241","1",""
"22243","1",""
"22243","2",""
"22243","3",""
"22244","1",""
"22244","2",""
"22245","1",""
"22246","1",""
"22248","1","To Shore"
"22250","1",""
"22251","1",""
"22252","1","To Shore"
"22253","1","To Shore"
"22254","1","To Shore"
"22255","1",""
"22256","1","To Shore"
"22257","1","To Shore"
"22257","2","To Shore"
"22260","1",""
"22261","1",""
"22261","2",""
"22262","1",""
"22265","1","To Shore"
"22266","1","To Shore"
"22267","1","To Shore"
"22267","2","To Shore"
"22268","1","To Shore"
"22269","1","To Shore"
"22270","1",""
"22271","1","To Shore"
"22271","2","To Shore"
"22272","1","To Shore"
"22273","1","To Shore"
"22274","1","Rigs-to-Reef"
"22275","1","Rigs-to-Reef"
"22276","1","To Shore"
"22277","1","Rigs-to-Reef"
"22278","1","To Shore"
"22279","1","Rigs-to-Reef"
"22280","1","Rigs-to-Reef"
"22281","1","To Shore"
"22282","1","To Shore"
"22283","1",""
"22284","1","Rigs-to-Reef"
"22285","1","To Shore"
"22287","1","To Shore"
"22287","2","To Shore"
"22288","1","To Shore"
"22290","1",""
"22290","2",""
"22291","1",""
"22292","1","To Shore"
"22292","2","To Shore"
"22292","3","To Shore"
"22293","1",""
"22294","1","Rigs-to-Reef"
"22295","1","To Shore"
"22295","2","To Shore"
"22297","1","Rigs-to-Reef"
"22298","1","To Shore"
"22299","1","Rigs-to-Reef"
"22300","1",""
"22301","1","To Shore"
"22302","1","To Shore"
"22303","1",""
"22304","1",""
"22305","1",""
"22306","1","Rigs-to-Reef"
"22307","1",""
"22308","1","To Shore"
"22309","1",""
"22310","1","To Shore"
"22312","1",""
"22312","2",""
"22312","3",""
"22313","1","To Shore"
"22314","1","Rigs-to-Reef"
"22315","1",""
"22316","1",""
"22317","1",""
"22318","1",""
"22319","1","Rigs-to-Reef"
"22320","1","To Shore"
"22321","1","To Shore"
"22323","1",""
"22324","1","To Shore"
"22325","1","To Shore"
"22325","2","To Shore"
"22326","1","To Shore"
"22327","1","To Shore"
"22327","2","To Shore"
"22328","1","To Shore"
"22329","1",""
"22330","1","To Shore"
"22330","2","To Shore"
"22332","1",""
"22333","1","To Shore"
"22334","1","To Shore"
"22334","2","To Shore"
"22336","1","Rigs-to-Reef"
"22337","1","Rigs-to-Reef"
"22338","1","To Shore"
"22338","2","To Shore"
"22339","1",""
"22340","1",""
"22341","1","To Shore"
"22342","1","To Shore"
"22343","1","To Shore"
"22344","1","To Shore"
"22346","1","To Shore"
"22347","1","To Shore"
"22348","1","To Shore"
"22350","1",""
"22351","1",""
"22352","1","To Shore"
"22353","1",""
"22354","1","To Shore"
"22356","1",""
"22357","1","To Shore"
"22358","1","To Shore"
"22359","1",""
"22360","1",""
"22361","1","To Shore"
"22362","1","To Shore"
"22363","1","To Shore"
"22363","2","To Shore"
"22364","1","To Shore"
"22365","1",""
"22366","1","To Shore"
"22367","1",""
"22368","1","To Shore"
"22368","2","To Shore"
"22369","1","To Shore"
"22370","1",""
"22371","1","To Shore"
"22372","1","Rigs-to-Reef"
"22373","1",""
"22373","2",""
"22374","1",""
"22376","1",""
"22377","1",""
"22378","1",""
"22379","1","To Shore"
"22381","1",""
"22382","1",""
"22382","2",""
"22384","1","Reuse"
"22384","2","Reuse"
"22384","3","Reuse"
"22385","1",""
"22387","1","To Shore"
"22388","1",""
"22389","1","Reuse"
"22391","1","Rigs-to-Reef"
"22392","1","Rigs-to-Reef"
"22393","1",""
"22394","1","To Shore"
"22395","1","To Shore"
"22396","1",""
"22397","1","To Shore"
"22398","1","To Shore"
"22398","2","To Shore"
"22399","1",""
"22400","1",""
"22404","1","Rigs-to-Reef"
"22405","1","To Shore"
"22407","1","To Shore"
"22408","1","To Shore"
"22408","2","To Shore"
"22410","1",""
"22411","1","Rigs-to-Reef"
"22412","1",""
"22413","1","To Shore"
"22414","1",""
"22415","1",""
"22415","2",""
"22418","1",""
"22419","1",""
"22420","1","To Shore"
"22421","1","To Shore"
"22421","2","To Shore"
"22422","1","To Shore"
"22423","1","To Shore"
"22425","1",""
"22426","1",""
"22427","1",""
"22430","1",""
"22431","1","To Shore"
"22431","2","To Shore"
"22431","3","To Shore"
"22434","1","Rigs-to-Reef"
"22436","1","To Shore"
"22437","1",""
"22438","1","To Shore"
"22442","1","To Shore"
"22442","2","To Shore"
"22442","3","To Shore"
"22444","1","To Shore"
"22445","1","To Shore"
"22446","1",""
"22447","1","To Shore"
"22447","2","To Shore"
"22448","1","To Shore"
"22448","2","To Shore"
"22450","1",""
"22451","1","Rigs-to-Reef"
"22452","1","To Shore"
"22453","1","To Shore"
"22454","1","To Shore"
"22455","1","To Shore"
"22456","1","To Shore"
"22456","2","To Shore"
"22457","1",""
"22458","1","To Shore"
"22459","1",""
"22459","2",""
"22460","1",""
"22461","1","To Shore"
"22462","1",""
"22462","2",""
"22464","1","To Shore"
"22465","1","To Shore"
"22466","1",""
"22467","1","To Shore"
"22468","1","To Shore"
"22471","1","To Shore"
"22472","1","To Shore"
"22472","2","To Shore"
"22473","1","Rigs-to-Reef"
"22473","2","Rigs-to-Reef"
"22476","1",""
"22477","1",""
"22479","1",""
"22480","1",""
"22481","1",""
"22482","1",""
"22482","2",""
"22483","1",""
"22484","1","To Shore"
"22485","1","To Shore"
"22488","1","Rigs-to-Reef"
"22489","1",""
"22491","1",""
"22492","1",""
"22493","1","Rigs-to-Reef"
"22494","1",""
"22496","1","To Shore"
"22496","2",""
"22498","1","To Shore"
"22499","1","To Shore"
"22500","1","To Shore"
"22501","1","To Shore"
"22501","3","To Shore"
"22502","1",""
"22503","1",""
"22504","1",""
"22505","1","To Shore"
"22507","1","To Shore"
"22508","1",""
"22509","1","To Shore"
"22510","1",""
"22511","1",""
"22512","1","To Shore"
"22515","1",""
"22516","1",""
"20886","1",""
"20887","1","To Shore"
"20887","2","To Shore"
"20888","1","To Shore"
"20888","2","To Shore"
"20888","3","To Shore"
"20889","1","To Shore"
"20890","1","To Shore"
"20892","1",""
"20893","1",""
"20894","1",""
"20895","1","To Shore"
"20896","1",""
"20897","1",""
"20898","1","To Shore"
"20898","2","To Shore"
"20898","3","To Shore"
"20899","1","To Shore"
"20900","1","To Shore"
"20901","1","To Shore"
"20902","1","To Shore"
"20903","1",""
"20904","1","To Shore"
"20905","1",""
"20906","1",""
"20907","1",""
"20908","1",""
"20909","1","To Shore"
"20910","1","To Shore"
"20911","1","To Shore"
"20913","1",""
"20913","2",""
"20914","1","To Shore"
"20914","3","To Shore"
"20914","4",""
"20915","1",""
"20916","1","Rigs-to-Reef"
"20917","1",""
"20917","3",""
"20918","1",""
"20919","1","To Shore"
"20919","2","Rigs-to-Reef"
"20920","1","To Shore"
"20920","2","To Shore"
"20921","1","Rigs-to-Reef"
"20922","1","To Shore"
"20922","2","To Shore"
"20923","1","To Shore"
"20923","2","To Shore"
"20924","1",""
"20925","1","To Shore"
"20926","1","To Shore"
"20927","1",""
"20928","2","To Shore"
"20929","1",""
"20930","1","To Shore"
"20931","1","To Shore"
"20931","2","To Shore"
"20932","1","To Shore"
"20933","1","To Shore"
"20934","1","To Shore"
"20934","2",""
"20934","3","To Shore"
"20935","1","To Shore"
"20936","1",""
"20937","1","To Shore"
"20938","1",""
"20939","1","To Shore"
"20939","2","To Shore"
"20939","3","To Shore"
"20940","1","Rigs-to-Reef"
"20940","2","Rigs-to-Reef"
"20942","1","To Shore"
"20943","1","To Shore"
"20944","1","To Shore"
"20946","1",""
"20947","1","Rigs-to-Reef"
"20947","2","To Shore"
"20947","3","To Shore"
"20947","4","To Shore"
"20948","1",""
"20949","1","To Shore"
"20950","1","To Shore"
"20951","1",""
"20952","1",""
"20953","1","To Shore"
"20954","1","To Shore"
"20955","1",""
"20956","1","To Shore"
"20958","1","Rigs-to-Reef"
"20958","2","Rigs-to-Reef"
"20959","1","Rigs-to-Reef"
"20960","1","To Shore"
"20962","1","To Shore"
"20963","1","To Shore"
"20964","1","To Shore"
"20965","1","To Shore"
"20970","1","To Shore"
"20971","1","To Shore"
"20973","1","To Shore"
"20974","1",""
"20975","1",""
"20976","1","To Shore"
"20979","1","To Shore"
"20980","1","To Shore"
"20981","1","To Shore"
"20982","1","To Shore"
"20983","1",""
"20984","1","To Shore"
"20985","1",""
"20986","1","To Shore"
"20987","1",""
"20988","1","To Shore"
"20989","1","To Shore"
"20991","1",""
"20992","1","To Shore"
"20994","1",""
"20995","1",""
"20996","1",""
"20997","1",""
"20998","1","To Shore"
"20999","1",""
"21000","1",""
"21002","1","Rigs-to-Reef"
"21003","1","To Shore"
"21004","1","To Shore"
"21004","2","To Shore"
"21005","1","To Shore"
"21005","2","To Shore"
"21006","1","Rigs-to-Reef"
"21008","1","Rigs-to-Reef"
"21009","1","To Shore"
"21010","1","To Shore"
"21012","1","To Shore"
"21013","1","To Shore"
"21014","1",""
"21015","1",""
"21016","1","To Shore"
"21017","1",""
"21018","1",""
"21019","1","To Shore"
"21020","1","To Shore"
"21021","1","To Shore"
"21022","1","To Shore"
"21023","1","To Shore"
"21024","1",""
"21025","1","To Shore"
"21026","1",""
"21027","1","To Shore"
"21028","1","To Shore"
"21029","1","To Shore"
"21030","1","To Shore"
"21030","2",""
"21030","3","To Shore"
"21030","4",""
"21031","1","To Shore"
"21031","2","To Shore"
"21032","1","To Shore"
"21032","2","To Shore"
"21033","1","To Shore"
"21035","1","To Shore"
"21035","2","To Shore"
"21035","3","To Shore"
"21035","4","To Shore"
"21036","1",""
"21037","1","To Shore"
"21037","2","Rigs-to-Reef"
"21038","1",""
"21039","1",""
"21040","1",""
"21041","1",""
"21041","2",""
"21043","1","To Shore"
"21043","2","To Shore"
"21044","1",""
"21045","1","To Shore"
"21046","1",""
"21047","1",""
"21048","1",""
"21049","1","To Shore"
"21050","1","To Shore"
"21051","1","To Shore"
"21052","1","To Shore"
"21053","1","To Shore"
"21054","1","To Shore"
"21056","1",""
"21057","1","To Shore"
"21058","1",""
"21059","1","To Shore"
"21060","1",""
"21061","1",""
"21062","1","To Shore"
"21063","1",""
"21064","1","To Shore"
"21065","1","To Shore"
"21066","1","To Shore"
"21067","1","To Shore"
"21068","1","To Shore"
"21069","1","To Shore"
"21071","1","To Shore"
"21072","1","To Shore"
"21073","1","To Shore"
"21074","1","To Shore"
"21075","1","To Shore"
"21076","1",""
"21077","1",""
"21078","1","To Shore"
"21079","1","To Shore"
"21080","1","To Shore"
"21081","1","To Shore"
"21082","1",""
"21083","1","To Shore"
"21084","1",""
"21085","1","To Shore"
"21086","1","To Shore"
"21087","1","To Shore"
"21089","1","To Shore"
"21091","1","To Shore"
"21092","1","To Shore"
"21093","1","To Shore"
"21094","1",""
"21095","1","To Shore"
"21096","1","To Shore"
"21099","1","To Shore"
"21101","1","To Shore"
"21102","1",""
"21103","1","To Shore"
"21104","1","To Shore"
"21105","1","To Shore"
"21106","1","To Shore"
"21107","1","To Shore"
"21109","1",""
"21110","1",""
"21111","1",""
"21112","1",""
"21113","1","To Shore"
"21114","1","To Shore"
"21116","1","To Shore"
"21117","1",""
"21118","1",""
"21119","1",""
"21120","1",""
"21121","1","To Shore"
"21122","1","To Shore"
"21123","1","To Shore"
"21124","1","To Shore"
"21125","1",""
"21126","1","To Shore"
"21127","1","To Shore"
"21128","1","To Shore"
"21129","1",""
"21130","1",""
"21131","1",""
"21132","1",""
"21133","1",""
"21134","1","To Shore"
"21135","1","To Shore"
"21136","1","Rigs-to-Reef"
"21137","1","To Shore"
"21137","2",""
"21138","1","To Shore"
"21138","2","To Shore"
"21138","3","To Shore"
"21138","4","To Shore"
"21139","1",""
"21140","1","To Shore"
"21141","1",""
"21143","1",""
"21144","1","Rigs-to-Reef"
"21145","1",""
"21145","2",""
"21146","1",""
"21147","1","To Shore"
"21154","1","To Shore"
"21156","1",""
"21158","1","To Shore"
"21159","1","To Shore"
"21160","1",""
"21162","1","To Shore"
"21164","1","To Shore"
"21169","1","Rigs-to-Reef"
"21170","1","To Shore"
"21170","2","To Shore"
"21170","3","To Shore"
"21170","4","To Shore"
"21171","1",""
"21172","1",""
"21173","1",""
"21174","1",""
"21175","1",""
"21176","1",""
"21177","1","To Shore"
"21178","1",""
"21179","1",""
"21180","1",""
"21181","1",""
"21182","1","To Shore"
"21183","1",""
"21184","1",""
"21185","1",""
"21186","1",""
"21187","1",""
"21188","1","To Shore"
"21189","1","To Shore"
"21190","1",""
"21191","1",""
"21192","1",""
"21193","1","To Shore"
"21194","1","To Shore"
"21195","1",""
"21196","1",""
"21197","1","To Shore"
"21198","1",""
"21199","1","To Shore"
"21200","1",""
"21201","1","To Shore"
"10040","1",""
"10041","1","To Shore"
"10043","1",""
"10044","1","To Shore"
"10045","1",""
"10046","1","To Shore"
"10047","1","To Shore"
"10048","1",""
"10049","1",""
"10050","1","To Shore"
"10051","1","To Shore"
"10052","1",""
"10053","1","To Shore"
"10054","1","To Shore"
"10055","1","To Shore"
"10056","1",""
"10056","2",""
"10056","3",""
"10057","1","Rigs-to-Reef"
"10059","1","Rigs-to-Reef"
"10060","1","Rigs-to-Reef"
"10061","1","Rigs-to-Reef"
"10062","1","Rigs-to-Reef"
"10063","1","Rigs-to-Reef"
"10064","1","Rigs-to-Reef"
"10065","1","Rigs-to-Reef"
"10067","1","Rigs-to-Reef"
"10068","1","Rigs-to-Reef"
"10069","1","To Shore"
"10072","1","Rigs-to-Reef"
"10073","1","Rigs-to-Reef"
"10076","1","Rigs-to-Reef"
"10077","1","Rigs-to-Reef"
"10078","1","Rigs-to-Reef"
"10080","1",""
"10081","1","Rigs-to-Reef"
"10081","2","Rigs-to-Reef"
"10083","1",""
"10084","1","Rigs-to-Reef"
"10085","1","Rigs-to-Reef"
"10086","1","Rigs-to-Reef"
"10087","1","Rigs-to-Reef"
"10088","1","Rigs-to-Reef"
"10088","3","To Shore"
"10089","1","Rigs-to-Reef"
"10090","1","Rigs-to-Reef"
"10092","1","Rigs-to-Reef"
"10096","1","Rigs-to-Reef"
"10099","1",""
"10100","1","To Shore"
"10101","1",""
"10102","1","Rigs-to-Reef"
"10103","1","To Shore"
"10103","2","To Shore"
"10103","3","To Shore"
"10104","1","Rigs-to-Reef"
"10105","1","To Shore"
"10105","2","To Shore"
"10106","1","Rigs-to-Reef"
"10107","1","Rigs-to-Reef"
"10107","2","Rigs-to-Reef"
"10108","1",""
"10108","2",""
"10108","3",""
"10109","1","To Shore"
"10110","1","Rigs-to-Reef"
"10111","1","To Shore"
"10112","1","Rigs-to-Reef"
"10112","2","Rigs-to-Reef"
"10113","1","Rigs-to-Reef"
"10114","1","Rigs-to-Reef"
"10115","1","Rigs-to-Reef"
"10117","1","To Shore"
"10118","1","Rigs-to-Reef"
"10118","2","Rigs-to-Reef"
"10119","1","Rigs-to-Reef"
"10120","1","Rigs-to-Reef"
"10121","1","Rigs-to-Reef"
"10122","1","Rigs-to-Reef"
"10122","2",""
"10123","1","Rigs-to-Reef"
"10124","1","Rigs-to-Reef"
"10125","1","To Shore"
"10126","1",""
"10127","1","Rigs-to-Reef"
"10127","2","Rigs-to-Reef"
"10129","1",""
"10129","2",""
"10130","1",""
"10131","1",""
"10132","1","Rigs-to-Reef"
"10133","1","Rigs-to-Reef"
"10134","1","Rigs-to-Reef"
"10136","1","To Shore"
"10137","1",""
"10138","1","Rigs-to-Reef"
"10139","1","Rigs-to-Reef"
"10141","1","To Shore"
"10142","1",""
"10142","2",""
"10145","1","To Shore"
"10146","1","To Shore"
"10146","2","To Shore"
"10146","3","To Shore"
"10147","1","Rigs-to-Reef"
"10148","1","Rigs-to-Reef"
"10149","1","Rigs-to-Reef"
"10150","1",""
"10151","1",""
"10152","1",""
"10153","1","Rigs-to-Reef"
"10154","1","Rigs-to-Reef"
"10155","1",""
"10155","2",""
"10156","1","Rigs-to-Reef"
"10157","1","To Shore"
"10158","1","Rigs-to-Reef"
"10159","1","To Shore"
"10159","2","To Shore"
"10160","1","Rigs-to-Reef"
"10161","1","Rigs-to-Reef"
"10162","1","Rigs-to-Reef"
"10163","1","Rigs-to-Reef"
"10163","2","Rigs-to-Reef"
"10163","3",""
"10165","1","Rigs-to-Reef"
"10166","1",""
"10167","1",""
"10168","1",""
"10169","1","To Shore"
"10171","1","Rigs-to-Reef"
"10172","1","To Shore"
"10172","2","To Shore"
"10173","1","Rigs-to-Reef"
"10174","1",""
"10176","1","To Shore"
"10177","1","Rigs-to-Reef"
"10179","1","Rigs-to-Reef"
"10180","1",""
"10181","1",""
"10182","1",""
"10183","1",""
"10184","1",""
"10184","2","To Shore"
"10185","1",""
"10185","2",""
"10186","1","Rigs-to-Reef"
"10187","1",""
"10188","1",""
"10189","1","To Shore"
"10190","1","To Shore"
"10191","1","Rigs-to-Reef"
"10192","1","Rigs-to-Reef"
"10193","1","To Shore"
"10195","1","Rigs-to-Reef"
"10196","1","To Shore"
"10197","1","Rigs-to-Reef"
"10198","1","Rigs-to-Reef"
"10199","1","To Shore"
"10199","2","To Shore"
"10199","3","To Shore"
"10201","1","To Shore"
"10201","2","Rigs-to-Reef"
"10202","1","Rigs-to-Reef"
"10203","1","Rigs-to-Reef"
"10203","2","Rigs-to-Reef"
"10204","1","Rigs-to-Reef"
"10205","1","To Shore"
"10205","2","To Shore"
"10206","1","Rigs-to-Reef"
"10207","1",""
"10208","1","To Shore"
"10209","1","To Shore"
"10210","1","Rigs-to-Reef"
"10210","2","Rigs-to-Reef"
"10210","3","To Shore"
"10211","1",""
"10213","1","To Shore"
"10213","2","To Shore"
"10214","1","To Shore"
"10215","1",""
"10216","1","To Shore"
"10217","1","Rigs-to-Reef"
"10218","1",""
"10219","1","To Shore"
"10220","1","Rigs-to-Reef"
"10221","1","To Shore"
"10222","1","To Shore"
"10224","1","Rigs-to-Reef"
"10225","2","To Shore"
"10225","3","To Shore"
"10225","4","To Shore"
"10226","1","Rigs-to-Reef"
"10229","1","Rigs-to-Reef"
"10231","1",""
"10232","1","To Shore"
"10233","1","Rigs-to-Reef"
"10234","1","Rigs-to-Reef"
"10235","1","Rigs-to-Reef"
"10236","1","Rigs-to-Reef"
"10238","1","To Shore"
"10238","2","To Shore"
"10239","1","To Shore"
"10240","1",""
"10241","1",""
"10242","1","Rigs-to-Reef"
"10243","1",""
"10244","1",""
"10245","1","Rigs-to-Reef"
"10246","1",""
"10247","1",""
"10248","1",""
"10250","1","To Shore"
"10250","2","Rigs-to-Reef"
"10251","1","Rigs-to-Reef"
"10252","1","Rigs-to-Reef"
"10253","1","Rigs-to-Reef"
"10254","1","To Shore"
"10255","1",""
"10256","1",""
"10257","1","Rigs-to-Reef"
"10258","1","Rigs-to-Reef"
"10260","1","Rigs-to-Reef"
"10262","1",""
"10263","1","To Shore"
"10264","1","To Shore"
"10266","1","To Shore"
"10268","1","To Shore"
"10269","1",""
"10270","1","Rigs-to-Reef"
"10271","1","Rigs-to-Reef"
"10273","1","Rigs-to-Reef"
"10274","1","To Shore"
"10275","1",""
"10276","1",""
"10277","1","To Shore"
"10278","1",""
"10279","1",""
"10280","1","To Shore"
"10280","2","To Shore"
"10281","1","To Shore"
"10282","1",""
"10283","1",""
"10284","1","Rigs-to-Reef"
"10287","1",""
"10288","1",""
"10289","1","Rigs-to-Reef"
"10291","1",""
"10292","1","To Shore"
"10293","1",""
"10294","1","Reuse"
"10295","1","To Shore"
"10296","1","To Shore"
"10299","1","Rigs-to-Reef"
"10301","1",""
"10302","1",""
"10303","1","To Shore"
"10304","1",""
"10305","1",""
"10306","1",""
"10306","2",""
"10307","1",""
"10308","1",""
"10309","1",""
"10311","1","To Shore"
"10312","1","To Shore"
"10313","1","Rigs-to-Reef"
"10314","1","To Shore"
"10315","1","To Shore"
"10316","1","To Shore"
"10317","1",""
"10318","1","To Shore"
"10319","1",""
"10320","1","To Shore"
"10320","2","To Shore"
"10321","1",""
"10322","1",""
"10323","1",""
"10324","1","To Shore"
"10325","1","To Shore"
"10326","1","To Shore"
"10327","1","To Shore"
"10328","1","To Shore"
"10329","1",""
"10330","1",""
"10331","1","Rigs-to-Reef"
"10332","1","To Shore"
"10333","1",""
"10334","1","To Shore"
"10335","1",""
"10336","1",""
"10337","1","To Shore"
"10337","2","To Shore"
"10338","1","To Shore"
"10339","1",""
"10340","1","To Shore"
"10341","1",""
"10342","1","To Shore"
"10343","1","To Shore"
"10344","1","To Shore"
"10346","1","Rigs-to-Reef"
"10347","1","To Shore"
"10348","1","To Shore"
"10349","1",""
"10350","1","To Shore"
"10351","1","Rigs-to-Reef"
"10352","1",""
"10353","1","To Shore"
"10354","1","Rigs-to-Reef"
"10355","1","Rigs-to-Reef"
"10356","1",""
"10357","1","To Shore"
"10357","2","To Shore"
"10358","1","To Shore"
"10359","1",""
"10360","1","To Shore"
"10361","1","To Shore"
"10362","1","To Shore"
"10363","1","To Shore"
"10364","1","To Shore"
"10365","1","To Shore"
"10366","1","Rigs-to-Reef"
"10367","1","To Shore"
"10368","1","To Shore"
"10369","1","Rigs-to-Reef"
"10370","1","To Shore"
"10371","1","To Shore"
"10372","1","Rigs-to-Reef"
"10373","1","To Shore"
"10374","1","To Shore"
"10376","1","To Shore"
"10377","1","Rigs-to-Reef"
"10378","1","Rigs-to-Reef"
"10379","1",""
"10380","1",""
"10381","1","To Shore"
"10382","1","Rigs-to-Reef"
"10383","1","To Shore"
"10384","1","To Shore"
"10385","1",""
"10386","1",""
"10387","1","To Shore"
"10388","1","To Shore"
"10389","1",""
"10392","1",""
"10393","1","Rigs-to-Reef"
"10394","1","To Shore"
"10395","1","To Shore"
"10397","1","To Shore"
"10398","1","To Shore"
"10399","1","Rigs-to-Reef"
"10400","1","Rigs-to-Reef"
"10401","1",""
"10402","1",""
"10403","1",""
"10404","1",""
"10405","1",""
"10406","1","To Shore"
"10407","1",""
"10408","1",""
"10409","1",""
"10410","1",""
"10411","1","To Shore"
"10412","1",""
"10413","1",""
"10414","1",""
"10415","1",""
"10416","1",""
"10417","1",""
"10419","1",""
"10420","1","To Shore"
"10421","1",""
"10422","1",""
"10423","1","To Shore"
"10424","1","To Shore"
"10425","1",""
"10426","1","To Shore"
"10427","1",""
"10428","1","To Shore"
"10429","1",""
"10429","2",""
"10429","3",""
"10429","4",""
"10430","1","To Shore"
"10431","1","To Shore"
"10432","1",""
"10433","1",""
"10434","1",""
"10435","1",""
"10436","1",""
"10437","1","Rigs-to-Reef"
"10438","1",""
"10439","1",""
"10440","1","To Shore"
"10442","1",""
"10443","1",""
"10444","1",""
"10445","1","To Shore"
"10446","1","To Shore"
"10447","1",""
"10448","1","To Shore"
"10449","1","To Shore"
"10451","1",""
"10452","1","To Shore"
"10452","2","To Shore"
"10452","3",""
"10453","1","To Shore"
"10454","1",""
"10455","1",""
"10456","1","To Shore"
"10457","1","To Shore"
"10458","1",""
"10459","1",""
"10460","1","Rigs-to-Reef"
"10462","1","To Shore"
"10463","1","To Shore"
"10465","1",""
"10466","1",""
"10467","1",""
"10468","1","To Shore"
"10469","1",""
"10471","1",""
"10472","1",""
"10473","1",""
"10474","1",""
"10475","1",""
"10476","1","To Shore"
"10477","1",""
"10478","1",""
"10479","1","To Shore"
"10480","1","To Shore"
"10481","1",""
"10482","1","To Shore"
"10483","1",""
"10484","1",""
"10485","1",""
"10487","1",""
"10488","1",""
"10489","1","Rigs-to-Reef"
"10490","1","Rigs-to-Reef"
"10491","1",""
"10492","1","To Shore"
"10493","1",""
"10494","1",""
"10495","1",""
"10496","1","To Shore"
"10497","1",""
"10498","1",""
"10499","1","Reuse"
"10501","1",""
"10502","1","To Shore"
"10503","1","To Shore"
"10504","1",""
"10505","1","To Shore"
"10506","1",""
"10507","1",""
"10508","1","To Shore"
"10509","1","To Shore"
"10510","1","To Shore"
"10511","1",""
"10512","1","Rigs-to-Reef"
"10513","1",""
"10514","1",""
"10515","1","To Shore"
"10516","1",""
"10517","1","Rigs-to-Reef"
"10518","1","To Shore"
"10519","1",""
"10520","1","To Shore"
"10521","1","To Shore"
"10521","2","To Shore"
"10522","1","To Shore"
"10523","1",""
"10525","1",""
"10526","1",""
"10527","1","To Shore"
"10528","1","To Shore"
"10529","1",""
"10530","1","To Shore"
"10531","1","To Shore"
"10532","1",""
"10533","1",""
"10534","1","To Shore"
"10535","1","To Shore"
"10536","1",""
"10537","1","To Shore"
"10538","1",""
"10539","1","To Shore"
"10540","1",""
"10541","1","To Shore"
"10542","1","To Shore"
"10543","1","Rigs-to-Reef"
"10544","1","To Shore"
"10545","4","Rigs-to-Reef"
"10546","1",""
"10547","1","To Shore"
"10548","1",""
"10549","1","Rigs-to-Reef"
"10550","1","To Shore"
"10552","1","To Shore"
"10553","1","To Shore"
"10554","1","To Shore"
"10555","1","To Shore"
"10557","1",""
"10558","1","To Shore"
"10559","1",""
"10560","1","To Shore"
"10561","1","Reuse"
"10562","1",""
"10563","1","To Shore"
"10565","1",""
"10566","1",""
"10567","1",""
"10568","1","To Shore"
"10569","1",""
"10570","1",""
"10571","1","To Shore"
"10573","1","To Shore"
"10575","1","To Shore"
"10577","1","Reuse"
"10579","1",""
"10580","1",""
"10581","1",""
"10583","1",""
"10584","1",""
"10586","1","To Shore"
"10587","1",""
"10588","1",""
"10589","1","To Shore"
"10590","1",""
"10593","1","Rigs-to-Reef"
"10594","1",""
"10596","1",""
"10598","1",""
"20001","1",""
"20003","1","To Shore"
"20004","1","To Shore"
"20006","1","To Shore"
"20007","1","To Shore"
"20007","2",""
"20009","1","To Shore"
"20009","2","To Shore"
"20010","1",""
"20012","1",""
"20013","1",""
"20013","2",""
"20014","1",""
"20016","1","To Shore"
"20017","1","To Shore"
"20018","1","Rigs-to-Reef"
"20019","1","To Shore"
"20022","1","To Shore"
"20023","1","To Shore"
"20024","1","To Shore"
"20025","1","Rigs-to-Reef"
"20026","1","Rigs-to-Reef"
"20028","1","Rigs-to-Reef"
"20030","1","Rigs-to-Reef"
"20031","1","Rigs-to-Reef"
"20033","1","Rigs-to-Reef"
"20034","1","Rigs-to-Reef"
"20037","1","To Shore"
"20038","1",""
"20039","1","To Shore"
"20040","1","To Shore"
"20041","1","To Shore"
"20042","1","To Shore"
"20044","1","To Shore"
"20045","1","To Shore"
"20045","2","To Shore"
"20048","1","To Shore"
"20050","1","To Shore"
"20052","1","To Shore"
"20053","1",""
"20054","1",""
"20057","2",""
"20058","1","To Shore"
"20058","2","To Shore"
"20059","1",""
"20062","1",""
"20064","1",""
"20066","1","To Shore"
"20068","1","To Shore"
"20069","1","Rigs-to-Reef"
"20070","1","Rigs-to-Reef"
"20071","1","Rigs-to-Reef"
"20072","1","Rigs-to-Reef"
"20072","2","Rigs-to-Reef"
"20073","1","Rigs-to-Reef"
"20074","1","Rigs-to-Reef"
"20075","2",""
"20077","1","Rigs-to-Reef"
"20078","1","To Shore"
"20079","1","To Shore"
"20080","1","To Shore"
"20081","1","To Shore"
"20083","1",""
"20086","1","To Shore"
"20090","1","To Shore"
"20091","1",""
"20098","1","To Shore"
"20105","1","Rigs-to-Reef"
"20107","1",""
"20113","1","To Shore"
"20113","2","To Shore"
"20115","1","To Shore"
"20116","1",""
"20117","1","To Shore"
"20118","1","To Shore"
"20119","1","To Shore"
"20120","1","To Shore"
"20121","1","To Shore"
"20122","1",""
"20123","1","To Shore"
"20124","1",""
"20125","1",""
"20126","1","To Shore"
"20127","1",""
"20128","1","To Shore"
"20129","1","To Shore"
"20129","2","To Shore"
"20129","3","To Shore"
"20130","1","To Shore"
"20131","1","To Shore"
"20132","1","To Shore"
"20133","1",""
"20134","1","To Shore"
"20135","1","To Shore"
"20136","1","To Shore"
"20137","1",""
"20137","2",""
"20139","1","To Shore"
"20140","1","To Shore"
"20141","1",""
"20142","1",""
"20143","1",""
"20144","1",""
"20146","1",""
"20151","1",""
"20153","1",""
"20154","1",""
"20155","1",""
"20156","1",""
"20157","1",""
"20158","1",""
"20160","1","To Shore"
"20164","1","Rigs-to-Reef"
"20165","1","Rigs-to-Reef"
"20168","1","To Shore"
"20169","1",""
"20170","1","To Shore"
"20171","1","To Shore"
"20172","1","To Shore"
"20173","1","To Shore"
"20174","1","To Shore"
"20175","1","To Shore"
"20176","1","To Shore"
"20177","1","To Shore"
"20178","1","To Shore"
"20179","1",""
"20181","1",""
"20185","2","To Shore"
"20186","1",""
"20187","1","To Shore"
"20191","1","To Shore"
"20195","1","Rigs-to-Reef"
"20198","1",""
"20198","2",""
"20205","1","To Shore"
"20208","1",""
"20209","1","To Shore"
"20209","2","To Shore"
"20210","1","To Shore"
"20211","1","To Shore"
"20212","1","To Shore"
"20214","1",""
"20215","1","To Shore"
"20216","1",""
"20218","1","To Shore"
"20220","1","Rigs-to-Reef"
"20222","1","Rigs-to-Reef"
"20223","1","Rigs-to-Reef"
"20224","1","Rigs-to-Reef"
"20225","1","Rigs-to-Reef"
"20225","2","Rigs-to-Reef"
"20230","1","Rigs-to-Reef"
"20231","1","Rigs-to-Reef"
"20233","1","To Shore"
"20234","1","To Shore"
"20235","1",""
"20236","1",""
"20237","1",""
"20238","1",""
"20239","1",""
"20240","1",""
"20242","1","To Shore"
"20243","1",""
"20244","1",""
"20245","1",""
"20246","1","To Shore"
"20248","1",""
"20250","1",""
"20251","1","To Shore"
"20252","1","To Shore"
"20253","1",""
"20254","1",""
"20255","1",""
"20256","1","To Shore"
"20257","1","To Shore"
"20258","1",""
"20259","1",""
"20260","1",""
"20261","1","To Shore"
"20262","1",""
"20263","1",""
"20264","1","To Shore"
"20265","1",""
"20267","1",""
"20268","1","To Shore"
"20269","1","To Shore"
"20270","1","To Shore"
"20271","4",""
"20273","1","To Shore"
"20274","1","To Shore"
"20279","1","To Shore"
"20283","1","To Shore"
"20286","1",""
"20286","2",""
"20287","1",""
"20288","1","To Shore"
"20289","1","To Shore"
"20291","1","To Shore"
"20294","1","To Shore"
"20298","1","To Shore"
"20307","1","To Shore"
"20309","1","To Shore"
"20321","1","Rigs-to-Reef"
"20322","1","Rigs-to-Reef"
"20323","1","Rigs-to-Reef"
"20324","1","To Shore"
"20325","1","To Shore"
"20327","1","Rigs-to-Reef"
"20330","1","To Shore"
"20330","2","To Shore"
"20330","3","To Shore"
"20334","1",""
"20335","1","To Shore"
"20337","1",""
"20338","1","To Shore"
"20339","1",""
"20343","1","To Shore"
"20348","1","To Shore"
"20349","1","To Shore"
"20357","1","To Shore"
"20362","1","To Shore"
"20363","1","To Shore"
"20367","1","To Shore"
"20368","1","To Shore"
"20369","1","To Shore"
"20370","1","To Shore"
"20372","1","To Shore"
"20373","1","Rigs-to-Reef"
"20373","2","Rigs-to-Reef"
"20374","1","Rigs-to-Reef"
"20377","1",""
"20382","1",""
"20382","2",""
"20384","1","To Shore"
"20395","1",""
"20406","1","To Shore"
"20409","1","Rigs-to-Reef"
"20410","1","To Shore"
"20410","2","To Shore"
"20410","3","To Shore"
"20411","1",""
"20411","2",""
"20412","1",""
"20413","1",""
"20414","1",""
"20415","1",""
"20416","1",""
"20417","1","To Shore"
"20419","1",""
"20419","2","To Shore"
"20420","1",""
"20421","1","To Shore"
"20422","1","To Shore"
"20423","1","To Shore"
"20424","1","To Shore"
"20425","1","To Shore"
"20426","1","To Shore"
"20427","1",""
"20428","1",""
"20429","1",""
"20430","1","To Shore"
"20431","1","To Shore"
"20432","1",""
"20433","1",""
"20434","1","To Shore"
"20435","1","To Shore"
"20436","1",""
"20437","1","To Shore"
"20439","1",""
"20439","2","To Shore"
"20442","1",""
"20443","1","To Shore"
"20444","1","To Shore"
"20445","1","Rigs-to-Reef"
"20446","1","Rigs-to-Reef"
"20447","1","Rigs-to-Reef"
"20449","1","Rigs-to-Reef"
"20450","1","Rigs-to-Reef"
"20451","1",""
"20451","2",""
"20452","1","To Shore"
"20459","1",""
"20459","2",""
"20465","1",""
"20465","2",""
"20466","1","To Shore"
"20472","1",""
"20476","3",""
"20477","1",""
"20479","2",""
"20480","1",""
"20481","1","Rigs-to-Reef"
"20483","1",""
"20487","1","To Shore"
"20488","1","To Shore"
"20489","1","To Shore"
"20490","1","To Shore"
"20491","1","Rigs-to-Reef"
"20491","2","To Shore"
"20492","1","To Shore"
"20494","1",""
"20494","2",""
"20495","1","To Shore"
"20496","1",""
"20496","2","To Shore"
"20497","1","To Shore"
"20498","1","To Shore"
"20498","2","To Shore"
"20499","1",""
"20500","1","To Shore"
"20501","1","To Shore"
"20502","1","To Shore"
"20503","1","To Shore"
"20504","1","To Shore"
"20505","1","To Shore"
"20506","1","To Shore"
"20508","1","Reuse"
"20508","2","To Shore"
"20509","1","To Shore"
"20509","2","To Shore"
"20511","1","Rigs-to-Reef"
"20512","1",""
"20513","1",""
"20514","1",""
"20515","1","To Shore"
"20516","1","To Shore"
"20517","1","To Shore"
"20518","1","To Shore"
"20519","1","To Shore"
"20520","1","To Shore"
"20521","1","To Shore"
"20522","1",""
"20523","1","Reuse"
"20523","2","Reuse"
"20523","3","To Shore"
"20524","1","To Shore"
"20525","1",""
"20526","1",""
"20526","2",""
"20527","1","Rigs-to-Reef"
"20528","1",""
"20528","2",""
"20529","1",""
"20530","1","To Shore"
"20532","1",""
"20533","1","To Shore"
"20533","2","To Shore"
"20534","1","Rigs-to-Reef"
"20535","1","To Shore"
"20536","1","Rigs-to-Reef"
"20538","1","To Shore"
"20539","1","To Shore"
"20540","1","To Shore"
"20541","1","To Shore"
"20542","1",""
"20543","1",""
"20548","1","To Shore"
"20552","1","To Shore"
"20553","1",""
"20554","1","To Shore"
"20555","1",""
"20556","1","To Shore"
"20557","1","Rigs-to-Reef"
"20559","1","To Shore"
"20560","1",""
"20561","1",""
"20562","1",""
"20563","1","Rigs-to-Reef"
"20564","1",""
"20565","1","To Shore"
"20566","1","To Shore"
"20567","1","To Shore"
"20576","1","Rigs-to-Reef"
"20577","1","Rigs-to-Reef"
"20579","1","Rigs-to-Reef"
"20580","1","Rigs-to-Reef"
"20581","1","Rigs-to-Reef"
"20582","1","Rigs-to-Reef"
"20583","1","Rigs-to-Reef"
"20584","1","Rigs-to-Reef"
"20585","1","Rigs-to-Reef"
"20586","1","To Shore"
"20588","1","To Shore"
"20589","1",""
"2","1","To Shore"
"3","1","To Shore"
"4","1",""
"5","1","To Shore"
"8","1","Rigs-to-Reef"
"10","1","To Shore"
"11","1","To Shore"
"12","1","To Shore"
"13","1","To Shore"
"14","1","To Shore"
"16","1","To Shore"
"17","1","To Shore"
"25","1","To Shore"
"26","1","To Shore"
"27","1","To Shore"
"28","1","To Shore"
"29","1",""
"31","1","To Shore"
"32","1","Rigs-to-Reef"
"35","1",""
"37","1","To Shore"
"38","1","To Shore"
"39","1",""
"40","1","To Shore"
"43","1","To Shore"
"45","1",""
"46","1","Rigs-to-Reef"
"47","1",""
"55","1","To Shore"
"55","2","To Shore"
"57","1","To Shore"
"58","1","To Shore"
"60","1","To Shore"
"61","1","To Shore"
"67","1","Rigs-to-Reef"
"68","1",""
"74","1","To Shore"
"77","1","To Shore"
"78","1","To Shore"
"79","1","To Shore"
"80","1","To Shore"
"81","1","Rigs-to-Reef"
"84","1","To Shore"
"85","1","Rigs-to-Reef"
"87","1","Rigs-to-Reef"
"89","1","To Shore"
"90","1","To Shore"
"91","1","To Shore"
"92","1","To Shore"
"93","1",""
"94","1","To Shore"
"95","1","To Shore"
"96","1","Rigs-to-Reef"
"97","1","Rigs-to-Reef"
"98","1","To Shore"
"103","1","To Shore"
"104","1","Rigs-to-Reef"
"114","1","To Shore"
"116","1","To Shore"
"117","1","To Shore"
"121","1","To Shore"
"123","1","To Shore"
"124","1","Rigs-to-Reef"
"125","1","To Shore"
"126","1","Rigs-to-Reef"
"131","1",""
"132","1","To Shore"
"134","1","To Shore"
"135","1","To Shore"
"136","1","To Shore"
"137","1","Rigs-to-Reef"
"139","1","To Shore"
"139","2","To Shore"
"141","1","To Shore"
"144","1","To Shore"
"146","1","To Shore"
"148","1",""
"150","1","To Shore"
"151","1","To Shore"
"152","1","To Shore"
"159","1","Rigs-to-Reef"
"160","1","To Shore"
"163","1","To Shore"
"164","1",""
"165","1","To Shore"
"166","1",""
"167","1","To Shore"
"168","1","To Shore"
"169","1","Reuse"
"172","1","To Shore"
"173","1","To Shore"
"174","1",""
"175","1","To Shore"
"177","1",""
"178","1","To Shore"
"179","1","To Shore"
"180","1","To Shore"
"182","1","To Shore"
"189","1","To Shore"
"191","1",""
"194","1","To Shore"
"197","1","To Shore"
"199","1","To Shore"
"200","1","To Shore"
"201","1","To Shore"
"202","1","To Shore"
"206","1","To Shore"
"208","1","To Shore"
"213","1",""
"216","1",""
"217","1","To Shore"
"218","1","To Shore"
"218","2","To Shore"
"219","1","To Shore"
"220","1","To Shore"
"221","1","To Shore"
"222","1",""
"229","1","To Shore"
"230","1",""
"231","1","To Shore"
"232","1","To Shore"
"232","2","To Shore"
"233","1","To Shore"
"234","1","Rigs-to-Reef"
"236","1","To Shore"
"239","1",""
"240","1","To Shore"
"242","1","To Shore"
"243","1","To Shore"
"245","1","To Shore"
"245","2","To Shore"
"248","1","To Shore"
"249","1","To Shore"
"250","1","To Shore"
"252","1","To Shore"
"253","1","Rigs-to-Reef"
"254","1","Rigs-to-Reef"
"255","1","To Shore"
"256","1",""
"257","2","To Shore"
"259","1","To Shore"
"260","1",""
"261","1","To Shore"
"263","1","To Shore"
"264","1","To Shore"
"265","1","Rigs-to-Reef"
"266","1","To Shore"
"269","1","To Shore"
"272","1",""
"274","1","To Shore"
"275","1","To Shore"
"278","1","To Shore"
"279","1","To Shore"
"283","1",""
"285","1",""
"286","1","To Shore"
"290","1","Rigs-to-Reef"
"292","1","To Shore"
"293","1","To Shore"
"294","1","To Shore"
"295","1","To Shore"
"296","1","To Shore"
"298","1",""
"299","1","To Shore"
"302","1",""
"304","1",""
"305","1","To Shore"
"306","1","To Shore"
"308","1","To Shore"
"309","1",""
"311","1","To Shore"
"312","1","To Shore"
"313","1","Reuse"
"317","1","To Shore"
"319","1","To Shore"
"320","1",""
"350","1",""
"351","1","To Shore"
"352","1","To Shore"
"353","1",""
"354","1","To Shore"
"356","1","To Shore"
"360","1","To Shore"
"361","1","Rigs-to-Reef"
"362","1","To Shore"
"363","1",""
"364","1",""
"367","1","To Shore"
"368","1","To Shore"
"371","1","To Shore"
"371","2","To Shore"
"372","1","To Shore"
"373","1","To Shore"
"374","1","To Shore"
"374","2","To Shore"
"375","1","To Shore"
"383","1",""
"387","1","To Shore"
"390","1","To Shore"
"391","1","To Shore"
"393","1",""
"394","1","To Shore"
"395","1","To Shore"
"396","1","To Shore"
"397","1","To Shore"
"398","1",""
"399","1","To Shore"
"406","1",""
"409","1","To Shore"
"411","1","To Shore"
"413","1","To Shore"
"417","1","To Shore"
"419","1","To Shore"
"421","1","To Shore"
"432","1","To Shore"
"435","1","To Shore"
"452","1","To Shore"
"455","1","To Shore"
"456","1","To Shore"
"457","1","To Shore"
"458","1","To Shore"
"465","1","To Shore"
"466","1",""
"470","1","To Shore"
"471","1","To Shore"
"472","1",""
"473","1","To Shore"
"479","1","To Shore"
"480","1","To Shore"
"484","1","To Shore"
"486","1",""
"490","1","To Shore"
"510","1","Reuse"
"511","1","To Shore"
"512","1","To Shore"
"514","2","To Shore"
"518","1","To Shore"
"521","1",""
"523","2","To Shore"
"523","3","To Shore"
"524","1","To Shore"
"524","2","To Shore"
"524","3","To Shore"
"526","1","To Shore"
"529","1","To Shore"
"530","1","To Shore"
"531","1","To Shore"
"533","1","To Shore"
"535","1","To Shore"
"536","1","To Shore"
"537","1","To Shore"
"546","1","Reuse"
"551","1","To Shore"
"553","1","Rigs-to-Reef"
"554","1","To Shore"
"568","1","To Shore"
"569","1","To Shore"
"571","1","To Shore"
"574","1","To Shore"
"574","2","To Shore"
"576","1","To Shore"
"578","1",""
"579","1","To Shore"
"580","1","To Shore"
"582","1","To Shore"
"583","1","To Shore"
"584","1","To Shore"
"587","1","To Shore"
"591","1","To Shore"
"592","1",""
"594","1","To Shore"
"595","1","Rigs-to-Reef"
"597","1","To Shore"
"598","1","To Shore"
"599","1","To Shore"
"600","1","To Shore"
"602","1","To Shore"
"603","1","To Shore"
"605","1","To Shore"
"606","1","Reuse"
"608","1","To Shore"
"609","1","To Shore"
"610","1","To Shore"
"611","1","To Shore"
"612","1","To Shore"
"618","1","Rigs-to-Reef"
"621","1","Reuse"
"624","1","Rigs-to-Reef"
"625","1",""
"626","1","To Shore"
"627","1","To Shore"
"629","1","To Shore"
"632","1",""
"633","1","To Shore"
"634","1","Rigs-to-Reef"
"635","1","To Shore"
"636","1","To Shore"
"637","1","To Shore"
"639","1","To Shore"
"640","1",""
"642","1","To Shore"
"644","1","Rigs-to-Reef"
"648","1","Reuse"
"650","1","To Shore"
"654","1","To Shore"
"661","1","To Shore"
"662","1","To Shore"
"664","1","Rigs-to-Reef"
"665","1","To Shore"
"666","1","To Shore"
"668","1","To Shore"
"669","1","To Shore"
"672","1","To Shore"
"673","1","To Shore"
"676","1","To Shore"
"678","1","To Shore"
"680","1",""
"683","1","To Shore"
"684","1",""
"685","1","To Shore"
"690","1","To Shore"
"698","1","To Shore"
"699","1","To Shore"
"702","1","To Shore"
"705","1","Reuse"
"706","1","To Shore"
"707","1","Rigs-to-Reef"
"708","1","To Shore"
"711","1","To Shore"
"712","1","To Shore"
"713","1","Reuse"
"718","1",""
"721","1","To Shore"
"723","1","To Shore"
"725","1","To Shore"
"729","1","To Shore"
"730","1","To Shore"
"731","1","To Shore"
"735","1","Rigs-to-Reef"
"736","1","To Shore"
"737","1","To Shore"
"740","1","To Shore"
"742","1","To Shore"
"743","1","To Shore"
"743","2","To Shore"
"743","3","To Shore"
"744","1","To Shore"
"751","1","Rigs-to-Reef"
"756","1","To Shore"
"759","1",""
"761","1","Rigs-to-Reef"
"762","1",""
"763","1","To Shore"
"763","2","To Shore"
"769","1","Reuse"
"770","1","Rigs-to-Reef"
"773","1","To Shore"
"775","1","To Shore"
"776","1","To Shore"
"776","2","To Shore"
"777","1","To Shore"
"778","1","To Shore"
"779","1","To Shore"
"785","1","To Shore"
"789","1","To Shore"
"790","1","To Shore"
"793","1","To Shore"
"794","1","Rigs-to-Reef"
"795","1","To Shore"
"796","1","To Shore"
"798","1","To Shore"
"799","1",""
"800","1","To Shore"
"801","1",""
"803","1","To Shore"
"804","1","To Shore"
"805","1","To Shore"
"806","1","Rigs-to-Reef"
"808","1","To Shore"
"809","1","To Shore"
"810","1","To Shore"
"812","1","To Shore"
"813","1","To Shore"
"814","1","To Shore"
"815","1","To Shore"
"815","2","To Shore"
"816","1","To Shore"
"817","1","To Shore"
"818","1","Reuse"
"819","1","To Shore"
"821","1","Rigs-to-Reef"
"823","1","To Shore"
"827","1","Rigs-to-Reef"
"828","1","To Shore"
"829","1","To Shore"
"830","1",""
"831","1","Rigs-to-Reef"
"832","1","To Shore"
"836","1",""
"837","1","To Shore"
"842","1","To Shore"
"844","1","To Shore"
"845","1","To Shore"
"846","1","To Shore"
"847","1","To Shore"
"848","1","To Shore"
"849","1","To Shore"
"849","2","To Shore"
"851","1",""
"853","1","To Shore"
"854","1","To Shore"
"855","1","To Shore"
"856","1","To Shore"
"859","1","Rigs-to-Reef"
"860","1","To Shore"
"861","1","To Shore"
"862","1","To Shore"
"863","1","To Shore"
"866","1","To Shore"
"870","1","To Shore"
"874","1","To Shore"
"877","1","To Shore"
"878","1","To Shore"
"883","1","To Shore"
"884","1",""
"886","1","To Shore"
"887","1","To Shore"
"888","1","To Shore"
"889","1","To Shore"
"890","1","To Shore"
"891","1","To Shore"
"893","1","To Shore"
"894","1","To Shore"
"895","1",""
"898","1","To Shore"
"899","1","To Shore"
"902","1","To Shore"
"907","1","To Shore"
"909","1","To Shore"
"910","1","To Shore"
"911","1","To Shore"
"912","1","To Shore"
"914","1","To Shore"
"915","1","To Shore"
"917","1","To Shore"
"918","1","To Shore"
"920","1","To Shore"
"921","1","To Shore"
"927","1","To Shore"
"929","1","To Shore"
"930","1","Reuse"
"931","1","To Shore"
"933","1","To Shore"
"934","1",""
"935","1","Rigs-to-Reef"
"941","1","To Shore"
"942","1","To Shore"
"945","1","To Shore"
"947","1","To Shore"
"948","1","To Shore"
"949","1","To Shore"
"950","1","To Shore"
"953","1","To Shore"
"954","1","To Shore"
"956","1","To Shore"
"957","1","Reuse"
"958","1","Rigs-to-Reef"
"959","1","To Shore"
"960","1","To Shore"
"962","1","Rigs-to-Reef"
"964","1","To Shore"
"967","1","To Shore"
"968","1","To Shore"
"969","1","To Shore"
"970","1","To Shore"
"972","1","To Shore"
"973","1",""
"974","1",""
"975","1","To Shore"
"976","1","To Shore"
"992","1","Rigs-to-Reef"
"994","1","To Shore"
"996","1","To Shore"
"998","1","To Shore"
"1002","1","To Shore"
"1003","1","To Shore"
"1004","1","Rigs-to-Reef"
"1005","1","To Shore"
"1006","1","To Shore"
"1007","1","Rigs-to-Reef"
"1008","1","To Shore"
"1009","1","To Shore"
"1011","1","Rigs-to-Reef"
"1014","1","To Shore"
"1015","1","To Shore"
"1019","1","To Shore"
"1020","1","To Shore"
"1021","1","To Shore"
"1022","1","To Shore"
"1023","1",""
"1025","1","To Shore"
"1026","1","To Shore"
"1029","1","To Shore"
"1030","1","Reuse"
"1032","1","To Shore"
"1033","1","To Shore"
"1037","1","To Shore"
"1038","1","Rigs-to-Reef"
"1039","1","To Shore"
"1040","1","To Shore"
"1041","1","To Shore"
"1042","1","To Shore"
"1043","1","To Shore"
"1044","1","Reuse"
"1046","1","To Shore"
"1047","1","To Shore"
"1048","1","To Shore"
"1048","2","To Shore"
"1050","1","To Shore"
"1051","1","To Shore"
"1053","1","To Shore"
"1054","1","To Shore"
"1055","1","Rigs-to-Reef"
"1057","1",""
"1058","1","To Shore"
"1059","1","To Shore"
"1060","1","To Shore"
"1061","1","To Shore"
"1062","1","To Shore"
"1063","1","To Shore"
"1064","1","To Shore"
"1070","1","Reuse"
"1075","1","To Shore"
"1079","1","To Shore"
"1082","1","To Shore"
"1085","1","To Shore"
"1087","1","To Shore"
"1089","1","To Shore"
"1091","1","To Shore"
"1092","1","To Shore"
"1095","1","To Shore"
"1096","1","To Shore"
"1097","1","To Shore"
"1098","1","To Shore"
"1099","1","To Shore"
"1100","1",""
"1105","1","Reuse"
"1107","1","Reuse"
"1109","1","To Shore"
"1110","1","To Shore"
"1111","1","To Shore"
"1112","1","To Shore"
"1113","1","To Shore"
"1115","1","To Shore"
"1116","1","Rigs-to-Reef"
"1118","1","To Shore"
"1119","1","To Shore"
"1120","1","To Shore"
"1122","1","To Shore"
"1125","1","To Shore"
"1127","1","To Shore"
"1128","1","To Shore"
"1136","1","To Shore"
"1137","1","To Shore"
"1139","1","Rigs-to-Reef"
"1142","1","To Shore"
"1144","1","To Shore"
"1147","1","To Shore"
"1149","1","Reuse"
"1150","1","Reuse"
"1154","1","Reuse"
"1155","1","To Shore"
"1156","1","To Shore"
"1157","1","To Shore"
"1160","1","To Shore"
"1161","1","To Shore"
"1165","1","Rigs-to-Reef"
"1167","1","To Shore"
"1168","1","Reuse"
"1171","1","To Shore"
"1172","1","To Shore"
"1174","1","To Shore"
"1177","1","To Shore"
"1178","1","To Shore"
"1179","1","Rigs-to-Reef"
"1180","1","To Shore"
"1183","1","Rigs-to-Reef"
"1184","1","To Shore"
"1187","1","To Shore"
"1188","1","To Shore"
"1189","1","To Shore"
"1190","1","To Shore"
"1193","1","To Shore"
"1195","1","To Shore"
"1196","1","To Shore"
"1202","1","To Shore"
"1203","1","To Shore"
"1205","1","Rigs-to-Reef"
"1206","1","To Shore"
"1208","1","To Shore"
"1213","1","To Shore"
"1213","2","To Shore"
"1217","1","To Shore"
"1219","1","To Shore"
"1222","1","To Shore"
"1226","1","To Shore"
"1228","1","To Shore"
"1229","1","To Shore"
"1231","1","To Shore"
"1232","1","To Shore"
"1233","1","Rigs-to-Reef"
"1234","1","To Shore"
"1237","1","To Shore"
"1238","1","To Shore"
"1239","1","To Shore"
"1240","1","To Shore"
"1242","1","To Shore"
"1243","1","To Shore"
"1243","2","To Shore"
"1245","1","To Shore"
"1245","2","To Shore"
"1248","1","Reuse"
"1252","2","Reuse"
"1254","1","To Shore"
"1255","1",""
"1257","1","To Shore"
"1259","1","To Shore"
"1262","1","To Shore"
"1264","1","Rigs-to-Reef"
"1267","1","To Shore"
"1270","1","To Shore"
"1271","1","To Shore"
"1275","1","To Shore"
"1276","1","To Shore"
"1277","1","To Shore"
"1278","1","To Shore"
"1280","1","Rigs-to-Reef"
"1286","1","To Shore"
"1289","1","To Shore"
"1291","1","To Shore"
"1292","1","To Shore"
"1296","1","To Shore"
"1296","2","To Shore"
"1297","1",""
"1299","1","Reuse"
"1300","1","To Shore"
"1301","1","To Shore"
"1302","1","To Shore"
"1303","1","Rigs-to-Reef"
"1307","1","To Shore"
"1308","1","To Shore"
"1309","1","To Shore"
"1310","1","To Shore"
"1311","1","To Shore"
"1312","1","To Shore"
"1313","1","To Shore"
"1315","1","To Shore"
"1316","1","To Shore"
"1319","1","Rigs-to-Reef"
"1320","1","Rigs-to-Reef"
"1322","1","To Shore"
"1326","1","To Shore"
"1327","1","To Shore"
"1328","1","To Shore"
"1331","1","To Shore"
"1333","1","Rigs-to-Reef"
"1335","1","To Shore"
"1336","1","To Shore"
"1339","1","To Shore"
"1340","1","To Shore"
"1345","1","To Shore"
"1351","1","To Shore"
"1352","1","To Shore"
"1358","1","To Shore"
"1360","1","To Shore"
"1366","1","To Shore"
"1373","1","To Shore"
"1377","1","Reuse"
"1378","1","To Shore"
"1382","1","To Shore"
"1384","1","Rigs-to-Reef"
"1389","1","To Shore"
"1390","1","To Shore"
"1391","1","To Shore"
"1392","1","To Shore"
"1394","1","To Shore"
"1397","1","To Shore"
"1399","1","Rigs-to-Reef"
"1402","1","To Shore"
"1403","1","To Shore"
"1404","1","To Shore"
"1405","1","To Shore"
"1406","1","To Shore"
"1409","1","To Shore"
"1414","1","To Shore"
"1417","1","To Shore"
"1418","1","To Shore"
"1419","1","To Shore"
"1424","1","To Shore"
"1425","1","To Shore"
"1430","1","Rigs-to-Reef"
"1431","1","Reuse"
"1432","1","To Shore"
"1447","1","Rigs-to-Reef"
"1453","1","To Shore"
"1455","1","To Shore"
"1457","1",""
"1458","1","To Shore"
"1461","1","To Shore"
"1462","1","To Shore"
"1464","1","To Shore"
"1465","1","To Shore"
"1466","1","To Shore"
"1470","1","To Shore"
"1471","1","To Shore"
"1472","1","To Shore"
"1474","1","To Shore"
"1475","1","To Shore"
"1477","1","To Shore"
"1478","1","To Shore"
"1479","1","To Shore"
"1480","1","To Shore"
"1481","1","To Shore"
"1483","1","To Shore"
"1484","1","To Shore"
"1485","1","To Shore"
"1486","1","To Shore"
"1486","2","To Shore"
"1490","2","Reuse"
"1491","1","To Shore"
"1492","1","To Shore"
"1493","1","Reuse"
"1494","1","To Shore"
"1495","1","To Shore"
"1496","1","To Shore"
"1497","1","To Shore"
"1498","1","To Shore"
"1502","1","To Shore"
"1503","1","To Shore"
"1504","1","To Shore"
"1511","1","To Shore"
"1512","1","To Shore"
"1513","1","Rigs-to-Reef"
"1514","1","To Shore"
"1515","1","To Shore"
"1516","1","To Shore"
"1519","1","To Shore"
"1520","1","To Shore"
"1522","1","To Shore"
"1522","2","To Shore"
"1524","1","To Shore"
"1527","1","To Shore"
"1530","1","To Shore"
"1532","1","To Shore"
"1533","1","To Shore"
"1536","1","To Shore"
"1537","1","To Shore"
"1538","1","To Shore"
"1540","1","To Shore"
"1542","1","To Shore"
"1545","1","To Shore"
"1547","1","To Shore"
"1548","1","To Shore"
"1549","1","Reuse"
"1550","1","Rigs-to-Reef"
"1555","1","To Shore"
"1557","1","To Shore"
"1558","1","To Shore"
"1565","1","Reuse"
"1566","1","To Shore"
"1567","1","To Shore"
"1567","2","To Shore"
"1569","1","To Shore"
"1570","1","To Shore"
"1570","2","To Shore"
"1571","1","To Shore"
"1576","1","To Shore"
"1578","1","To Shore"
"1580","1","To Shore"
"1581","1","To Shore"
"1582","1","To Shore"
"1584","1","To Shore"
"1585","1","To Shore"
"1587","1","To Shore"
"1589","1","To Shore"
"1593","1",""
"1599","1","To Shore"
"1601","1","To Shore"
"1604","1","To Shore"
"1606","1","To Shore"
"1607","1","To Shore"
"1607","2","To Shore"
"1608","1","To Shore"
"1610","1","To Shore"
"1612","1","Rigs-to-Reef"
"1613","1","To Shore"
"1617","1","To Shore"
"1618","1","To Shore"
"1619","1","To Shore"
"1620","1","To Shore"
"1620","2","To Shore"
"1620","3","To Shore"
"1621","1","To Shore"
"1622","1","To Shore"
"1623","1","To Shore"
"1627","1","To Shore"
"1629","1","To Shore"
"1631","1","Rigs-to-Reef"
"1633","1","To Shore"
"1634","1","To Shore"
"1635","1","To Shore"
"1636","1","To Shore"
"1640","1","To Shore"
"1642","1","To Shore"
"1644","1","To Shore"
"1645","1","To Shore"
"1649","1","Rigs-to-Reef"
"1651","1","To Shore"
"1651","2","To Shore"
"1652","1","To Shore"
"1657","1","To Shore"
"1658","1","To Shore"
"1660","1","Reuse"
"1661","1","To Shore"
"1663","1","To Shore"
"1666","1","To Shore"
"1670","1","To Shore"
"1674","1","To Shore"
"1677","1","To Shore"
"1678","1","To Shore"
"1681","1","To Shore"
"1682","1","Reuse"
"1682","2","Reuse"
"1686","1","To Shore"
"1687","1","To Shore"
"1690","1","To Shore"
"1692","1","To Shore"
"1694","1","To Shore"
"1695","1","To Shore"
"1699","1","To Shore"
"1700","1","Reuse"
"1705","1","To Shore"
"1706","1","To Shore"
"1709","1","To Shore"
"1712","1","To Shore"
"1714","1","Reuse"
"1715","1","Reuse"
"1717","1","To Shore"
"1719","1","To Shore"
"1723","1","To Shore"
"1724","1","To Shore"
"1725","1","To Shore"
"1729","1","To Shore"
"1730","1","To Shore"
"1731","1","Rigs-to-Reef"
"1732","1","To Shore"
"1733","1","To Shore"
"1734","1","To Shore"
"1735","1","To Shore"
"1739","1","To Shore"
"1742","1","To Shore"
"1743","1","To Shore"
"1744","1","To Shore"
"1746","1","To Shore"
"1747","1","To Shore"
"1749","1","To Shore"
"1750","1","To Shore"
"1752","1","To Shore"
"1756","1","To Shore"
"1757","1","To Shore"
"1758","1","Rigs-to-Reef"
"1759","1","To Shore"
"1760","1","To Shore"
"1761","1","To Shore"
"1766","1","To Shore"
"1767","1","To Shore"
"1771","1","To Shore"
"1772","1","To Shore"
"1774","1","Reuse"
"1775","1","To Shore"
"1776","1","To Shore"
"1777","1","To Shore"
"1779","1","To Shore"
"1781","1","To Shore"
"1785","1","To Shore"
"1787","1","To Shore"
"1791","1","To Shore"
"1792","1","To Shore"
"1795","1","To Shore"
"1796","1","To Shore"
"1797","1","To Shore"
"50003","1","To Shore"
"50004","1","To Shore"
"50005","1","To Shore"
"50008","1",""
"50011","1","To Shore"
"50012","1","To Shore"
"50013","1",""
"50014","1","To Shore"
"50015","1","To Shore"
"60000","1","To Shore"
"60001","1","To Shore"
"70000","1","To Shore"
"70001","1",""
"70002","1","To Shore"
"70006","1",""
"70007","1","To Shore"
"70008","1","To Shore"
"70009","1","To Shore"
"70011","1","To Shore"
"70013","1","To Shore"
"70014","1",""
"70015","1",""
"70018","1","To Shore"
"70019","1","To Shore"
"70020","1","To Shore"
"70021","1","To Shore"
"70025","1","To Shore"
"70027","1","To Shore"
"70028","1",""
"80001","1","To Shore"
"80003","1","To Shore"
"80005","1","To Shore"
"80006","1",""
"80007","1","To Shore"
"80008","1",""
"80009","1","To Shore"
"80010","1","To Shore"
"80011","1","To Shore"
"80012","1","To Shore"
"80013","1","To Shore"
"80014","1","Rigs-to-Reef"
"80015","1","Rigs-to-Reef"
"80018","1","To Shore"
"80019","1","To Shore"
"80021","1",""
"80022","1","To Shore"
"80023","1","To Shore"
"80024","1","To Shore"
"80025","1",""
"80026","1","To Shore"
"80027","1","To Shore"
"80029","1","To Shore"
"80030","1","To Shore"
"80034","1","To Shore"
"80036","1","To Shore"
"80037","1","To Shore"
"90000","1","To Shore"
"90003","1",""
"90004","1","To Shore"
"90005","1","To Shore"
"90006","1","To Shore"
"90007","1",""
"90009","1","To Shore"
"90011","1","To Shore"
"90012","1",""
"90013","1","To Shore"
"90016","1","To Shore"
"90018","1",""
"90022","1",""
"90023","1","Reuse"
"90024","1","To Shore"
"90025","1","To Shore"
"90026","1","To Shore"
"90027","1","To Shore"
"22517","1",""
"22518","1",""
"22519","1","To Shore"
"22520","1",""
"22521","1",""
"22524","1","To Shore"
"22525","1","To Shore"
"22526","1",""
"22527","1",""
"22527","2","To Shore"
"22527","3","To Shore"
"22528","1","To Shore"
"22530","1","To Shore"
"22532","1","To Shore"
"22533","1","To Shore"
"22534","1",""
"22535","1","To Shore"
"22536","1","To Shore"
"22537","1","To Shore"
"22539","1",""
"22540","1","To Shore"
"22541","1","To Shore"
"22541","2","To Shore"
"22542","1",""
"22543","1",""
"22545","1",""
"22548","1",""
"22549","1",""
"22550","1",""
"22551","1",""
"22552","1","To Shore"
"22554","1","To Shore"
"22555","1",""
"22556","1","To Shore"
"22557","1","To Shore"
"22558","1","To Shore"
"22559","1",""
"22560","1",""
"22562","1",""
"22563","1",""
"22567","1",""
"22568","1","To Shore"
"22569","1","To Shore"
"22571","1",""
"22571","2",""
"22572","1",""
"22573","1",""
"22574","1",""
"22575","1","Rigs-to-Reef"
"22575","2","Rigs-to-Reef"
"22577","1",""
"22578","1",""
"22579","1","To Shore"
"22580","1",""
"22581","1","To Shore"
"22582","1","To Shore"
"22583","1","Rigs-to-Reef"
"22584","1",""
"22585","1","To Shore"
"22586","1","To Shore"
"22587","1",""
"22588","1",""
"22590","1","To Shore"
"22591","1",""
"22592","1","To Shore"
"22593","1","Rigs-to-Reef"
"22594","1",""
"22595","1",""
"22595","2",""
"22595","3",""
"22596","1","To Shore"
"22597","2","To Shore"
"22604","1",""
"22606","1","Rigs-to-Reef"
"22607","1",""
"22608","1","To Shore"
"22609","1","To Shore"
"22612","1","To Shore"
"22614","1","To Shore"
"22615","1","Rigs-to-Reef"
"22617","1","Rigs-to-Reef"
"22618","1",""
"22620","1",""
"22621","1",""
"22623","1",""
"22624","1","To Shore"
"22625","1","To Shore"
"22626","1","To Shore"
"22627","1","To Shore"
"22627","2","To Shore"
"22627","3","To Shore"
"22628","1","To Shore"
"22629","1","Rigs-to-Reef"
"22630","2","To Shore"
"22632","1","To Shore"
"22633","1",""
"22634","1","To Shore"
"22635","1","To Shore"
"22636","1",""
"22638","1","To Shore"
"22639","1",""
"22640","1",""
"22641","1","To Shore"
"22642","1",""
"22643","1","To Shore"
"22644","1","To Shore"
"22645","1",""
"22646","1",""
"22648","1","To Shore"
"22649","1",""
"22650","1","To Shore"
"22652","1",""
"22653","1",""
"22654","1","To Shore"
"22656","1",""
"22656","2",""
"22658","1",""
"22659","1","To Shore"
"22660","1",""
"22661","1",""
"22665","1","To Shore"
"22666","1",""
"22667","1",""
"22668","1",""
"22669","1",""
"22670","1","To Shore"
"22671","1",""
"22672","1",""
"22673","1",""
"22673","2",""
"22678","1","To Shore"
"22680","1",""
"22681","1",""
"22682","1","To Shore"
"22682","2","To Shore"
"22682","3","To Shore"
"22682","4",""
"22683","1",""
"22684","1","To Shore"
"22686","1","To Shore"
"22687","1","Rigs-to-Reef"
"22688","1",""
"22689","1","To Shore"
"22690","1","To Shore"
"22691","1","To Shore"
"22693","1",""
"22694","1",""
"22696","1","Rigs-to-Reef"
"22697","1","Rigs-to-Reef"
"22698","1",""
"22700","1",""
"22700","2",""
"22700","3",""
"22702","1","To Shore"
"22702","2","To Shore"
"22702","3","To Shore"
"22703","1","To Shore"
"22705","1","Rigs-to-Reef"
"22706","1","To Shore"
"22708","1","To Shore"
"22709","1",""
"22710","1",""
"22712","1",""
"22714","1","To Shore"
"22715","1",""
"22718","1",""
"22719","1",""
"22720","1",""
"22722","1",""
"22723","1","To Shore"
"22724","1",""
"22725","1",""
"22727","1","Rigs-to-Reef"
"22729","1",""
"22730","1",""
"22731","1","To Shore"
"22732","1","To Shore"
"22733","1","Rigs-to-Reef"
"22734","1",""
"22735","1",""
"22736","1","To Shore"
"22737","1",""
"22740","1","To Shore"
"22741","1","To Shore"
"22742","1","Rigs-to-Reef"
"22745","1",""
"22747","1","Rigs-to-Reef"
"22748","1","To Shore"
"22750","1","To Shore"
"22750","2","To Shore"
"22753","1","To Shore"
"22753","2","To Shore"
"22754","1","To Shore"
"22755","1",""
"22756","1","To Shore"
"22758","1","To Shore"
"22759","1","Rigs-to-Reef"
"22760","1","To Shore"
"22761","1","To Shore"
"22762","1","Rigs-to-Reef"
"22764","1","To Shore"
"22765","1",""
"22768","1","To Shore"
"22770","1","To Shore"
"22771","2","To Shore"
"22772","1",""
"22773","1",""
"22774","1","Rigs-to-Reef"
"22775","1",""
"22777","1","Rigs-to-Reef"
"22779","1",""
"22780","1",""
"22780","2","To Shore"
"22781","1","To Shore"
"22782","1",""
"22783","1",""
"22784","1",""
"22785","1","To Shore"
"22786","1","To Shore"
"22787","1","To Shore"
"22788","1","To Shore"
"22789","1","To Shore"
"22790","1",""
"22791","1","To Shore"
"22792","1",""
"22793","1","To Shore"
"22794","1","To Shore"
"22795","1",""
"22796","1",""
"22797","1",""
"22799","1",""
"22800","1",""
"22801","1",""
"22802","1",""
"22806","1","To Shore"
"22807","1",""
"22808","1",""
"22809","1",""
"22810","1",""
"22811","1","To Shore"
"22814","1","To Shore"
"22815","1",""
"22816","1",""
"22817","1",""
"22818","1","To Shore"
"22819","1",""
"22820","1","To Shore"
"22821","1",""
"22822","1",""
"22823","1",""
"22824","1",""
"22825","1",""
"22826","1",""
"22827","1",""
"22828","1","To Shore"
"22828","2","To Shore"
"22828","3","To Shore"
"22829","1",""
"22830","1","Reuse"
"22831","1","To Shore"
"22832","1","To Shore"
"22833","1",""
"22834","1",""
"22835","1",""
"22836","1",""
"22837","1","Rigs-to-Reef"
"22838","1","To Shore"
"22840","1","Rigs-to-Reef"
"22841","1","To Shore"
"22842","1",""
"22845","1",""
"22845","2",""
"22846","1","Rigs-to-Reef"
"22848","1","To Shore"
"22849","1","Rigs-to-Reef"
"22850","1",""
"22851","1",""
"22852","1",""
"22853","1",""
"22855","1","To Shore"
"22856","1","To Shore"
"22857","1","To Shore"
"22860","1",""
"22861","1","To Shore"
"22862","1","To Shore"
"22863","1","To Shore"
"22866","1","To Shore"
"22867","1",""
"22868","1",""
"22869","1",""
"22870","1","To Shore"
"22871","1",""
"22872","1",""
"22873","1",""
"22874","1","To Shore"
"22879","1","To Shore"
"22880","1",""
"22881","1","Reuse"
"22882","1","To Shore"
"22883","1",""
"22885","1",""
"22887","1",""
"22889","1","To Shore"
"22890","1",""
"22892","1","To Shore"
"22893","1",""
"22894","1","To Shore"
"22897","1",""
"22898","1",""
"22899","1","Rigs-to-Reef"
"22900","1",""
"22900","2",""
"22901","2","To Shore"
"22902","1",""
"22903","1",""
"22904","1","To Shore"
"22906","1","To Shore"
"22907","1",""
"22908","1",""
"22923","1",""
"22924","1",""
"22925","1","Reuse"
"22926","1",""
"22927","1","To Shore"
"22928","1","Rigs-to-Reef"
"22928","2","Rigs-to-Reef"
"22929","1","To Shore"
"22930","1",""
"22931","1",""
"22932","1",""
"22933","1",""
"22934","1","To Shore"
"22936","1","To Shore"
"22938","1",""
"22939","1",""
"22942","1",""
"22943","1",""
"22944","1",""
"22944","2",""
"22944","3",""
"22946","1",""
"22947","1","To Shore"
"22948","1",""
"22949","1","To Shore"
"22950","1","To Shore"
"22951","1",""
"22952","1",""
"22953","1","To Shore"
"22955","1","To Shore"
"22956","1","To Shore"
"22957","1","Rigs-to-Reef"
"22958","1",""
"22958","2",""
"22959","1","To Shore"
"22960","1",""
"22962","1",""
"22964","1","To Shore"
"22965","1",""
"22967","1","To Shore"
"22967","2","To Shore"
"22968","1","To Shore"
"22969","1",""
"22970","1",""
"22971","1",""
"22972","1",""
"22973","1",""
"22974","1","To Shore"
"22975","1",""
"22976","1","To Shore"
"22978","1",""
"22980","1",""
"22981","1","Rigs-to-Reef"
"22981","2","Rigs-to-Reef"
"22982","1",""
"22983","1",""
"22984","1",""
"22985","1","Rigs-to-Reef"
"22986","1","Rigs-to-Reef"
"22987","1","To Shore"
"22987","2","To Shore"
"22987","3","To Shore"
"22988","1",""
"22989","1",""
"22990","1",""
"22992","1","To Shore"
"22993","1",""
"22995","1","To Shore"
"22995","2","To Shore"
"22996","1",""
"22997","1",""
"22998","1",""
"22999","1","To Shore"
"23000","1","To Shore"
"23001","1",""
"23002","1","To Shore"
"23003","1","To Shore"
"23004","1","Rigs-to-Reef"
"23006","1",""
"23008","1","To Shore"
"23009","1","Rigs-to-Reef"
"23010","1",""
"23011","1","Rigs-to-Reef"
"23012","1","To Shore"
"23013","1","To Shore"
"23013","2","To Shore"
"23013","3","To Shore"
"23015","1","Rigs-to-Reef"
"23015","2","Rigs-to-Reef"
"23016","1","To Shore"
"23017","1","To Shore"
"23019","1",""
"23020","1",""
"23024","1","To Shore"
"23028","1",""
"23029","1",""
"23030","1","Rigs-to-Reef"
"23031","1","To Shore"
"23033","1","To Shore"
"23034","1",""
"23035","1",""
"23036","1","To Shore"
"23037","1",""
"23038","1",""
"23039","1","Rigs-to-Reef"
"23040","1",""
"23041","1","To Shore"
"23042","1",""
"23044","1","To Shore"
"23048","1","To Shore"
"23052","1","To Shore"
"23053","1",""
"23055","1",""
"23056","1",""
"23058","1",""
"23059","1",""
"23060","1","To Shore"
"23061","1",""
"23063","1","Rigs-to-Reef"
"23064","1",""
"23066","1","To Shore"
"23068","1",""
"23070","1","To Shore"
"23073","1","To Shore"
"23075","1","To Shore"
"23076","1","To Shore"
"23076","2","To Shore"
"23078","1",""
"23079","1",""
"23081","1",""
"23082","1",""
"23084","1",""
"23087","1","To Shore"
"23088","1","To Shore"
"23089","1",""
"23090","1",""
"23091","1","To Shore"
"23092","1",""
"23093","1","To Shore"
"23094","1","To Shore"
"23097","1",""
"23098","1","To Shore"
"23099","1",""
"23100","1","To Shore"
"23102","1",""
"23104","1",""
"23105","1","To Shore"
"23106","1",""
"23108","2","To Shore"
"23111","1",""
"23113","1",""
"23113","2",""
"23117","1","Rigs-to-Reef"
"23118","1","To Shore"
"23121","1",""
"23121","2",""
"23121","3",""
"23122","1",""
"23124","1",""
"23125","1","To Shore"
"23126","1",""
"23127","1",""
"23128","1",""
"23129","1","To Shore"
"23132","1","To Shore"
"23133","1","To Shore"
"23134","1","To Shore"
"23135","1",""
"23136","1","Rigs-to-Reef"
"23137","1","To Shore"
"23138","1",""
"23140","1",""
"23142","1","Rigs-to-Reef"
"23143","1","To Shore"
"23144","1","To Shore"
"23145","1","To Shore"
"23147","1","To Shore"
"23148","1","To Shore"
"23149","1",""
"23152","1",""
"23153","1","To Shore"
"23153","2","To Shore"
"23156","1","To Shore"
"23158","1","To Shore"
"23160","1","To Shore"
"23161","1",""
"23163","1","Rigs-to-Reef"
"23164","1",""
"23168","1",""
"23168","2",""
"23169","1",""
"23170","1","To Shore"
"23171","1",""
"23172","1",""
"23172","2","To Shore"
"23173","1","To Shore"
"23174","1","To Shore"
"23175","1","To Shore"
"23175","2","To Shore"
"23175","3","To Shore"
"23176","1",""
"23177","1",""
"23178","1","To Shore"
"23179","1",""
"23180","1","To Shore"
"23181","1","To Shore"
"23181","2","To Shore"
"23181","3","To Shore"
"23182","1",""
"23183","1","To Shore"
"23184","1",""
"23184","2",""
"23185","1","To Shore"
"23186","1",""
"23187","1",""
"23188","1","Reuse"
"23191","1",""
"23193","1",""
"23193","2",""
"23194","1","To Shore"
"23198","1",""
"23200","1","To Shore"
"23201","1",""
"23202","1",""
"23203","1","To Shore"
"23204","1","To Shore"
"23204","2","To Shore"
"23205","1",""
"23205","2",""
"23209","1","Rigs-to-Reef"
"23209","2","Rigs-to-Reef"
"23210","1","To Shore"
"23211","1",""
"23213","1","To Shore"
"23214","1",""
"23215","1","To Shore"
"23216","1",""
"23217","1","To Shore"
"23218","1",""
"23219","1","To Shore"
"23221","1","To Shore"
"23222","1","To Shore"
"23225","1",""
"23226","1",""
"23227","1",""
"23228","1",""
"23231","1",""
"23232","1",""
"23233","1",""
"23242","1",""
"23244","1",""
"23245","1","To Shore"
"23246","1",""
"23247","1",""
"23248","1",""
"23249","1",""
"23250","1",""
"23251","1",""
"23252","1","To Shore"
"23254","1","To Shore"
"23255","1","To Shore"
"23256","1",""
"23257","1","To Shore"
"23258","1",""
"23259","1",""
"23260","1",""
"23261","1",""
"23262","1",""
"23263","1",""
"23264","1","To Shore"
"23264","2","To Shore"
"23265","1","To Shore"
"23265","2","To Shore"
"23266","1","Rigs-to-Reef"
"23267","1","To Shore"
"23268","1","Rigs-to-Reef"
"23269","1","To Shore"
"23269","2","To Shore"
"23270","1",""
"23270","2",""
"23270","3",""
"23270","4",""
"23270","5",""
"23270","6",""
"23270","7",""
"23270","8",""
"23270","9",""
"23270","10",""
"23271","1",""
"23272","1","To Shore"
"23273","1",""
"23274","1","To Shore"
"23275","1",""
"23276","1",""
"23282","1","To Shore"
"23283","1","To Shore"
"23285","1",""
"23285","2",""
"23286","1","Rigs-to-Reef"
"23287","1","To Shore"
"23288","1",""
"23290","1","To Shore"
"23290","2","To Shore"
"23291","1","To Shore"
"23292","1",""
"23293","1",""
"23294","1","To Shore"
"23295","1",""
"23296","1",""
"23297","1",""
"23298","1",""
"23299","1",""
"23300","1","To Shore"
"23301","1","To Shore"
"23302","1","To Shore"
"23303","1","To Shore"
"23304","1","To Shore"
"23305","1",""
"23306","1",""
"23308","1","Rigs-to-Reef"
"23310","1","To Shore"
"23312","1","To Shore"
"23313","1","To Shore"
"23314","1",""
"23315","1","To Shore"
"23316","1",""
"23317","1",""
"23318","1",""
"23319","1","To Shore"
"23320","1",""
"23322","1",""
"23323","1","To Shore"
"23324","1","To Shore"
"23325","1",""
"23326","1","To Shore"
"23326","2","To Shore"
"23327","1",""
"23328","1","To Shore"
"23329","1","Reuse"
"23330","1",""
"23331","1","Rigs-to-Reef"
"23332","1",""
"23333","1","To Shore"
"23334","1",""
"23335","1",""
"23336","1","Rigs-to-Reef"
"23337","1",""
"23338","1",""
"23339","1",""
"23340","1",""
"23341","1",""
"23342","1",""
"23343","1",""
"23344","1","To Shore"
"23345","1",""
"23346","1",""
"23348","1",""
"23349","1","To Shore"
"23350","1","Rigs-to-Reef"
"23351","1","To Shore"
"23351","2","Reuse"
"23351","3","To Shore"
"23352","1",""
"23354","1","To Shore"
"23356","1","To Shore"
"23357","1","To Shore"
"23358","1",""
"23359","1","To Shore"
"23360","1","To Shore"
"23361","1","To Shore"
"23362","1",""
"23364","1",""
"23365","1",""
"23366","1","To Shore"
"23367","1","To Shore"
"23367","2","To Shore"
"23368","1","To Shore"
"23370","1","To Shore"
"23370","2",""
"23371","1","Reuse"
"23372","1","Rigs-to-Reef"
"23373","1","To Shore"
"23374","1",""
"23377","1",""
"23378","1","Reuse"
"23379","1","To Shore"
"23380","1",""
"23381","1",""
"23382","1",""
"23383","1","To Shore"
"23384","1",""
"23385","1",""
"23386","1",""
"23387","1","To Shore"
"23388","1",""
"23389","1","Rigs-to-Reef"
"23390","1",""
"23392","1","To Shore"
"23393","1","To Shore"
"23394","1","To Shore"
"23395","1",""
"23397","1","To Shore"
"23398","1","To Shore"
"23400","1",""
"23401","1",""
"23406","1",""
"23408","1",""
"23410","1",""
"23411","1",""
"23412","1",""
"23414","1",""
"23418","1",""
"23419","1",""
"23420","1","Rigs-to-Reef"
"23421","1",""
"23422","1",""
"23424","1",""
"23425","1",""
"23426","1",""
"23427","1",""
"23428","1",""
"23429","1",""
"23430","1","Rigs-to-Reef"
"23431","1",""
"23432","1",""
"23432","2",""
"23433","1",""
"23434","1",""
"23435","1",""
"23436","1","To Shore"
"23437","1","To Shore"
"23440","1",""
"23441","1","Rigs-to-Reef"
"23442","1","To Shore"
"23443","1","Rigs-to-Reef"
"23444","1","To Shore"
"23445","1","To Shore"
"23446","1",""
"23447","1","To Shore"
"23448","1","To Shore"
"23449","1",""
"23450","1",""
"23452","1",""
"23453","1","Rigs-to-Reef"
"23454","1","To Shore"
"23455","1",""
"23456","1",""
"23457","1",""
"23458","1","To Shore"
"23459","1","To Shore"
"23460","1",""
"23461","1","To Shore"
"23462","1",""
"23463","1","Rigs-to-Reef"
"23464","1",""
"23465","1",""
"23466","1",""
"23468","1",""
"23470","1",""
"23471","1",""
"23476","1","To Shore"
"23477","1",""
"23478","1",""
"23479","1",""
"23480","1",""
"23481","1",""
"23482","1",""
"23483","1",""
"23484","1","To Shore"
"23485","1","To Shore"
"23486","1",""
"23487","1",""
"23488","1","To Shore"
"23489","1",""
"23490","1","To Shore"
"23491","1",""
"23492","1",""
"23493","1","To Shore"
"23495","1","To Shore"
"23496","1","To Shore"
"23497","1","To Shore"
"23498","1",""
"23500","1",""
"23501","1",""
"23504","1","To Shore"
"23505","1",""
"23506","1","To Shore"
"23507","1",""
"23508","1",""
"23509","1",""
"23511","1",""
"23512","1","To Shore"
"23528","1",""
"23529","1","Rigs-to-Reef"
"23531","1","To Shore"
"23532","1",""
"23533","1",""
"23534","1","To Shore"
"23535","1",""
"23536","1",""
"23537","1","To Shore"
"23538","1","To Shore"
"23539","1",""
"23540","1",""
"23541","1",""
"23542","1",""
"23543","1","To Shore"
"23544","1",""
"23545","1",""
"23546","1",""
"23547","1",""
"23549","1","To Shore"
"23550","1","To Shore"
"23551","1","To Shore"
"23553","1","To Shore"
"23555","1","To Shore"
"23556","1",""
"23558","1",""
"23559","1",""
"23560","1","To Shore"
"23560","2","To Shore"
"23561","1","To Shore"
"23562","1",""
"23565","1","To Shore"
"23566","1",""
"23567","1","Rigs-to-Reef"
"23567","2","Rigs-to-Reef"
"23568","1",""
"23570","1","To Shore"
"23571","1","To Shore"
"23572","1","To Shore"
"23573","1","To Shore"
"23574","1","To Shore"
"23575","1",""
"23576","1",""
"23577","1",""
"23579","1","To Shore"
"23581","1","Rigs-to-Reef"
"23582","1",""
"23583","1","To Shore"
"23584","1","To Shore"
"23584","2","To Shore"
"23584","3","To Shore"
"23584","4",""
"23584","5","To Shore"
"23585","1","To Shore"
"23587","1","To Shore"
"23588","1",""
"23589","1","To Shore"
"23592","1","Rigs-to-Reef"
"23593","1",""
"23594","1",""
"23595","1",""
"23596","1",""
"23597","1","To Shore"
"23600","1","To Shore"
"23601","1",""
"23602","1",""
"23603","1","Reuse"
"23604","1",""
"23605","1",""
"23607","1",""
"23608","1",""
"23609","1",""
"23610","1",""
"23611","1",""
"23612","1",""
"23613","1","To Shore"
"23614","1",""
"23615","1","To Shore"
"23616","1","To Shore"
"23617","1",""
"23618","1",""
"23619","1",""
"23620","1",""
"23620","2",""
"23621","1","To Shore"
"23622","1",""
"23623","1",""
"23623","2",""
"23624","1","To Shore"
"23625","1",""
"23626","1",""
"23627","1","Reuse"
"23628","1","To Shore"
"23629","1","To Shore"
"23630","1",""
"23632","1",""
"23633","1","To Shore"
"23633","2",""
"23634","1",""
"23635","1","To Shore"
"23636","1",""
"23637","1","To Shore"
"23638","1","To Shore"
"23639","1","Rigs-to-Reef"
"23640","1",""
"23641","1",""
"23642","1",""
"23643","1",""
"23644","1","To Shore"
"23645","1","To Shore"
"23646","1","To Shore"
"23647","1",""
"23648","1",""
"23649","1","To Shore"
"23650","1",""
"23651","1",""
"23652","1",""
"23653","1","Rigs-to-Reef"
"23653","2","Rigs-to-Reef"
"23654","1",""
"23654","2",""
"23655","1","To Shore"
"23656","1",""
"23657","1",""
"23658","1",""
"23659","1","To Shore"
"23659","2","To Shore"
"23661","1",""
"23662","1",""
"23663","1","Rigs-to-Reef"
"23665","1",""
"23667","1",""
"23668","1",""
"23669","1",""
"23670","1",""
"23671","1",""
"23672","1","To Shore"
"23672","2","To Shore"
"23675","1",""
"23675","2",""
"23676","1","To Shore"
"23676","2","To Shore"
"23677","1","To Shore"
"23678","1",""
"23678","2",""
"23678","3",""
"23678","4",""
"23679","1",""
"23680","1","To Shore"
"23681","1",""
"23682","1",""
"23684","1","To Shore"
"23685","1",""
"23686","1","To Shore"
"23687","1","To Shore"
"23688","1",""
"23689","1","To Shore"
"23690","1",""
"23691","1",""
"23692","1",""
"23693","1","To Shore"
"23694","1","To Shore"
"23695","1",""
"23696","1",""
"23697","1",""
"23698","1","To Shore"
"23699","1","To Shore"
"23700","1",""
"23700","2",""
"23701","1",""
"23702","1",""
"23703","1",""
"23704","1",""
"23705","1","To Shore"
"23706","1",""
"23708","1",""
"23710","1","Rigs-to-Reef"
"23711","1",""
"23712","1",""
"23712","2",""
"23712","3",""
"23713","1",""
"23714","1","To Shore"
"23715","1","To Shore"
"23716","1",""
"23716","2",""
"23717","1","Rigs-to-Reef"
"23718","1","To Shore"
"23719","1",""
"23720","1",""
"23722","1",""
"23723","1","To Shore"
"23724","1","Rigs-to-Reef"
"23725","1",""
"23726","1","To Shore"
"23727","1",""
"23728","1",""
"23729","1",""
"23730","1","To Shore"
"23731","1",""
"23732","1",""
"23733","1",""
"23734","1",""
"23735","1",""
"23736","1","To Shore"
"23736","2","To Shore"
"23737","1","To Shore"
"23738","1",""
"23739","1","To Shore"
"23740","1","To Shore"
"23741","1","To Shore"
"23743","1",""
"23744","1",""
"23745","1",""
"23746","1","To Shore"
"23747","1",""
"23748","1","To Shore"
"23749","1",""
"23750","1",""
"23751","1",""
"23752","1",""
"23753","1",""
"23754","1","Rigs-to-Reef"
"23755","1",""
"23756","1","Rigs-to-Reef"
"23757","1",""
"23759","1","To Shore"
"23760","1","Rigs-to-Reef"
"23763","1","To Shore"
"23763","2","To Shore"
"23765","1",""
"23766","1","To Shore"
"23768","1",""
"23771","1",""
"23775","1",""
"23776","1","To Shore"
"23777","1","To Shore"
"23778","1","To Shore"
"23780","1","To Shore"
"23781","1",""
"23782","1",""
"23783","1","To Shore"
"23784","1","To Shore"
"23787","1","To Shore"
"23791","1",""
"23793","1",""
"23794","1","To Shore"
"23795","1",""
"23797","1",""
"23798","1",""
"23799","1",""
"23802","1","To Shore"
"23803","1",""
"23805","1","To Shore"
"23805","2","To Shore"
"23806","1","To Shore"
"23807","1","To Shore"
"23808","1","To Shore"
"23809","1","To Shore"
"23810","1","To Shore"
"23810","2",""
"23811","1","To Shore"
"23812","1",""
"23813","1","Rigs-to-Reef"
"23814","1",""
"23816","1","To Shore"
"23817","1","To Shore"
"23818","1","Rigs-to-Reef"
"23819","1","Rigs-to-Reef"
"23820","1",""
"23820","2",""
"23820","3",""
"23821","1","To Shore"
"23821","2","To Shore"
"23821","3","To Shore"
"23823","1","To Shore"
"23824","1",""
"23825","1",""
"23827","1","To Shore"
"23829","1","To Shore"
"23829","2","To Shore"
"23830","1",""
"23831","1","To Shore"
"23832","1",""
"23833","1","To Shore"
"23834","1","To Shore"
"23835","1","Rigs-to-Reef"
"23837","1",""
"23838","1",""
"23840","1","To Shore"
"23841","1",""
"23842","1","To Shore"
"23843","1","To Shore"
"23844","1",""
"23844","2",""
"23845","1",""
"23847","1","To Shore"
"23854","1","To Shore"
"23855","1",""
"23856","1","To Shore"
"23857","1",""
"23858","1",""
"23859","1","Rigs-to-Reef"
"23860","1",""
"23861","1",""
"23862","1",""
"23864","1","To Shore"
"23866","1",""
"23867","1","To Shore"
"23869","1","Rigs-to-Reef"
"23870","1","To Shore"
"23871","1","To Shore"
"23874","3",""
"23874","5",""
"23878","1","To Shore"
"23879","1","To Shore"
"23882","1",""
"23884","1",""
"23885","1",""
"23886","1","To Shore"
"23886","2","To Shore"
"23888","1","To Shore"
"23890","1","To Shore"
"23890","2","To Shore"
"23891","1","Rigs-to-Reef"
"23892","1",""
"23898","1","To Shore"
"23899","1","To Shore"
"23900","1","To Shore"
"23901","1","To Shore"
"23902","1","To Shore"
"23903","1","To Shore"
"23904","1","To Shore"
"23905","1","Rigs-to-Reef"
"23908","1","To Shore"
"23908","2","To Shore"
"23908","3","To Shore"
"23910","1",""
"23910","2",""
"23911","1",""
"23912","1",""
"23913","1",""
"23914","1","To Shore"
"23915","1","Rigs-to-Reef"
"23916","1","To Shore"
"23917","1",""
"23918","1",""
"23919","1","To Shore"
"23920","1",""
"23922","1","To Shore"
"23923","1","To Shore"
"23924","1","To Shore"
"23925","1","To Shore"
"23926","1","To Shore"
"23927","1","To Shore"
"23928","1","Reuse"
"23929","1","Rigs-to-Reef"
"23930","1","To Shore"
"23930","2","To Shore"
"23931","1","To Shore"
"23933","1",""
"23935","1","To Shore"
"23936","1","To Shore"
"23937","1",""
"23938","1","To Shore"
"23940","1","Reuse"
"23941","1",""
"23942","1","To Shore"
"23943","1",""
"23944","1",""
"23945","1",""
"23946","1",""
"23947","1",""
"23948","1",""
"23949","1","Rigs-to-Reef"
"23950","1","To Shore"
"23951","1",""
"23952","1","To Shore"
"23953","1",""
"23954","1","Rigs-to-Reef"
"23955","1","Rigs-to-Reef"
"23956","1",""
"23957","1","To Shore"
"23960","1",""
"23963","1",""
"23964","1","To Shore"
"23965","1","To Shore"
"23967","1","To Shore"
"23968","1","To Shore"
"23971","1","To Shore"
"23973","1","To Shore"
"23974","1","To Shore"
"23977","1","To Shore"
"23979","1","To Shore"
"23980","1","To Shore"
"23981","1",""
"23987","1","To Shore"
"23989","1","To Shore"
"23990","1","To Shore"
"23991","1",""
"23993","1","To Shore"
"23998","1",""
"24000","1",""
"24001","1",""
"24002","1","To Shore"
"24007","1",""
"24009","1","To Shore"
"24010","1",""
"24010","2",""
"24011","1","To Shore"
"24012","1","To Shore"
"24014","1","To Shore"
"24015","1","To Shore"
"24017","1","To Shore"
"24020","1",""
"24021","1","Rigs-to-Reef"
"24022","1",""
"24025","1","To Shore"
"24026","1",""
"24028","1","To Shore"
"24029","1",""
"24031","1",""
"24032","1","To Shore"
"24033","1","To Shore"
"24034","1","To Shore"
"24035","1","To Shore"
"24036","1","Reuse"
"24037","1",""
"24040","1","To Shore"
"24041","1",""
"24043","1","To Shore"
"24044","1",""
"24046","1","To Shore"
"24047","1","To Shore"
"24048","1","To Shore"
"24049","1","To Shore"
"24050","1","Rigs-to-Reef"
"24051","1","Rigs-to-Reef"
"24052","1",""
"24054","1",""
"24056","1",""
"24057","1","To Shore"
"24059","1","To Shore"
"24060","1",""
"24062","1","To Shore"
"24063","1","To Shore"
"24064","1",""
"24065","1","To Shore"
"24068","1",""
"24069","1","To Shore"
"24071","1","To Shore"
"24072","1","To Shore"
"24073","1","To Shore"
"24074","1","To Shore"
"24077","1","To Shore"
"24078","1",""
"24079","1",""
"24081","1","To Shore"
"24082","1","To Shore"
"24083","1","To Shore"
"24084","1",""
"24086","1",""
"24087","1","Rigs-to-Reef"
"24089","1","Rigs-to-Reef"
"24090","1",""
"24091","1",""
"24092","1","To Shore"
"24093","1","To Shore"
"24094","1","Rigs-to-Reef"
"24095","1","To Shore"
"24097","1",""
"24098","1","To Shore"
"24099","1",""
"24100","1","To Shore"
"24101","1","To Shore"
"24106","1","To Shore"
"24107","1","To Shore"
"24109","1",""
"24110","1","Rigs-to-Reef"
"24111","1",""
"24113","1","Rigs-to-Reef"
"24115","1","To Shore"
"24116","1","To Shore"
"24117","1","To Shore"
"24118","1",""
"24125","1",""
"24126","1","To Shore"
"24127","1","To Shore"
"24128","1",""
"24131","1",""
"24132","1","To Shore"
"24133","1",""
"24134","1","To Shore"
"24135","1","To Shore"
"24137","1","Rigs-to-Reef"
"24141","1",""
"24143","1","To Shore"
"24145","1",""
"24147","1","To Shore"
"24148","1","To Shore"
"24149","1","To Shore"
"24150","1","To Shore"
"24151","1",""
"24153","1",""
"24155","1",""
"24156","1","To Shore"
"24160","1","To Shore"
"24161","1","To Shore"
"24161","2","To Shore"
"24162","1","To Shore"
"24163","1",""
"24164","1","To Shore"
"24165","1",""
"24166","1","To Shore"
"24167","1","To Shore"
"24169","1",""
"24170","1",""
"24172","1","To Shore"
"24173","1",""
"24175","1","To Shore"
"24176","1","To Shore"
"24177","1","To Shore"
"24178","1","To Shore"
"24180","1","To Shore"
"24181","1","To Shore"
"24182","1","To Shore"
"24184","1","To Shore"
"24185","1","To Shore"
"24186","1","To Shore"
"24187","1","To Shore"
"24188","1",""
"24189","1","To Shore"
"24190","1",""
"24190","2","To Shore"
"24190","3","To Shore"
"24191","1","To Shore"
"24192","1",""
"24193","1","Rigs-to-Reef"
"24194","1","Rigs-to-Reef"
"24195","1","To Shore"
"24196","1","To Shore"
"24197","1",""
"24200","1","To Shore"
"24202","1","To Shore"
"24204","1","To Shore"
"24205","1",""
"24205","2",""
"24206","1","To Shore"
"24207","1","To Shore"
"24208","1",""
"24212","1",""
"24213","1","To Shore"
"24215","1",""
"24219","1",""
"24220","1",""
"24221","1",""
"24222","1","Rigs-to-Reef"
"24223","1",""
"24225","1",""
"24226","1","To Shore"
"24230","1",""
"24233","1","To Shore"
"24234","1","To Shore"
"24235","1","Rigs-to-Reef"
"24236","1",""
"24242","1","To Shore"
"24246","1","To Shore"
"24247","1","To Shore"
"24248","1",""
"24248","3",""
"24248","4",""
"24248","5",""
"24248","6","To Shore"
"24254","1","To Shore"
"24257","1",""
"24259","1","To Shore"
"24261","1",""
"24262","1","To Shore"
"24264","1",""
"24265","1","Rigs-to-Reef"
"24266","1","Rigs-to-Reef"
"25000","2","To Shore"
"25001","1","To Shore"
"25019","1","To Shore"
"25020","1","To Shore"
"25021","1","To Shore"
"25022","1","To Shore"
"25023","1","To Shore"
"25026","1","To Shore"
"26001","1","To Shore"
"26002","1","To Shore"
"26005","1","To Shore"
"26007","1","To Shore"
"26010","1",""
"26011","1","To Shore"
"26013","1","To Shore"
"26016","1","To Shore"
"26019","1","To Shore"
"26019","2","To Shore"
"26020","1",""
"26021","1",""
"26022","1",""
"26026","1",""
"26027","1","Rigs-to-Reef"
"26029","1","To Shore"
"26030","1","To Shore"
"26031","1","To Shore"
"26032","1","To Shore"
"26034","1","To Shore"
"26035","1",""
"26036","1","To Shore"
"26037","1","To Shore"
"26038","1","To Shore"
"26039","1","To Shore"
"26040","1",""
"26041","1","To Shore"
"26044","1","To Shore"
"26047","1","To Shore"
"26048","1","To Shore"
"26049","1","Rigs-to-Reef"
"26053","1","To Shore"
"26055","1",""
"26056","1",""
"26057","1","To Shore"
"26059","1","To Shore"
"26060","1","To Shore"
"26061","1","To Shore"
"26063","1","To Shore"
"26064","1","To Shore"
"26066","1",""
"26068","1","To Shore"
"26069","1",""
"26071","1","To Shore"
"26072","1","Rigs-to-Reef"
"26074","1",""
"26075","1","To Shore"
"26076","1","To Shore"
"26077","1",""
"26078","1","To Shore"
"26079","1","To Shore"
"26080","1",""
"26081","1","To Shore"
"26082","1","To Shore"
"26083","1","To Shore"
"26085","1","Rigs-to-Reef"
"26087","1","To Shore"
"26088","1","To Shore"
"26089","1","To Shore"
"26091","1","Rigs-to-Reef"
"26092","1",""
"26093","1",""
"26094","1","Rigs-to-Reef"
"26096","1","To Shore"
"26097","1","To Shore"
"26098","1",""
"26099","1",""
"26100","1","To Shore"
"26101","1","To Shore"
"26102","1","To Shore"
"26104","1","To Shore"
"26105","1","To Shore"
"26107","1","To Shore"
"26108","1","To Shore"
"26109","1","To Shore"
"26110","1","To Shore"
"26116","1","To Shore"
"26117","1","To Shore"
"26118","1","To Shore"
"26119","1",""
"26120","1","To Shore"
"26124","1","To Shore"
"26125","1","To Shore"
"26126","1","To Shore"
"26128","1",""
"26129","1","To Shore"
"26133","1","To Shore"
"26133","2","To Shore"
"26135","1","To Shore"
"26136","1","To Shore"
"26140","1","Rigs-to-Reef"
"26141","1","To Shore"
"27001","1","To Shore"
"27002","1","To Shore"
"27003","1","To Shore"
"27004","1",""
"27005","1","To Shore"
"27006","1",""
"27007","1","To Shore"
"27009","1",""
"27010","1","To Shore"
"27011","1","To Shore"
"27012","1",""
"27013","1","To Shore"
"27014","1","Rigs-to-Reef"
"27016","1",""
"27018","1","To Shore"
"27019","1",""
"27022","1","To Shore"
"27023","1",""
"27024","1","Rigs-to-Reef"
"27025","1","Rigs-to-Reef"
"27026","1","To Shore"
"27027","1","To Shore"
"27029","1","To Shore"
"27029","2","To Shore"
"27031","1","To Shore"
"27033","1",""
"27034","1","Rigs-to-Reef"
"27035","1",""
"27045","1","To Shore"
"27048","1","To Shore"
"27049","1","To Shore"
"27050","1","Rigs-to-Reef"
"27051","1","Reuse"
"27052","1","To Shore"
"27053","1","To Shore"
"27055","1",""
"27057","1",""
"27058","1",""
"27060","1","To Shore"
"27061","1","Reuse"
"27062","1","Rigs-to-Reef"
"27063","1","To Shore"
"27065","1","Rigs-to-Reef"
"28001","1","Rigs-to-Reef"
"28003","1","Reuse"
"28004","1",""
"28006","1","To Shore"
"28007","1",""
"28008","1","To Shore"
"28010","1","To Shore"
"28011","1","To Shore"
"28011","2","To Shore"
"28012","1",""
"28014","1","To Shore"
"28015","1",""
"28016","1","To Shore"
"28017","1","Rigs-to-Reef"
"28018","1","To Shore"
"28019","1","To Shore"
"28022","1","To Shore"
"28024","1",""
"28025","1","Rigs-to-Reef"
"28028","1","Reuse"
"28030","1","To Shore"
"28031","1","Rigs-to-Reef"
"28033","1","Rigs-to-Reef"
"28035","1","To Shore"
"28037","1",""
"28038","1",""
"28039","1","Reuse"
"28040","1",""
"28041","1",""
"28042","1",""
"28043","1","To Shore"
"28044","1","To Shore"
"28044","2","To Shore"
"28044","3","To Shore"
"28045","1","To Shore"
"28046","1",""
"28049","1","Rigs-to-Reef"
"28052","1",""
"28054","1","To Shore"
"28055","1",""
"28055","2",""
"28056","1",""
"28057","1","To Shore"
"28058","1",""
"28060","1",""
"28061","1","To Shore"
"29001","1",""
"29002","1","To Shore"
"29003","1","To Shore"
"29006","1","To Shore"
"29008","1","To Shore"
"29010","1",""
"29011","1","To Shore"
"29012","1",""
"29013","1","To Shore"
"29014","1",""
"29015","1",""
"29016","1","To Shore"
"29017","1","To Shore"
"29019","1","To Shore"
"29020","1",""
"29021","1",""
"29022","1",""
"29026","1","To Shore"
"29027","1",""
"29029","1",""
"29030","1","To Shore"
"29032","1","Rigs-to-Reef"
"29033","1",""
"29034","1","To Shore"
"29035","1",""
"29038","1","To Shore"
"29041","1","Rigs-to-Reef"
"29042","1",""
"29044","1","To Shore"
"29045","1","Rigs-to-Reef"
"29046","1","Rigs-to-Reef"
"29047","1","Rigs-to-Reef"
"29048","1","To Shore"
"29049","1","To Shore"
"29050","1","To Shore"
"29051","1","To Shore"
"29052","1","To Shore"
"29052","2","To Shore"
"29052","3","To Shore"
"29053","1","To Shore"
"30001","1",""
"30002","1","To Shore"
"30004","1","To Shore"
"31005","1","To Shore"
"31006","1","To Shore"
"31007","1","To Shore"
"31009","1",""
"31011","1","To Shore"
"31013","1",""
"31015","1",""
"31016","1","To Shore"
"31017","1",""
"31018","1",""
"31019","1",""
"31020","1",""
"31021","1","To Shore"
"31023","1","Rigs-to-Reef"
"31024","1","To Shore"
"31027","1","Reuse"
"31030","1","To Shore"
"31031","1","To Shore"
"31032","1",""
"31033","1","Rigs-to-Reef"
"31034","1",""
"32001","1","Rigs-to-Reef"
"32002","1","To Shore"
"32003","1",""
"32007","1","To Shore"
"32008","1","To Shore"
"32008","2","To Shore"
"32008","3","To Shore"
"32009","1","To Shore"
"32012","1","To Shore"
"32013","1","To Shore"
"32014","1","To Shore"
"32015","1","To Shore"
"32016","1",""
"32017","1","To Shore"
"32018","1","To Shore"
"32021","1",""
"32022","1",""
"32023","1","To Shore"
"32024","1","To Shore"
"32025","1",""
"32028","1","To Shore"
"32029","1",""
"32031","1","To Shore"
"32034","1","To Shore"
"32035","1","To Shore"
"32036","1",""
"32039","1","To Shore"
"32040","1","To Shore"
"32042","1","To Shore"
"32044","1","To Shore"
"33022","1","To Shore"
"33029","1",""
"33031","1",""
"33033","1","To Shore"
"33034","1",""
"33036","1","To Shore"
"33038","1",""
"40000","1","To Shore"
"40001","1","To Shore"
"40004","1",""
"40005","1",""
"40006","1","To Shore"
"40007","1","To Shore"
"40009","1","To Shore"
"40010","1","To Shore"
"40011","1",""
"40012","1","To Shore"
"40013","1","To Shore"
"40014","1","To Shore"
"40016","1",""
"40017","1",""
"50000","1",""
"50001","1","Rigs-to-Reef"
