"estrutura","num","complexo","operador","tipo","estrutura_maior","contrato","contrato_status","contrato_ativo","instalada","removida","vida_anos","lamina_m","lat","lon"
"B","1","1613","Century Exploration New Orleans, LLC","FIXED","N","G04910","TERMIN","N","2005-01-21","2013-04-04","8.2","40","29.59953959","-88.72352247"
"A","1","124","Century Exploration New Orleans, LLC","FIXED","Y","G15110","TERMIN","N","1998-01-28","2014-09-30","16.7","184","28.33690894","-93.3459876"
"B","1","479","Century Exploration New Orleans, LLC","CAIS","Y","G16502","TERMIN","N","1999-06-22","2015-06-29","16","30","29.43138997","-89.12387316"
"1","1","777","Century Exploration New Orleans, LLC","CAIS","N","G21054","EXPIR","N","2000-08-22","2008-01-17","7.4","63","28.89170296","-93.24899495"
"B","1","956","Century Exploration New Orleans, LLC","FIXED","N","G32105","EXPIR","N","2001-07-18","2014-09-12","13.2","42","29.55757511","-93.16150423"
"CAIS.#1","1","1039","Century Exploration New Orleans, LLC","CAIS","N","G22544","RELINQ","N","2002-03-15","2008-03-28","6","72","28.88221448","-93.33294544"
"2","1","1742","Century Exploration New Orleans, LLC","CAIS","N","G22544","RELINQ","N","2005-07-27","2014-01-20","8.5","73","28.90528845","-93.36516627"
"7","1","1963","Century Exploration New Orleans, LLC","CAIS","N","G05315","TERMIN","N","2007-02-14","2013-12-31","6.9","75","28.91774052","-93.32231928"
"A","1","2154","Century Exploration New Orleans, LLC","CAIS","N","G31304","TERMIN","N","2009-02-04","2016-06-06","7.3","75","28.9292353","-93.26467282"
"SONAT","1","31023","Southern Natural Gas Company, L.L.C.","FIXED","N","","","","1972-03-20","2005-08-23","33.4","232","29.270709","-88.564073"
"B-VALVE","1","31024","Southern Natural Gas Company, L.L.C.","FIXED","N","","","","1972-03-20","2006-06-01","34.2","222","29.269731","-88.716797"
"A","1","1894","Knight Resources, LLC","FIXED","N","G26198","EXPIR","N","2006-07-26","2009-06-27","2.9","124","29.58426613","-87.8959041"
"A","1","1889","Knight Resources, LLC","FIXED","Y","G26189","TERMIN","N","2006-07-23","2009-07-01","2.9","106","29.92608976","-88.05528709"
"G","1","20172","Cochon Properties, LLC","FIXED","Y","00138","TERMIN","N","1959-01-01","2015-12-07","56.9","58","29.110347","-89.64092"
"A","1","20173","Cochon Properties, LLC","FIXED","Y","00138","TERMIN","N","1955-01-01","2016-10-10","61.8","58","29.10861","-89.643752"
"D","1","20176","Cochon Properties, LLC","FIXED","Y","00137","TERMIN","N","1957-01-01","2015-11-30","58.9","54","29.10535041","-89.6521991"
"B","1","21737","Cochon Properties, LLC","FIXED","Y","00138","TERMIN","N","1955-01-01","2015-11-16","60.9","54","29.106896","-89.61737"
"CQ","3","21814","Cochon Properties, LLC","FIXED","N","00138","TERMIN","N","1962-01-01","2016-01-05","54","53","29.10704","-89.631268"
"C","2","21814","Cochon Properties, LLC","FIXED","Y","00138","TERMIN","N","1956-01-01","2016-01-03","60","53","29.10704354","-89.63155298"
"H","1","21814","Cochon Properties, LLC","FIXED","Y","00138","TERMIN","N","1970-01-01","2016-10-14","46.8","53","29.105631","-89.631614"
"B","1","20922","Cochon Properties, LLC","FIXED","Y","","","","1958-01-01","2020-10-01","62.7","25","29.297696","-92.372219"
"B-AUX","2","20922","Cochon Properties, LLC","FIXED","Y","","","","1972-01-01","2020-10-01","48.8","25","29.297858","-92.37222"
"B-VALVE","3","20922","Cochon Properties, LLC","FIXED","N","","","","1959-07-16","","","25","29.29762111","-92.37263917"
"1","1","20923","Cochon Properties, LLC","WP","N","00560","TERMIN","N","1960-01-01","2014-08-09","54.6","26","29.301246","-92.376393"
"5","2","20923","Cochon Properties, LLC","CAIS","N","00560","TERMIN","N","1974-01-01","2014-12-04","40.9","26","29.300586","-92.376387"
"A","1","20925","Cochon Properties, LLC","FIXED","Y","00560","TERMIN","N","1957-01-01","2020-09-11","63.7","26","29.30885815","-92.38911372"
"B","1","21774","Fieldwood Energy LLC","FIXED","Y","G02163","RELINQ","N","1974-01-01","2019-08-13","45.6","210","28.525794","-90.09792"
"C","1","21898","Fieldwood Energy LLC","FIXED","Y","G02628","TERMIN","N","1975-01-01","2018-07-26","43.6","210","28.548886","-90.068677"
"A","1","22408","Fieldwood Energy LLC","FIXED","Y","G03414","TERMIN","N","1980-01-01","2019-09-09","39.7","35","29.161505","-89.752305"
"2","2","22408","Fieldwood Energy LLC","FIXED","N","G03414","TERMIN","N","1979-01-01","2019-09-10","40.7","35","29.161709","-89.75232"
"1","1","22464","Fieldwood Energy LLC","FIXED","N","G03414","TERMIN","N","1980-01-01","2019-09-03","39.7","35","29.161834","-89.774178"
"A","1","23063","Fieldwood Energy LLC","FIXED","Y","G04002","RELINQ","N","1982-03-22","2019-09-03","37.5","86","29.031436","-89.92407"
"A","1","23136","Fieldwood Energy LLC","FIXED","Y","G04003","TERMIN","N","1985-01-01","2018-07-20","33.5","225","28.575144","-90.072429"
"3","1","23447","Fieldwood Energy LLC","WP","N","G03414","TERMIN","N","1987-01-01","2019-09-07","32.7","35","29.163374","-89.765873"
"A","1","23871","Fieldwood Energy LLC","FIXED","N","G07877","TERMIN","N","1991-01-01","2018-10-14","27.8","102","29.92586","-88.478395"
"A-QRT","2","23886","Fieldwood Energy LLC","FIXED","Y","G05058","TERMIN","N","1991-01-01","2018-07-13","27.5","55","30.175634","-88.242338"
"Q-PRD","1","23886","Fieldwood Energy LLC","FIXED","Y","G05058","TERMIN","N","1991-01-01","2018-07-13","27.5","55","30.175634","-88.242338"
"JF","1","20752","Fieldwood Energy LLC","WP","N","00423","TERMIN","N","1967-01-01","2013-12-01","46.9","65","28.734628","-91.361791"
"12","1","20818","Fieldwood Energy LLC","CAIS","N","00049","TERMIN","N","1964-01-01","2013-09-09","49.7","37","28.98599334","-91.48231089"
"7","1","20829","Fieldwood Energy LLC","CAIS","N","00050","TERMIN","N","1969-01-01","2014-05-20","45.4","36","28.9893673","-91.46992477"
"3","1","21358","Fieldwood Energy LLC","WP","N","00797","TERMIN","N","1961-01-01","2014-10-15","53.8","24","29.043794","-91.455726"
"A-QTR","1","21409","Fieldwood Energy LLC","FIXED","Y","00797","TERMIN","N","1961-01-01","2014-10-31","53.8","24","29.040606","-91.451125"
"A-PRD","2","21409","Fieldwood Energy LLC","FIXED","Y","00797","TERMIN","N","1961-01-01","2014-10-28","53.8","24","29.040881","-91.451126"
"A-AUX","3","21409","Fieldwood Energy LLC","FIXED","N","00797","TERMIN","N","1987-01-01","2014-10-23","27.8","24","29.040881","-91.451126"
"A","1","21581","Fieldwood Energy LLC","FIXED","Y","G02317","TERMIN","N","1973-01-01","2009-07-26","36.6","231","28.256714","-91.808142"
"D","1","22271","Fieldwood Energy LLC","FIXED","Y","00797","TERMIN","N","1979-01-01","2014-11-08","35.9","25","29.034007","-91.450561"
"D-9","2","22271","Fieldwood Energy LLC","CAIS","N","00797","TERMIN","N","1984-01-01","2014-11-10","30.9","25","29.033704","-91.450508"
"C","1","22498","Fieldwood Energy Offshore LLC","FIXED","Y","00146","TERMIN","N","1980-01-01","2013-07-21","33.6","50","29.004107","-89.523185"
"B","1","22507","Fieldwood Energy Offshore LLC","FIXED","Y","G03419","TERMIN","N","1988-01-01","2018-07-05","30.5","60","29.45516883","-88.848975"
"A","1","22750","Fieldwood Energy Offshore LLC","FIXED","N","G03419","TERMIN","N","1982-01-01","2017-06-30","35.5","58","29.457358","-88.830353"
"8","2","22750","Fieldwood Energy Offshore LLC","CAIS","N","G03419","TERMIN","N","2004-06-09","2017-06-29","13.1","58","29.45734644","-88.83044438"
"E","1","23137","Fieldwood Energy Offshore LLC","WP","N","G01449","RELINQ","N","1984-03-01","2018-07-30","34.4","90","28.97758","-89.520537"
"2","1","23834","Fieldwood Energy Offshore LLC","CAIS","N","G03593","TERMIN","N","1990-01-01","2008-10-04","18.8","116","28.491517","-90.696978"
"A","1","23842","Fieldwood Energy Offshore LLC","FIXED","N","G09707","RELINQ","N","1990-01-01","2019-08-10","29.6","65","29.511452","-88.699141"
"2","1","23843","Fieldwood Energy Offshore LLC","CAIS","N","G09707","RELINQ","N","1990-01-01","2019-08-12","29.6","65","29.505697","-88.719859"
"D","1","20074","Fieldwood Energy Offshore LLC","FIXED","Y","G01031","TERMIN","N","1970-01-01","2022-07-11","52.5","187","28.37117636","-91.0637745"
"A","1","21515","Fieldwood Energy Offshore LLC","FIXED","Y","","","","1957-01-01","2021-07-12","64.5","25","29.174142","-91.533511"
"B","2","21515","Fieldwood Energy Offshore LLC","FIXED","Y","","","","1983-01-01","2021-07-08","38.5","25","29.174357","-91.532982"
"C-QTR","3","21515","Fieldwood Energy Offshore LLC","FIXED","N","","","","1983-01-01","2021-07-06","38.5","25","29.174402","-91.53261"
"E","2","21664","Fieldwood Energy Offshore LLC","FIXED","Y","G01027","TERMIN","N","1978-01-01","2022-09-23","44.7","166","28.41197292","-91.27512038"
"A","1","21664","Fieldwood Energy Offshore LLC","FIXED","Y","G01027","TERMIN","N","1973-01-01","2024-08-28","51.7","166","28.411563","-91.275435"
"D","1","21903","Fieldwood Energy Offshore LLC","FIXED","Y","G01029","TERMIN","N","1975-01-01","2024-08-14","49.6","180","28.401103","-91.287269"
"F","1","22111","Fieldwood Energy Offshore LLC","FIXED","Y","G01028","TERMIN","N","1978-01-01","2024-07-06","46.5","180","28.41633129","-91.31231731"
"A","1","22138","Fieldwood Energy Offshore LLC","FIXED","Y","00818","TERMIN","N","1978-01-01","2012-11-20","34.9","53","28.64985078","-90.91747066"
"5","1","22454","Fieldwood Energy Offshore LLC","WP","N","00466","RELINQ","N","1981-01-01","2019-05-02","38.3","23","29.168199","-91.502664"
"6","1","22590","Fieldwood Energy Offshore LLC","WP","N","00466","RELINQ","N","1983-01-01","2019-05-05","36.3","25","29.159839","-91.50041"
"3","1","22736","Fieldwood Energy Offshore LLC","WP","N","00424","RELINQ","N","1983-01-01","2017-06-06","34.4","25","29.18327","-91.517589"
"8","1","22862","Fieldwood Energy Offshore LLC","WP","N","00466","RELINQ","N","1983-01-01","2019-05-04","36.3","22","29.163015","-91.504404"
"9","1","22863","Fieldwood Energy Offshore LLC","WP","N","00466","RELINQ","N","1983-01-01","2019-05-01","36.3","22","29.17211373","-91.50339763"
"4","1","22949","Fieldwood Energy Offshore LLC","WP","N","00424","RELINQ","N","1983-01-01","2017-06-04","34.4","25","29.178709","-91.510782"
"10","1","22955","Fieldwood Energy Offshore LLC","FIXED","N","00466","RELINQ","N","1984-01-01","2019-05-07","35.3","22","29.157984","-91.505676"
"D","1","23008","Fieldwood Energy Offshore LLC","FIXED","N","G05549","TERMIN","N","1987-01-01","2012-11-22","25.9","54","28.661884","-90.877079"
"J","1","23919","Fieldwood Energy Offshore LLC","FIXED","Y","G00997","TERMIN","N","1990-01-01","2014-07-12","24.5","224","28.29881807","-91.74308953"
"A","1","21901","Fieldwood Energy Offshore LLC","FIXED","Y","G02870","TERMIN","N","1975-01-01","2018-05-12","43.4","44","29.340142","-92.563873"
"B","1","22019","Fieldwood Energy Offshore LLC","FIXED","Y","G01172","TERMIN","N","1977-01-01","2023-08-21","46.6","202","28.309123","-92.217485"
"A","1","22981","Fieldwood Energy Offshore LLC","FIXED","Y","","","","1984-01-01","2022-08-29","38.7","215","28.293267","-92.293423"
"A-AUX","2","22981","Fieldwood Energy Offshore LLC","FIXED","Y","","","","1984-01-01","2022-08-23","38.6","215","28.29305192","-92.29384931"
"A","1","10050","Fieldwood Energy Offshore LLC","FIXED","Y","","","","1972-01-01","2022-06-15","50.5","61","29.000298","-94.764615"
"A","1","10063","Fieldwood Energy Offshore LLC","FIXED","Y","G02735","TERMIN","N","1976-01-01","2018-07-13","42.5","210","28.242024","-93.557173"
"A","1","23635","Fieldwood Energy Offshore LLC","FIXED","N","G04818","TERMIN","N","1989-01-01","2021-10-04","32.8","45","29.329587","-93.596007"
"B","1","10571","Fieldwood Energy Offshore LLC","FIXED","Y","G01772","TERMIN","N","1992-01-01","2016-09-04","24.7","63","29.013863","-94.751542"
"F","1","26072","Fieldwood Energy Offshore LLC","FIXED","Y","G01031","TERMIN","N","1994-07-11","2022-10-07","28.2","187","28.39151377","-91.09053279"
"G","1","26085","Fieldwood Energy Offshore LLC","FIXED","Y","G01029","TERMIN","N","1994-10-06","2023-09-08","28.9","188","28.38800593","-91.29074098"
"BQ","2","24190","Fieldwood Energy Offshore LLC","FIXED","N","G05064","TERMIN","N","1995-01-01","2011-10-13","16.8","58","30.149598","-88.286167"
"B","3","24190","Fieldwood Energy Offshore LLC","FIXED","N","G05064","TERMIN","N","1995-01-01","2012-11-28","17.9","58","30.15003","-88.286957"
"BA","1","24190","Fieldwood Energy Offshore LLC","FIXED","N","G05064","TERMIN","N","1994-10-31","2004-12-02","10.1","58","30.15033671","-88.28763843"
"C","1","27024","Fieldwood Energy Offshore LLC","FIXED","Y","G01172","TERMIN","N","1995-06-14","2022-07-13","27.1","213","28.30512524","-92.23020595"
"A","1","27025","Fieldwood Energy Offshore LLC","FIXED","Y","G10636","TERMIN","N","1995-08-21","2015-10-11","20.1","224","28.21309756","-92.84860402"
"A","1","31011","Fieldwood Energy Offshore LLC","WP","N","G12019","TERMIN","N","1996-09-09","2013-07-16","16.8","154","28.52842903","-90.2944538"
"#13","1","1540","Fieldwood Energy Offshore LLC","WP","N","00818","TERMIN","N","2004-08-25","2012-11-16","8.2","54","28.65543871","-90.92495071"
"A","1","80014","Fieldwood Energy Offshore LLC","FIXED","Y","G16361","TERMIN","N","1997-01-17","2017-06-15","20.4","139","28.52897322","-91.45293389"
"C","1","40","Fieldwood Energy Offshore LLC","CAIS","N","G05549","TERMIN","N","1997-11-10","2012-10-29","15","55","28.64447795","-90.88846874"
"A (Tequila)","1","10242","Fieldwood SD Offshore LLC","FIXED","Y","G02650","TERMIN","N","1984-01-01","2017-11-25","33.9","660","27.85895","-94.883731"
"A","1","10411","TR Offshore, LLC","FIXED","Y","G07298","TERMIN","N","1987-01-01","2007-08-08","20.6","84","28.835566","-94.260334"
"A","1","1286","TR Offshore, LLC","WP","N","G16363","TERMIN","N","2003-06-04","2009-08-22","6.2","190","28.42261629","-91.82911663"
"3","1","21677","Apache Shelf, Inc.","WP","N","G01244","TERMIN","N","1963-01-01","2013-10-14","50.8","62","28.810868","-90.629059"
"CAIS#18","2","21677","Apache Shelf, Inc.","CAIS","N","G01244","TERMIN","N","2001-02-19","2013-06-03","12.3","62","28.81095024","-90.62905854"
"7","1","21678","Apache Shelf, Inc.","WP","N","G01244","TERMIN","N","1964-01-01","2013-10-15","49.8","60","28.821883","-90.606938"
"CAIS.#17","2","21678","Apache Shelf, Inc.","CAIS","N","G01244","TERMIN","N","2000-09-09","2013-06-19","12.8","60","28.82202012","-90.60684998"
"B","1","21679","Apache Shelf, Inc.","FIXED","Y","G01244","TERMIN","N","1969-01-01","2014-07-15","45.5","60","28.80818431","-90.60811717"
"JA","1","22049","Apache Shelf, Inc.","WP","N","G03182","TERMIN","N","1979-01-01","2014-06-15","35.5","150","28.735998","-90.051515"
"C","1","21216","Apache Shelf, Inc.","FIXED","N","00811","UNIT","S","1969-01-01","2014-07-17","45.5","175","28.464279","-91.787672"
"4","1","21248","Apache Shelf, Inc.","CAIS","N","G01441","TERMIN","N","1969-01-01","2014-08-01","45.6","8","29.10363232","-91.05247889"
"4-HTR","2","21248","Apache Shelf, Inc.","FIXED","N","G01441","TERMIN","N","1969-01-01","1992-12-31","24","8","29.10363266","-91.05263544"
"7","1","21404","Apache Shelf, Inc.","CAIS","N","G01441","TERMIN","N","1969-01-01","2014-08-02","45.6","10","29.104235","-91.078308"
"A","1","21408","Apache Shelf, Inc.","FIXED","Y","G01441","TERMIN","N","1969-01-01","2014-10-01","45.7","9","29.108594","-91.058101"
"B-HTR","2","21408","Apache Shelf, Inc.","FIXED","Y","G01441","TERMIN","N","1969-01-01","2014-10-02","45.7","9","29.108113","-91.058103"
"C-CMP","3","21408","Apache Shelf, Inc.","FIXED","N","G01441","TERMIN","N","1969-01-01","2014-09-05","45.7","9","29.108595","-91.058336"
"D-QTR","4","21408","Apache Shelf, Inc.","FIXED","N","G01441","TERMIN","N","1973-01-01","2014-08-20","41.6","9","29.10887","-91.058335"
"E","5","21408","Apache Shelf, Inc.","FIXED","N","G01441","TERMIN","N","1977-01-01","2014-09-06","37.7","9","29.108113","-91.058234"
"G","1","21845","Apache Shelf, Inc.","FIXED","Y","G00997","TERMIN","N","1975-01-01","2015-06-21","40.5","227","28.293431","-91.71283"
"H","1","21953","Apache Shelf, Inc.","FIXED","Y","G01888","TERMIN","N","1976-01-01","2014-07-23","38.6","164","28.495065","-91.787835"
"9","1","22071","Apache Shelf, Inc.","CAIS","N","G01441","TERMIN","N","1975-01-01","2014-07-25","39.6","10","29.097016","-91.044983"
"9-HTR","2","22071","Apache Shelf, Inc.","FIXED","N","G01441","TERMIN","N","1975-01-01","1992-12-31","18","10","29.098327","-91.044814"
"11","1","22193","Apache Shelf, Inc.","CAIS","N","G01441","TERMIN","N","1979-01-01","2014-08-03","35.6","10","29.098514","-91.049866"
"10","1","22194","Apache Shelf, Inc.","CAIS","N","G01441","TERMIN","N","1969-01-01","2014-08-02","45.6","10","29.10704","-91.054"
"12","1","22257","Apache Shelf, Inc.","CAIS","N","G01441","TERMIN","N","1979-01-01","2014-07-26","35.6","10","29.098396","-91.047171"
"HTR","2","22257","Apache Shelf, Inc.","FIXED","N","G01441","TERMIN","N","1979-01-01","1992-12-31","14","10","29.098374","-91.047068"
"13","1","22628","Apache Shelf, Inc.","CAIS","N","G01441","TERMIN","N","1982-01-01","2014-08-01","32.6","10","29.097104","-91.047723"
"B","1","22985","Apache Shelf, Inc.","FIXED","Y","G00991","TERMIN","N","1984-01-01","2016-08-27","32.7","193","28.38362","-91.593039"
"A","1","23592","Apache Shelf, Inc.","FIXED","Y","G05517","TERMIN","N","1989-01-01","2015-05-22","26.4","257","28.24433","-91.457308"
"18","1","20554","Apache Shelf, Inc.","CAIS","N","00297","TERMIN","N","1964-01-01","2014-05-24","50.4","25","29.457433","-92.381019"
"B","1","20655","Apache Shelf, Inc.","FIXED","Y","G01208","TERMIN","N","1964-01-01","2012-10-06","48.8","140","28.596424","-91.961514"
"B","1","20910","Apache Shelf, Inc.","FIXED","Y","G01182","TERMIN","N","1969-01-01","2013-04-07","44.3","68","28.961824","-91.983793"
"C","1","20911","Apache Shelf, Inc.","FIXED","Y","G01182","TERMIN","N","1971-01-01","2012-04-19","41.3","70","28.962157","-91.98317"
"D","1","20930","Apache Shelf, Inc.","WP","N","00297","TERMIN","N","1962-01-01","2012-08-07","50.6","25","29.45658384","-92.36119817"
"9 (REMOVED)","2","20931","Apache Shelf, Inc.","CAIS","N","00297","TERMIN","N","1962-01-01","1996-12-31","35","25","29.47146325","-92.35680967"
"53","1","20931","Apache Shelf, Inc.","CAIS","N","00297","TERMIN","N","1996-01-01","2012-07-28","16.6","25","29.471463","-92.35681"
"5","1","20932","Apache Shelf, Inc.","CAIS","N","00297","TERMIN","N","1960-01-01","2012-09-13","52.7","25","29.46029","-92.356413"
"4","1","20933","Apache Shelf, Inc.","CAIS","N","00297","TERMIN","N","1960-01-01","2013-07-09","53.5","25","29.457755","-92.36719"
"1","1","20934","Apache Shelf, Inc.","FIXED","Y","00549","TERMIN","N","1960-01-01","2008-02-23","48.1","30","29.42253419","-92.37375632"
"6","2","20934","Apache Shelf, Inc.","CAIS","N","00549","TERMIN","N","1972-01-01","1995-08-14","23.6","30","29.422457","-92.374145"
"1-AUX","3","20934","Apache Shelf, Inc.","FIXED","N","00549","TERMIN","N","1987-01-01","2012-08-23","25.6","30","29.42250614","-92.37382513"
"16","1","20949","Apache Shelf, Inc.","CAIS","N","00297","TERMIN","N","1964-01-01","2012-07-24","48.6","25","29.460261","-92.375383"
"A","1","21016","Apache Shelf, Inc.","FIXED","Y","00548","TERMIN","N","1960-01-01","2016-06-24","56.5","35","29.445043","-92.37284"
"B","1","21019","Apache Shelf, Inc.","FIXED","Y","00548","TERMIN","N","1962-01-01","2014-08-10","52.6","30","29.451948","-92.37288"
"12","1","21021","Apache Shelf, Inc.","CAIS","N","00297","TERMIN","N","1964-01-01","2013-07-07","49.5","25","29.457527","-92.362914"
"11","1","21022","Apache Shelf, Inc.","CAIS","N","00297","TERMIN","N","1963-01-01","2013-07-22","50.6","27","29.460268","-92.368338"
"E","1","21023","Apache Shelf, Inc.","WP","N","00297","TERMIN","N","1973-01-01","2012-07-25","39.6","26","29.47061947","-92.36307677"
"2","1","21025","Apache Shelf, Inc.","CAIS","N","00297","TERMIN","N","1960-01-01","2012-07-25","52.6","25","29.463984","-92.374507"
"B","1","21030","Apache Shelf, Inc.","FIXED","Y","00297","TERMIN","N","1956-01-01","2014-06-18","58.5","26","29.47153","-92.366581"
"B-AUX1","2","21030","Apache Shelf, Inc.","FIXED","Y","00297","TERMIN","N","1960-01-01","1998-08-29","38.7","26","29.471532","-92.366267"
"B-AUX2","3","21030","Apache Shelf, Inc.","FIXED","Y","00297","TERMIN","N","1960-01-01","2014-06-07","54.4","26","29.471525","-92.367112"
"B","4","21030","Apache Shelf, Inc.","CAIS","N","00297","TERMIN","N","1973-01-01","1996-06-14","23.4","26","29.471818","-92.376999"
"C","1","21035","Apache Shelf, Inc.","FIXED","Y","00297","TERMIN","N","1960-01-01","2014-07-07","54.5","27","29.46667","-92.36863"
"C-AUX1","2","21035","Apache Shelf, Inc.","FIXED","Y","00297","TERMIN","N","1972-01-01","2014-06-25","42.5","27","29.466668","-92.368947"
"C-AUX2","4","21035","Apache Shelf, Inc.","FIXED","Y","00297","TERMIN","N","1982-01-01","2014-06-28","32.5","27","29.466101","-92.368684"
"C-7","3","21035","Apache Shelf, Inc.","CAIS","N","00297","TERMIN","N","1973-01-01","2014-07-10","41.5","27","29.466972","-92.368454"
"3","1","21719","Apache Shelf, Inc.","CAIS","N","00549","TERMIN","N","1962-01-01","2013-07-11","51.5","29","29.41969735","-92.36699866"
"F-AUX","2","21761","Apache Shelf, Inc.","FIXED","Y","00297","TERMIN","N","1975-01-01","2013-07-17","38.5","18","29.49241399","-92.3814974"
"F","1","21761","Apache Shelf, Inc.","FIXED","Y","00297","TERMIN","N","1975-01-01","2013-07-20","38.5","18","29.4924165","-92.3811831"
"A","1","21977","Apache Shelf, Inc.","FIXED","Y","G02592","PROD","S","1976-01-01","2011-09-28","35.7","235","28.222742","-92.123866"
"A","1","22119","Apache Shelf, Inc.","FIXED","Y","G03393","RELINQ","N","1978-01-01","2014-07-01","36.5","65","29.15696337","-92.60624561"
"30","1","22157","Apache Shelf, Inc.","CAIS","N","00297","TERMIN","N","1978-01-01","2015-10-19","37.8","25","29.467275","-92.392796"
"29","1","22158","Apache Shelf, Inc.","FIXED","N","00297","TERMIN","N","1978-01-01","2012-09-18","34.7","25","29.465161","-92.385879"
"27","1","22159","Apache Shelf, Inc.","CAIS","N","00297","TERMIN","N","1978-01-01","2012-09-03","34.7","25","29.463135","-92.391863"
"B","1","22162","Apache Shelf, Inc.","FIXED","Y","G02588","TERMIN","N","1978-01-01","2012-06-16","34.5","223","28.26351","-92.114917"
"G","1","22288","Apache Shelf, Inc.","FIXED","Y","00297","TERMIN","N","1979-01-01","2015-10-16","36.8","28","29.458873","-92.366667"
"34   FL","1","22338","Apache Shelf, Inc.","CAIS","N","00297","TERMIN","N","1980-01-01","2012-09-09","32.7","28","29.45646455","-92.39272263"
"48","2","22338","Apache Shelf, Inc.","CAIS","N","00297","TERMIN","N","1983-01-01","2012-09-09","29.7","28","29.456128","-92.39287"
"31","1","22344","Apache Shelf, Inc.","CAIS","N","00297","TERMIN","N","1980-01-01","2014-02-21","34.1","21","29.458809","-92.391805"
"A","1","22364","Apache Shelf, Inc.","FIXED","Y","G01357","TERMIN","N","1980-01-01","2011-07-26","31.6","26","29.450654","-92.39706"
"I(FMR #37)","1","22394","Apache Shelf, Inc.","FIXED","N","00297","TERMIN","N","1980-01-01","2014-06-06","34.4","25","29.47152354","-92.36386857"
"5","1","22395","Apache Shelf, Inc.","CAIS","N","00548","TERMIN","N","1980-01-01","2012-08-12","32.6","30","29.45177588","-92.39166451"
"36","1","22471","Apache Shelf, Inc.","CAIS","N","00297","TERMIN","N","1981-01-01","2012-08-25","31.6","30","29.45883875","-92.38819143"
"40","1","22500","Apache Shelf, Inc.","CAIS","N","00297","TERMIN","N","1981-01-01","2012-08-04","31.6","21","29.4678553","-92.37838727"
"42","1","22505","Apache Shelf, Inc.","CAIS","N","00297","TERMIN","N","1981-01-01","2015-10-30","34.8","26","29.462309","-92.384143"
"43","1","22525","Apache Shelf, Inc.","CAIS","N","00297","TERMIN","N","1981-01-01","2012-07-30","31.6","30","29.45811449","-92.39274006"
"33","1","22614","Apache Shelf, Inc.","CAIS","N","00297","TERMIN","N","1980-01-01","2012-07-27","32.6","27","29.46984269","-92.37055148"
"7","1","22665","Apache Shelf, Inc.","CAIS","N","00548","TERMIN","N","1982-01-01","2012-07-19","30.5","25","29.452685","-92.383885"
"C","1","22760","Apache Shelf, Inc.","WP","N","00548","TERMIN","N","1983-01-01","2012-07-20","29.5","25","29.452453","-92.371629"
"11 & 12","1","23156","Apache Shelf, Inc.","FIXED","N","00549","TERMIN","N","1985-01-01","2015-08-13","30.6","30","29.415445","-92.374016"
"50","1","23255","Apache Shelf, Inc.","CAIS","N","G01182","TERMIN","N","1986-01-01","2012-07-10","26.5","68","28.965708","-91.999371"
"41","1","23333","Apache Shelf, Inc.","CAIS","N","00297","TERMIN","N","1989-01-01","2012-07-22","23.6","26","29.46154034","-92.38362574"
"32","2","23367","Apache Shelf, Inc.","FIXED","N","00297","TERMIN","N","1980-01-01","2014-06-03","34.4","25","29.4673079","-92.38044943"
"H    FL","1","23367","Apache Shelf, Inc.","WP","N","00297","TERMIN","N","1989-01-01","2014-05-30","25.4","25","29.467393","-92.38045"
"47","1","23616","Apache Shelf, Inc.","CAIS","N","00297","TERMIN","N","1986-01-01","2012-08-09","26.6","22","29.48739058","-92.39366233"
"52","1","24011","Apache Shelf, Inc.","CAIS","N","G01182","TERMIN","N","1991-01-01","2012-08-21","21.6","75","28.975835","-92.005939"
"A","1","10102","Apache Shelf, Inc.","FIXED","Y","G02688","TERMIN","N","1978-01-01","2014-10-02","36.8","187","28.314287","-93.987828"
"A","1","10216","Apache Shelf, Inc.","FIXED","Y","","","","1982-01-01","2018-07-03","36.5","40","29.133386","-94.195792"
"A","1","22023","Apache Shelf, Inc.","FIXED","Y","G02023","TERMIN","N","1976-01-01","2016-09-25","40.7","236","28.14824","-93.360089"
"9","1","22050","Apache Shelf, Inc.","CAIS","N","00081","TERMIN","N","1977-01-01","2009-03-07","32.2","43","29.509109","-93.276413"
"10","1","24065","Apache Shelf, Inc.","CAIS","N","00549","TERMIN","N","1993-01-01","2013-07-12","20.5","25","29.417356","-92.356996"
"52","1","27007","Apache Shelf, Inc.","FIXED","N","00297","TERMIN","N","1995-04-10","2014-05-28","19.1","25","29.45743321","-92.37482223"
"56","1","90006","Apache Shelf, Inc.","FIXED","N","G01182","TERMIN","N","1996-09-01","2012-05-15","15.7","68","28.96749195","-91.9968252"
"2","1","89","Apache Shelf, Inc.","CAIS","N","00479","TERMIN","N","1997-11-20","2013-09-14","15.8","21","29.21606413","-91.60103887"
"D(FMR.CAIS.#16)","1","167","Apache Shelf, Inc.","FIXED","Y","G01998","TERMIN","N","1998-11-29","2013-10-09","14.9","49","29.39534299","-93.20035564"
"A","1","294","Apache Shelf, Inc.","FIXED","Y","G13825","TERMIN","N","1998-12-19","2014-11-25","15.9","31","29.67973423","-93.34054378"
"E","1","397","Apache Shelf, Inc.","CAIS","Y","G01998","TERMIN","N","1999-02-13","2016-06-18","17.3","47","29.4071661","-93.24347471"
"B","1","473","Apache Shelf, Inc.","CAIS","N","G13825","TERMIN","N","1999-05-28","2014-11-08","15.4","32","29.68206329","-93.3132454"
"A","1","618","Apache Shelf, Inc.","FIXED","N","G14427","TERMIN","N","2000-05-16","2013-10-10","13.4","303","28.09687634","-92.26487191"
"A","1","751","Apache Shelf, Inc.","FIXED","Y","G21116","RELINQ","N","2000-08-10","2014-06-15","13.8","260","28.2705019","-91.31852712"
"G","1","899","Apache Shelf, Inc.","CAIS","N","G01244","TERMIN","N","2001-07-23","2012-06-29","10.9","60","28.80143678","-90.62851618"
"J","1","918","Apache Shelf, Inc.","FIXED","N","00297","TERMIN","N","2001-01-01","2014-06-25","13.5","12","29.48727949","-92.35575463"
"A","1","1058","Apache Shelf, Inc.","FIXED","Y","G21680","TERMIN","N","2002-03-13","2012-09-12","10.5","265","28.21358378","-90.61297317"
"A","1","1033","Apache Shelf, Inc.","CAIS","Y","G22238","TERMIN","N","2002-04-15","2016-08-08","14.3","48","29.16411536","-94.28428836"
"2","1","1112","Apache Shelf, Inc.","CAIS","N","G17150","TERMIN","N","2002-08-03","2013-06-03","10.8","50","29.16925048","-94.29288682"
"1","1","1301","Apache Shelf, Inc.","CAIS","N","G23193","TERMIN","N","2003-06-14","2013-09-03","10.2","33","29.43793401","-93.87400842"
"B","1","1322","Apache Shelf, Inc.","FIXED","N","G23166","TERMIN","N","2003-08-26","2013-08-03","9.9","140","28.18099747","-95.48295969"
"C","1","1339","Apache Shelf, Inc.","WP","N","G21077","TERMIN","N","2003-10-26","2013-07-01","9.7","208","28.23911365","-92.79851413"
"D","1","1399","Apache Shelf, Inc.","WP","N","G21645","TERMIN","N","2004-01-02","2014-07-26","10.6","282","28.20026196","-91.43153141"
"A","1","1419","Apache Shelf, Inc.","FIXED","Y","G23193","TERMIN","N","2004-01-22","2013-09-29","9.7","38","29.45619221","-93.89212937"
"D","1","1430","Apache Shelf, Inc.","FIXED","Y","G00987","TERMIN","N","2004-03-16","2018-11-03","14.6","193","28.41516129","-91.61313138"
"A","1","1483","Apache Shelf, Inc.","FIXED","Y","G21536","TERMIN","N","2004-01-17","2016-08-17","12.6","43","29.49749187","-93.34364118"
"1","1","1491","Apache Shelf, Inc.","CAIS","N","G23199","TERMIN","N","2004-06-20","2016-07-29","12.1","45","29.1518614","-94.11924267"
"14","1","1749","Apache Shelf, Inc.","CAIS","N","G01441","TERMIN","N","2005-04-01","2014-08-09","9.4","9","29.09825528","-91.04971917"
"1","1","1818","Apache Shelf, Inc.","CAIS","N","G23197","TERMIN","N","2006-02-28","2017-07-21","11.4","50","29.23440617","-93.8764139"
"2","1","1906","Apache Shelf, Inc.","FIXED","N","G23197","TERMIN","N","2006-12-09","2016-07-27","9.6","71","29.23573598","-93.88164545"
"C","1","1994","Apache Shelf, Inc.","CAIS","N","G25579","TERMIN","N","2006-12-15","2017-07-24","10.6","50","29.23850301","-93.87205662"
"A","1","2083","Apache Shelf, Inc.","FIXED","N","G27972","EXPIR","N","2007-10-19","2012-08-18","4.8","42","29.536126","-93.7792627"
"C","1","2505","GOM Energy Venture III, LLC","FIXED","N","G03169","PROD","S","2012-11-07","","","135","28.42157449","-90.86615995"
"C","1","24103","Sanare Energy Partners, LLC","FIXED","Y","G05687","TERMIN","N","1992-03-27","","","375","28.71832","-89.393091"
"B","1","20789","Sanare Energy Partners, LLC","FIXED","Y","00062","UNIT","S","1950-01-01","","","31","28.938076","-90.962586"
"J","1","22052","Sanare Energy Partners, LLC","FIXED","Y","G12348","UNIT","S","1978-01-01","","","20","28.954091","-90.960667"
"OF","4","22052","Sanare Energy Partners, LLC","FIXED","Y","G12348","UNIT","S","1980-01-01","","","20","28.954254","-90.96076"
"LQ","5","22052","Sanare Energy Partners, LLC","FIXED","N","G12348","UNIT","S","1980-01-01","","","20","28.95382","-90.960918"
"I","1","22084","Sanare Energy Partners, LLC","FIXED","N","00060","UNIT","S","1978-01-01","","","33","28.972006","-90.963727"
"13B","1","22175","Sanare Energy Partners, LLC","CAIS","N","00060","UNIT","S","1977-01-01","","","32","28.953992","-90.974267"
"N","1","22192","Sanare Energy Partners, LLC","CAIS","N","00060","UNIT","S","1978-08-22","","","33","28.958643","-90.966243"
"6","1","22501","Sanare Energy Partners, LLC","WP","N","00057","UNIT","S","1980-01-01","1999-05-16","19.4","33","28.980114","-90.948987"
"K","2","22501","Sanare Energy Partners, LLC","FIXED","Y","00057","UNIT","S","1981-01-01","","","33","28.980062","-90.948837"
"4","3","22501","Sanare Energy Partners, LLC","CAIS","N","00057","UNIT","S","1979-01-01","1999-05-15","20.4","33","28.980131","-90.948975"
"21","1","23120","Sanare Energy Partners, LLC","CAIS","N","00060","UNIT","S","1985-01-01","","","33","28.95474377","-90.96043282"
"A","1","23932","Sanare Energy Partners, LLC","FIXED","Y","G05498","TERMIN","N","1990-01-01","","","80","28.732422","-91.607955"
"L","1","23999","Sanare Energy Partners, LLC","CAIS","N","G12348","UNIT","S","1992-09-15","","","33","28.955716","-90.953066"
"A","1","20713","Sanare Energy Partners, LLC","FIXED","Y","G01192","PROD","S","1966-01-01","","","97","28.804659","-92.071803"
"CA","1","23208","Sanare Energy Partners, LLC","FIXED","N","G01192","PROD","S","1985-01-01","","","97","28.776233","-92.095242"
"A","1","10116","Sanare Energy Partners, LLC","FIXED","Y","G02391","PROD","S","1978-01-01","","","283","27.95564","-94.027118"
"B-AUX","2","10116","Sanare Energy Partners, LLC","FIXED","N","G02391","PROD","S","1982-01-01","","","283","27.956391","-94.027392"
"A","1","10128","Sanare Energy Partners, LLC","FIXED","Y","G03241","TERMIN","N","1979-01-01","","","182","28.355982","-93.955105"
"2","1","20881","Sanare Energy Partners, LLC","CAIS","N","00680","PROD","S","1959-01-01","","","28","29.691233","-93.599351"
"10","1","20890","Sanare Energy Partners, LLC","CAIS","N","00680","PROD","S","1961-01-01","2018-04-23","57.3","28","29.696864","-93.57994"
"A","1","20891","Sanare Energy Partners, LLC","FIXED","Y","00680","PROD","S","1960-01-01","","","28","29.693575","-93.597514"
"14","1","21011","Sanare Energy Partners, LLC","FIXED","N","00680","PROD","S","1970-01-01","","","21","29.693384","-93.581444"
"A","1","28020","Sanare Energy Partners, LLC","FIXED","Y","","","","1995-08-10","","","172","28.39026518","-93.9334069"
"M","1","32011","Sanare Energy Partners, LLC","FIXED","N","G12349","UNIT","S","1995-01-01","","","30","28.93990378","-90.97407633"
"JA","1","29040","Sanare Energy Partners, LLC","FIXED","Y","G13563","TERMIN","N","1996-04-29","","","71","28.9240605","-93.15463911"
"1","1","1641","Sanare Energy Partners, LLC","CAIS","N","G23730","TERMIN","N","2005-01-26","","","26","29.70266672","-93.53982432"
"G","2","1641","Sanare Energy Partners, LLC","FIXED","Y","G23730","TERMIN","N","2005-10-06","","","26","29.70257243","-93.54003332"
"2","1","1639","Sanare Energy Partners, LLC","CAIS","N","G21534","TERMIN","N","2005-01-29","","","34","29.64665093","-93.56543151"
"B","1","783","Sanare Energy Partners, LLC","FIXED","N","G11383","TERMIN","N","2000-09-09","","","177","28.40485287","-93.94137798"
"B","1","1252","Sanare Energy Partners, LLC","FIXED","N","G21532","TERMIN","N","2003-05-24","","","34","29.65248163","-93.5690095"
"B-AUX 1 BRG 2KR","2","1252","Sanare Energy Partners, LLC","MOPU","N","G21532","TERMIN","N","2003-06-06","2008-07-18","5.1","34","29.65248163","-93.5690095"
"Cais.#14","1","1268","Sanare Energy Partners, LLC","CAIS","N","00057","UNIT","S","2003-10-01","","","25","28.98237156","-90.95446694"
"2","1","1398","Sanare Energy Partners, LLC","CAIS","N","G21532","TERMIN","N","2003-11-21","","","34","29.66092992","-93.56682698"
"2","1","1653","Sanare Energy Partners, LLC","CAIS","N","G23730","TERMIN","N","2005-03-13","","","26","29.70590878","-93.53052634"
"33","1","1939","Sanare Energy Partners, LLC","CAIS","N","00060","UNIT","S","2007-02-13","","","33","28.97325211","-90.95233421"
"D","1","2038","Sanare Energy Partners, LLC","CAIS","N","00680","PROD","S","2007-08-15","","","28","29.69370273","-93.59810844"
"D-AUX 1","2","2038","Sanare Energy Partners, LLC","CAIS","N","00680","PROD","S","2009-09-06","","","28","29.69376532","-93.59814766"
"A","1","2050","Sanare Energy Partners, LLC","FIXED","N","G22268","TERMIN","N","2007-07-07","","","165","28.41132767","-93.88791867"
"3","1","2119","Sanare Energy Partners, LLC","CAIS","N","G21534","TERMIN","N","2008-07-17","","","37","29.63230887","-93.5656406"
"J","1","2171","Sanare Energy Partners, LLC","FIXED","Y","00810","UNIT","S","2008-06-20","","","180","28.47606504","-91.84301598"
"16","1","2217","Sanare Energy Partners, LLC","CAIS","N","G12345","UNIT","S","2008-05-27","","","33","28.9803895","-90.95753595"
"D","1","2275","Sanare Energy Partners, LLC","FIXED","Y","G25937","TERMIN","N","2009-10-03","","","55","29.33651852","-92.98828894"
"B","1","2469","Sanare Energy Partners, LLC","FIXED","N","G32207","RELINQ","N","2012-05-07","","","242","28.25926368","-91.06088608"
"A","1","2423","Gulf Offshore LLC","FIXED","Y","G30385","","","2011-04-15","","","87","28.92077467","-92.22686902"
"A","1","21337","Avocet LNG, LLC","FIXED","Y","G01997","TERMIN","N","1972-01-01","2021-07-25","49.6","44","29.396277","-93.25099"
"A-AUX1","2","21337","Avocet LNG, LLC","FIXED","Y","G01997","TERMIN","N","1972-01-01","2021-07-27","49.6","44","29.396273","-93.251304"
"A-AUX2","3","21337","Avocet LNG, LLC","FIXED","Y","G01997","TERMIN","N","1977-01-01","","","44","29.396268","-93.25159"
"23","1","20281","Nugulf Operating, L.L.C.","FIXED","N","00694","TERMIN","N","1960-01-01","","","35","28.970884","-89.241993"
"38","1","20284","Nugulf Operating, L.L.C.","FIXED","N","00694","TERMIN","N","1961-01-01","","","55","28.965606","-89.252423"
"49","1","20292","Nugulf Operating, L.L.C.","FIXED","N","00353","TERMIN","N","1958-01-01","","","36","28.978209","-89.24597"
"5 Z","1","20297","Nugulf Operating, L.L.C.","FIXED","N","00694","TERMIN","N","1959-01-01","","","45","28.976433","-89.248071"
"9 Z","1","20300","Nugulf Operating, L.L.C.","FIXED","N","00694","TERMIN","N","1959-01-01","","","35","28.97458","-89.246045"
"Z","1","20302","Nugulf Operating, L.L.C.","FIXED","Y","00694","TERMIN","N","1960-01-01","","","75","28.969785","-89.245275"
"13 V","1","20312","Nugulf Operating, L.L.C.","FIXED","N","00694","TERMIN","N","1966-01-01","","","65","28.971302","-89.266766"
"10","1","20313","Nugulf Operating, L.L.C.","FIXED","N","00694","TERMIN","N","1961-01-01","","","40","28.974491","-89.241906"
"12","1","20314","Nugulf Operating, L.L.C.","FIXED","N","00694","TERMIN","N","1960-01-01","","","35","28.971236","-89.26264"
"15","1","20315","Nugulf Operating, L.L.C.","FIXED","N","00694","TERMIN","N","1960-01-01","","","40","28.970951","-89.24612"
"16","1","20316","Nugulf Operating, L.L.C.","FIXED","N","00694","TERMIN","N","1960-01-01","","","35","28.974646","-89.250172"
"21 V","1","20317","Nugulf Operating, L.L.C.","FIXED","N","00694","TERMIN","N","1960-01-01","","","35","28.968475","-89.266812"
"18","1","20318","Nugulf Operating, L.L.C.","FIXED","N","00694","TERMIN","N","1960-01-01","","","35","28.967585","-89.262702"
"66","1","20359","Nugulf Operating, L.L.C.","FIXED","N","00694","TERMIN","N","1962-01-01","","","55","28.962832","-89.26305"
"A71","1","20360","Nugulf Operating, L.L.C.","FIXED","N","00694","TERMIN","N","1962-01-01","","","45","28.965617","-89.244511"
"130","1","20366","Nugulf Operating, L.L.C.","FIXED","N","00353","TERMIN","N","1964-01-01","","","36","28.979663","-89.264674"
"93","1","20399","Nugulf Operating, L.L.C.","FIXED","N","00694","TERMIN","N","1967-01-01","","","50","28.972683","-89.257287"
"79","1","20400","Nugulf Operating, L.L.C.","FIXED","N","00694","TERMIN","N","1964-01-01","","","45","28.968552","-89.262495"
"24","1","20403","Nugulf Operating, L.L.C.","FIXED","N","00694","TERMIN","N","1960-01-01","","","60","28.967321","-89.246195"
"A17","1","20405","Nugulf Operating, L.L.C.","FIXED","N","00694","TERMIN","N","1960-01-01","","","35","28.971169","-89.259814"
"1 V","1","20407","Nugulf Operating, L.L.C.","FIXED","N","00694","TERMIN","N","1959-01-01","","","36","28.976691","-89.264579"
"AA WEST","1","20478","Nugulf Operating, L.L.C.","FIXED","N","00694","TERMIN","N","1960-01-01","","","65","28.96232","-89.238668"
"AA East","2","20478","Nugulf Operating, L.L.C.","FIXED","N","00694","TERMIN","N","1960-01-01","","","65","28.96260697","-89.23792"
"37","1","20544","Nugulf Operating, L.L.C.","FIXED","N","00694","TERMIN","N","1961-01-01","","","35","28.9607","-89.238077"
"33","1","20546","Nugulf Operating, L.L.C.","FIXED","N","00694","TERMIN","N","1960-01-01","","","35","28.964792","-89.237679"
"60","1","20547","Nugulf Operating, L.L.C.","FIXED","N","00694","TERMIN","N","1962-01-01","","","65","28.964773","-89.236522"
"99","1","20549","Nugulf Operating, L.L.C.","FIXED","N","00694","TERMIN","N","1968-01-01","","","35","28.966156","-89.229344"
"30","1","20550","Nugulf Operating, L.L.C.","FIXED","N","00694","TERMIN","N","1960-01-01","","","50","28.961594","-89.246326"
"48","1","20681","Nugulf Operating, L.L.C.","FIXED","N","00694","TERMIN","N","1967-01-01","","","70","28.962224","-89.252493"
"B","1","58","Fieldwood Energy Offshore LLC","FIXED","N","G03593","TERMIN","N","1997-09-18","2021-06-24","23.8","110","28.51054344","-90.67861182"
"B","1","137","Fieldwood Energy Offshore LLC","FIXED","Y","G12020","TERMIN","N","1998-01-25","2017-07-31","19.5","160","28.51565105","-90.27744176"
"A","1","319","Fieldwood Energy Offshore LLC","FIXED","Y","G16320","EXPIR","N","1998-10-19","2024-08-22","25.8","93","28.81291459","-91.97581825"
"B","1","317","Fieldwood Energy Offshore LLC","FIXED","N","G16320","EXPIR","N","1998-11-09","2023-09-14","24.8","93","28.80378507","-91.97469873"
"1","1","351","Fieldwood Energy Offshore LLC","CAIS","N","G17964","RELINQ","N","2001-04-15","2011-03-09","9.9","22","29.05744386","-91.58933439"
"C","1","458","Fieldwood Energy Offshore LLC","FIXED","N","G16320","EXPIR","N","1999-06-01","2021-08-01","22.2","97","28.7975179","-91.97972214"
"A","1","637","Fieldwood Energy Offshore LLC","FIXED","N","G15078","TERMIN","N","2000-03-21","2015-11-07","15.6","47","29.27878607","-93.60243836"
"A","1","761","Fieldwood Energy Offshore LLC","FIXED","Y","G32786","RELINQ","N","2000-12-01","2011-08-29","10.7","165","28.43669067","-93.44584369"
"B","1","827","Fieldwood Energy Offshore LLC","FIXED","Y","G17188","TERMIN","N","2000-11-25","2018-07-29","17.7","194","28.13360126","-94.43891542"
"J","1","859","Fieldwood Energy Offshore LLC","FIXED","N","G01027","TERMIN","N","2001-02-09","2022-08-15","21.5","162","28.43829495","-91.27344737"
"2","1","910","Fieldwood Energy Offshore LLC","CAIS","N","G17964","RELINQ","N","2001-06-15","2011-03-09","9.7","22","29.05809458","-91.58276069"
"3","1","917","Fieldwood Energy Offshore LLC","CAIS","N","G15078","TERMIN","N","2001-05-01","2015-11-03","14.5","47","29.25103332","-93.60543087"
"C","1","929","Fieldwood Energy Offshore LLC","FIXED","Y","00508","TERMIN","N","2001-08-15","2015-06-09","13.8","45","29.44902","-94.11863983"
"3","1","1059","Fieldwood Energy Offshore LLC","CAIS","N","G17964","RELINQ","N","1996-09-05","2011-03-10","14.5","22","29.0637728","-91.58440902"
"A","1","1062","Fieldwood Energy Offshore LLC","FIXED","Y","G21580","TERMIN","N","2001-11-08","2020-12-21","19.1","183","28.48493872","-92.74208174"
"A","1","1063","Fieldwood Energy Offshore LLC","FIXED","N","G16535","TERMIN","N","2001-01-01","2021-06-30","20.5","103","29.88324129","-88.46872346"
"B","1","1118","Fieldwood Energy Offshore LLC","CAIS","Y","G20655","TERMIN","N","2002-06-04","2015-10-19","13.4","40","29.49302049","-94.01919287"
"A","1","1147","Fieldwood Energy Offshore LLC","FIXED","Y","G22510","RELINQ","N","2002-08-30","2020-09-10","18","43","29.55749917","-93.2329752"
"D","1","1205","Fieldwood Energy Offshore LLC","FIXED","Y","G01172","TERMIN","N","2003-02-22","2022-10-21","19.7","214","28.29272123","-92.2058001"
"D","1","1257","Fieldwood Energy Offshore LLC","FIXED","Y","G22792","TERMIN","N","2003-03-17","2015-09-05","12.5","56","29.57086586","-88.7721742"
"B","1","1254","Fieldwood Energy Offshore LLC","FIXED","Y","G22792","TERMIN","N","2003-01-01","2015-09-17","12.7","52","29.58063142","-88.73267195"
"B","1","1267","Fieldwood Energy Offshore LLC","FIXED","Y","G21142","TERMIN","N","2003-07-01","2019-08-07","16.1","35","29.4777873","-88.98995641"
"CAIS.#1","1","1296","Fieldwood Energy Offshore LLC","CAIS","N","G23735","TERMIN","N","2003-08-08","2022-05-23","18.8","37","29.60889126","-93.17018022"
"3","2","1296","Fieldwood Energy Offshore LLC","CAIS","N","G23735","TERMIN","N","2006-02-25","2022-05-26","16.2","37","29.60882256","-93.17017581"
"A","1","1333","Fieldwood Energy Offshore LLC","WP","N","G19797","TERMIN","N","2004-03-14","2018-08-29","14.5","288","28.13432603","-91.77735524"
"C","1","1417","Fieldwood Energy Offshore LLC","CAIS","N","G03738","TERMIN","N","2004-04-04","2014-10-24","10.6","54","29.0507482","-94.73260533"
"A","1","1513","Fieldwood Energy Offshore LLC","FIXED","Y","G24873","TERMIN","N","2004-07-19","2016-09-27","12.2","188","28.43042103","-91.90949476"
"#6","1","1524","Fieldwood Energy Offshore LLC","CAIS","N","G22792","TERMIN","N","2005-01-01","2015-08-31","10.7","80","29.59459484","-88.73118575"
"2","1","1514","Fieldwood Energy Offshore LLC","CAIS","N","G23735","TERMIN","N","2004-08-25","2021-09-21","17.1","39","29.58003558","-93.20122786"
"A","1","1725","Fieldwood Energy Offshore LLC","FIXED","Y","G22712","RELINQ","N","2005-06-06","2013-09-29","8.3","78","28.56323362","-90.77883043"
"2","1","1746","Fieldwood Energy Offshore LLC","CAIS","N","G22712","RELINQ","N","2005-07-30","2014-08-09","9","72","28.58167574","-90.79280876"
"C","1","1747","Fieldwood Energy Offshore LLC","FIXED","Y","G25536","TERMIN","N","2006-01-04","2013-07-28","7.6","50","28.85081039","-94.80470175"
"A","1","1792","Fieldwood Energy Offshore LLC","FIXED","Y","G22797","TERMIN","N","2007-12-18","2018-07-30","10.6","69","29.45941229","-88.76610448"
"A","1","1760","Fieldwood Energy Offshore LLC","FIXED","N","G23933","TERMIN","N","2006-02-21","2021-11-02","15.7","160","28.34938615","-90.6686976"
"1","1","1815","Fieldwood Energy Offshore LLC","CAIS","N","G27196","RELINQ","N","2006-03-09","2019-08-06","13.4","55","29.47212507","-88.87790674"
"1","1","1960","Fieldwood Energy Offshore LLC","CAIS","N","G24721","TERMIN","N","2007-06-01","2014-07-31","7.2","72","29.08214553","-93.19460887"
"A","1","1956","Fieldwood Energy Offshore LLC","FIXED","N","","","","2006-09-01","2018-10-26","12.2","100","28.89933176","-89.36805041"
"C","1","2037","Fieldwood Energy Offshore LLC","FIXED","Y","G23840","TERMIN","N","2007-06-20","2016-10-02","9.3","107","28.77033853","-92.07066841"
"C","1","2031","Fieldwood Energy Offshore LLC","FIXED","Y","G02735","TERMIN","N","2007-04-22","2017-06-28","10.2","210","28.2599452","-93.55010248"
"B","1","2075","Fieldwood Energy Offshore LLC","CAIS","N","G23771","TERMIN","N","2007-07-30","2014-08-22","7.1","106","28.70657317","-93.06599982"
"1","1","2081","Fieldwood Energy Offshore LLC","CAIS","N","G27201","TERMIN","N","2007-08-15","2017-07-03","9.9","60","29.50625019","-88.80963684"
"D","1","2157","Fieldwood Energy Offshore LLC","CAIS","Y","G27834","TERMIN","N","2008-06-09","2013-12-18","5.5","92","28.86573704","-92.73779107"
"B","1","2160","Fieldwood Energy Offshore LLC","FIXED","N","G25019","TERMIN","N","2008-09-23","2018-06-23","9.7","95","29.42096258","-88.76678691"
"B","1","2181","Fieldwood Energy Offshore LLC","FIXED","Y","G03793","TERMIN","N","2008-06-23","2021-07-22","13.1","159","28.72358085","-90.01154355"
"10","1","2511","Fieldwood Energy Offshore LLC","CAIS","N","G03419","TERMIN","N","2012-12-14","2017-06-28","4.5","58","29.45733611","-88.83047921"
"F","1","22272","Fieldwood Energy LLC","WP","N","00797","TERMIN","N","1979-01-01","2014-11-15","35.9","42","29.041013","-91.470827"
"A","1","22273","Fieldwood Energy LLC","FIXED","N","G03811","TERMIN","N","1980-01-01","2015-07-20","35.5","26","29.036369","-91.583073"
"BB","1","22423","Fieldwood Energy LLC","FIXED","Y","00820","TERMIN","N","1980-01-01","2023-07-10","43.5","57","28.646151","-91.019776"
"A","1","22447","Fieldwood Energy LLC","FIXED","Y","G15241","TERMIN","N","1981-01-01","2016-10-09","35.8","31","29.026494","-91.527274"
"A-3","2","22447","Fieldwood Energy LLC","CAIS","N","G15241","TERMIN","N","2005-10-15","2016-10-07","11","31","29.02656045","-91.52719551"
"C","1","22879","Fieldwood Energy LLC","FIXED","Y","00820","TERMIN","N","1983-01-01","2023-07-27","40.6","56","28.644791","-91.026014"
"32","1","22999","Fieldwood Energy LLC","CAIS","N","00049","TERMIN","N","1984-01-01","2014-11-02","30.8","36","28.98644439","-91.47736089"
"JA","1","23529","Fieldwood Energy LLC","FIXED","Y","G05044","TERMIN","N","1987-01-01","2021-07-29","34.6","145","28.380183","-90.774538"
"JB","1","23553","Fieldwood Energy LLC","FIXED","Y","G05560","TERMIN","N","1987-01-01","2018-09-20","31.7","150","28.384663","-90.810489"
"A","1","23915","Fieldwood Energy LLC","FIXED","Y","G09591","TERMIN","N","1990-01-01","2018-08-21","28.6","197","28.38045821","-91.47155695"
"C","1","23949","Fieldwood Energy LLC","FIXED","Y","G22679","TERMIN","N","1991-01-01","2019-10-14","28.8","225","28.28059267","-91.80171963"
"A","1","20502","Fieldwood Energy LLC","FIXED","Y","G00971","TERMIN","N","1970-01-01","2018-07-21","48.6","165","28.471907","-92.914782"
"A","1","20705","Fieldwood Energy LLC","FIXED","Y","G01194","PROD","S","1964-01-01","2015-08-17","51.6","130","28.67384","-92.095225"
"JA","2","20705","Fieldwood Energy LLC","WP","N","G01194","PROD","S","1983-01-01","2012-10-15","29.8","130","28.674629","-92.095197"
"D-QUARTER","3","20705","Fieldwood Energy LLC","FIXED","N","G01194","PROD","S","1980-12-05","2015-03-05","34.2","130","28.67424375","-92.09672743"
"16","1","20899","Fieldwood Energy LLC","CAIS","N","G01182","TERMIN","N","1967-01-01","2013-09-24","46.7","70","28.965548","-91.986356"
"L","1","20904","Fieldwood Energy LLC","FIXED","Y","G01182","TERMIN","N","1971-01-01","2013-09-26","42.7","70","28.958763","-91.979897"
"A","1","20920","Fieldwood Energy LLC","FIXED","Y","G01182","TERMIN","N","1965-01-01","2013-09-06","48.7","70","28.970174","-92.007293"
"D-CMP","2","20920","Fieldwood Energy LLC","FIXED","Y","G01182","TERMIN","N","1970-01-01","2013-05-24","43.4","70","28.969954","-92.007292"
"A","1","24048","Fieldwood Energy LLC","FIXED","Y","G08680","TERMIN","N","1993-04-20","2021-07-17","28.2","75","28.924482","-92.001193"
"A","1","10064","Fieldwood Energy LLC","FIXED","Y","G02423","TERMIN","N","1975-01-01","2016-08-05","41.6","220","28.132613","-93.675932"
"B","1","10081","Fieldwood Energy LLC","FIXED","Y","G02423","TERMIN","N","1977-01-01","2016-08-01","39.6","227","28.12004641","-93.67398225"
"B-AUX","2","10081","Fieldwood Energy LLC","FIXED","N","G02423","TERMIN","N","1978-01-01","2016-06-29","38.5","227","28.11949693","-93.67401049"
"A","1","10203","Fieldwood Energy LLC","FIXED","Y","G03940","TERMIN","N","1982-01-01","2017-06-14","35.4","140","28.057664","-95.872096"
"B","2","10203","Fieldwood Energy LLC","FIXED","Y","G03940","TERMIN","N","1982-01-01","2017-07-14","35.5","140","28.057807","-95.871655"
"A-PROCESS","1","10428","Fieldwood Energy LLC","FIXED","Y","","","","1988-01-01","2018-08-01","30.6","66","29.228878","-93.791066"
"A-PROCESS","1","10450","Fieldwood Energy LLC","FIXED","Y","","","","1988-01-01","","","49","29.281262","-93.755472"
"C","4","10545","Fieldwood Energy LLC","WP","N","G02423","TERMIN","N","1992-01-28","2016-07-22","24.5","232","28.103885","-93.651931"
"2","1","20498","Fieldwood Energy LLC","CAIS","N","00758","TERMIN","N","1960-01-01","2019-06-26","59.5","48","29.378247","-93.547642"
"A","2","20498","Fieldwood Energy LLC","FIXED","Y","00758","TERMIN","N","1976-01-01","2019-06-26","43.5","48","29.377998","-93.547709"
"A","1","21227","Fieldwood Energy LLC","FIXED","Y","00526","TERMIN","N","1958-01-01","2018-05-12","60.4","33","29.626434","-93.034695"
"D","1","21465","Fieldwood Energy LLC","CAIS","N","G01953","TERMIN","N","1970-01-01","2019-07-17","49.5","45","29.431302","-93.166441"
"A","1","22321","Fieldwood Energy LLC","FIXED","Y","G04090","TERMIN","N","1980-01-01","2016-09-18","36.7","44","29.29229","-93.615319"
"A","1","22334","Fieldwood Energy LLC","FIXED","Y","G03958","TERMIN","N","1980-01-01","2019-09-30","39.7","39","29.497437","-93.780947"
"JA","2","22334","Fieldwood Energy LLC","FIXED","Y","G03958","TERMIN","N","1980-01-01","2019-09-13","39.7","39","29.498209","-93.780667"
"13","1","22870","Fieldwood Energy LLC","CAIS","N","00758","TERMIN","N","1984-01-01","2019-07-03","35.5","50","29.367747","-93.527786"
"A-PROCESS","1","23036","Fieldwood Energy LLC","FIXED","Y","","","","1984-01-01","2022-06-18","38.5","43","29.344908","-93.634327"
"A","1","23183","Fieldwood Energy LLC","FIXED","Y","G05299","TERMIN","N","1985-01-01","2018-05-17","33.4","42","29.373199","-93.63344"
"A","1","23629","Fieldwood Energy LLC","FIXED","Y","","","","1986-01-01","2018-05-29","32.4","61","29.16548","-93.47402"
"3","2","23659","Fieldwood Energy LLC","CAIS","N","G05299","TERMIN","N","1994-09-04","2018-05-16","23.7","42","29.38305861","-93.63662725"
"2","1","23659","Fieldwood Energy LLC","FIXED","N","G05299","TERMIN","N","1987-01-01","2018-05-15","31.4","42","29.383","-93.636852"
"10 & 12","1","23705","Fieldwood Energy LLC","CAIS","N","G01953","TERMIN","N","1989-01-01","2018-06-01","29.4","45","29.43633506","-93.15622803"
"A","1","10179","Fieldwood Energy LLC","FIXED","Y","G03733","TERMIN","N","1981-01-01","2015-09-04","34.7","128","27.895548","-96.427985"
"B-DRIL","1","10205","Fieldwood Energy LLC","FIXED","Y","G03088","TERMIN","N","1982-01-01","2020-12-20","39","81","28.106585","-96.429913"
"B-PRD","2","10205","Fieldwood Energy LLC","FIXED","Y","G03088","TERMIN","N","1982-01-01","2020-12-27","39","81","28.106253","-96.430244"
"JA","1","10257","Fieldwood Energy LLC","FIXED","Y","G04703","TERMIN","N","1985-01-01","2015-09-24","30.7","131","27.935365","-96.336005"
"G","1","10324","Fieldwood Energy LLC","FIXED","N","G06043","TERMIN","N","1988-01-01","2020-10-21","32.8","85","28.089838","-96.391665"
"B","1","10369","Fieldwood Energy LLC","FIXED","Y","G04699","TERMIN","N","1991-01-01","2018-07-04","27.5","300","27.607555","-96.253691"
"1","1","28011","Fieldwood Energy LLC","CAIS","N","G12564","TERMIN","N","1994-12-01","2019-06-13","24.5","30","29.43822362","-93.78798163"
"A","2","28011","Fieldwood Energy LLC","CAIS","Y","G12564","TERMIN","N","2001-09-26","2019-06-13","17.7","30","29.43835571","-93.78833281"
"A","1","24193","Fieldwood Energy LLC","FIXED","Y","G07825","TERMIN","N","1994-09-26","2016-08-01","21.8","332","29.32035058","-87.81253673"
"15","1","26108","Fieldwood Energy LLC","CAIS","N","00046","TERMIN","N","1994-09-09","2018-08-19","23.9","17","29.06140649","-91.69798227"
"CAISS. #1","1","24108","Fieldwood Energy LLC","FIXED","N","","","","1994-01-01","","","64","28.80374292","-90.4271773"
"17","1","26118","Fieldwood Energy LLC","CAIS","N","00046","TERMIN","N","1995-05-06","2018-08-16","23.3","17","29.05664041","-91.69813088"
"F","1","10395","Fieldwood Energy LLC","FIXED","N","G06043","TERMIN","N","1995-10-15","2020-10-15","25","89","28.08948797","-96.39846368"
"A","1","32015","Fieldwood Energy LLC","FIXED","Y","00046","TERMIN","N","1996-01-05","2019-05-15","23.4","23","29.06822","-91.703221"
"18","1","32007","Fieldwood Energy LLC","CAIS","N","00046","TERMIN","N","1996-01-16","2018-08-20","22.6","15","29.08067546","-91.70244394"
"19","1","32024","Fieldwood Energy LLC","CAIS","N","00046","TERMIN","N","1996-03-10","2018-07-30","22.4","16","29.06957756","-91.70114499"
"3","1","32014","Fieldwood Energy LLC","CAIS","N","G10721","TERMIN","N","1996-01-12","2013-07-26","17.5","12","29.09882858","-91.70124563"
"B","1","28044","Fieldwood Energy LLC","CAIS","N","G06156","TERMIN","N","1996-03-22","2016-08-25","20.4","45","29.30331721","-93.96173508"
"CAIS.#2","2","28044","Fieldwood Energy LLC","CAIS","N","G06156","TERMIN","N","1999-07-04","2016-08-24","17.1","45","29.30332088","-93.96183226"
"5","3","28044","Fieldwood Energy LLC","CAIS","N","G06156","TERMIN","N","2006-08-23","2016-08-23","10","45","29.30348904","-93.96161985"
"21","1","26133","Fieldwood Energy LLC","CAIS","N","00423","TERMIN","N","1995-08-24","2019-05-12","23.7","60","28.76068096","-91.3475499"
"CAIS.#22","2","26133","Fieldwood Energy LLC","CAIS","N","00423","TERMIN","N","2001-03-22","2019-05-12","18.1","60","28.76065896","-91.34754365"
"4","1","32034","Fieldwood Energy LLC","CAIS","N","G10721","TERMIN","N","1996-08-04","2014-11-14","18.3","12","29.10402838","-91.70718235"
"JA","1","32031","Fieldwood Energy LLC","FIXED","Y","G14535","TERMIN","N","1996-05-21","2021-10-09","25.4","63","28.83673358","-90.52904187"
"20","1","32039","Fieldwood Energy LLC","CAIS","N","00046","TERMIN","N","1996-10-27","2018-09-02","21.8","19","29.06707457","-91.69978998"
"3","1","80012","Fieldwood Energy LLC","CAIS","N","G03811","TERMIN","N","1997-02-25","2017-08-09","20.5","31","29.01785","-91.57273781"
"C","1","80013","Fieldwood Energy LLC","CAIS","Y","G12940","TERMIN","N","1997-11-05","2014-08-23","16.8","40","28.81067683","-91.26964866"
"A","1","70008","Fieldwood Energy LLC","WP","N","G15740","TERMIN","N","1996-10-26","2018-05-17","21.6","53","29.2254471","-94.57835103"
"JB","1","25","Fieldwood Energy LLC","CAIS","N","G14535","TERMIN","N","1997-09-05","2021-10-11","24.1","64","28.84769523","-90.5240105"
"24","1","38","Fieldwood Energy LLC","CAIS","N","00797","TERMIN","N","1997-08-20","2014-10-17","17.2","24","29.04565563","-91.45039018"
"JC","1","26","Fieldwood Energy LLC","CAIS","N","G14535","TERMIN","N","1997-09-05","2014-09-06","17","63","28.85011971","-90.5172542"
"A","1","78","Fieldwood Energy LLC","WP","N","G17858","TERMIN","N","1998-05-05","2018-05-26","20.1","86","28.88316686","-92.98648969"
"CAIS.#23","1","150","Fieldwood Energy LLC","CAIS","N","00044","TERMIN","N","1998-02-08","2018-07-25","20.5","12","29.12645494","-91.7188814"
"1","1","217","Fieldwood Energy LLC","CAIS","N","G16470","TERMIN","N","1998-07-08","2014-08-22","16.1","85","29.09718539","-89.73696131"
"G","1","242","Fieldwood Energy LLC","FIXED","N","00820","TERMIN","N","1998-09-06","2023-07-25","24.9","51","28.66971639","-91.00481926"
"CAIS.#36","1","295","Fieldwood Energy LLC","CAIS","N","00049","TERMIN","N","1999-05-02","2017-06-08","18.1","32","29.00617696","-91.48901905"
"A","1","417","Fieldwood Energy LLC","FIXED","N","G05169","TERMIN","N","1999-04-08","2020-11-03","21.6","69","28.37877957","-96.08429385"
"25","1","650","Fieldwood Energy LLC","CAIS","N","00797","TERMIN","N","2002-10-31","2014-11-01","12","25","29.03116532","-91.44194389"
"CAIS.#4","1","800","Fieldwood Energy LLC","CAIS","N","G06156","TERMIN","N","2001-01-26","2014-06-23","13.4","43","29.31042582","-93.94487412"
"B","1","870","Fieldwood Energy LLC","FIXED","Y","G04002","RELINQ","N","2001-01-17","2019-08-04","18.5","82","29.04486337","-89.9348483"
"1","1","849","Fieldwood Energy LLC","CAIS","N","","","","2000-12-21","2018-05-23","17.4","58","29.17469443","-93.64618901"
"B","2","849","Fieldwood Energy LLC","FIXED","Y","","","","2009-10-01","2018-05-23","8.6","58","29.17469443","-93.64618901"
"B","1","853","Fieldwood Energy LLC","FIXED","N","G01880","TERMIN","N","2001-04-01","2019-06-09","18.2","166","28.45205617","-92.9251027"
"F","1","942","Fieldwood Energy LLC","FIXED","N","G05612","TERMIN","N","2001-05-19","2018-08-16","17.2","155","28.44378562","-90.38121654"
"CAIS.F","1","1060","Fieldwood Energy LLC","CAIS","N","G02825","RELINQ","N","2002-04-01","2019-07-07","17.3","37","29.63380908","-93.18896856"
"A","1","1219","Fieldwood Energy LLC","CAIS","N","G18011","TERMIN","N","2004-05-21","2018-07-17","14.2","58","28.70594643","-91.23772601"
"#3","1","1515","Fieldwood Energy LLC","WP","N","G18011","TERMIN","N","2004-09-01","2018-07-22","13.9","56","28.70991152","-91.2376474"
"4","1","1484","Fieldwood Energy LLC","CAIS","N","G06069","TERMIN","N","2005-09-04","2021-11-06","16.2","70","28.39258928","-95.87933736"
"2","1","1686","Fieldwood Energy LLC","CAIS","N","G22236","TERMIN","N","2005-04-08","2017-07-19","12.3","40","29.21526138","-94.01096156"
"A","1","1739","Fieldwood Energy LLC","FIXED","Y","G26152","TERMIN","N","2005-09-30","2017-06-26","11.7","130","29.61094975","-88.40177255"
"C","1","1955","Fieldwood Energy LLC","FIXED","N","","","","2007-01-01","","","10","29.68139393","-93.01527095"
"D","1","2138","Fieldwood Energy LLC","FIXED","Y","G02592","PROD","S","2008-08-06","2022-08-10","14","234","28.21580133","-92.12444462"
"A","1","2197","Fieldwood Energy LLC","FIXED","N","G27173","TERMIN","N","2008-12-02","2019-07-31","10.7","118","28.92202719","-89.93951532"
"4","1","2293","Fieldwood Energy LLC","CAIS","N","G01181","TERMIN","N","2009-09-09","2021-10-24","12.1","71","28.96426632","-91.97261207"
"H","1","2421","Fieldwood Energy LLC","FIXED","Y","G03088","TERMIN","N","2011-03-17","2020-11-01","9.6","84","28.1180389","-96.39117906"
"A","1","2219","Apache Shelf Exploration LLC","FIXED","N","G25933","TERMIN","N","2008-09-15","2025-09-12","17","39","29.49330014","-92.6396654"
"A","1","1319","Bennu Oil & Gas, LLC","FIXED","Y","G19822","TERMIN","N","2003-11-08","2021-10-25","18","419","28.03419123","-91.02968999"
"A","1","1942","Bennu Oil & Gas, LLC","FIXED","N","G26078","TERMIN","N","2006-10-09","2021-10-09","15","339","28.06653177","-90.99462611"
"A","1","2027","Bennu Oil & Gas, LLC","FIXED","Y","G27532","TERMIN","N","2007-07-15","","","477","27.8930966","-94.32367099"
"40","1","20273","Whitney Oil & Gas, LLC","WP","N","00353","TERMIN","N","1958-01-01","2011-10-31","53.8","36","28.981258","-89.245906"
"41","1","20274","Whitney Oil & Gas, LLC","WP","N","00353","TERMIN","N","1958-01-01","2014-10-18","56.8","36","28.978538","-89.266605"
"28","1","20279","Whitney Oil & Gas, LLC","WP","N","00352","TERMIN","N","1958-01-01","2012-07-05","54.5","35","28.978645","-89.27335901"
"SAT #42","1","20283","Whitney Oil & Gas, LLC","WP","N","00353","TERMIN","N","1958-01-01","2012-09-20","54.7","36","28.978407","-89.258351"
"46","1","20294","Whitney Oil & Gas, LLC","WP","N","00353","TERMIN","N","1958-01-01","2012-09-21","54.7","38","28.984821","-89.241704"
"A-49","1","20298","Whitney Oil & Gas, LLC","WP","N","00694","TERMIN","N","1961-01-01","2014-10-18","53.8","55","28.976539","-89.261986"
"50","1","20307","Whitney Oil & Gas, LLC","WP","N","00353","TERMIN","N","1958-01-01","2011-11-11","53.9","36","28.981192","-89.241779"
"51","1","20309","Whitney Oil & Gas, LLC","WP","N","00353","TERMIN","N","1958-01-01","2011-11-05","53.8","36","28.978275","-89.250097"
"58","1","20343","Whitney Oil & Gas, LLC","WP","N","00694","TERMIN","N","1961-01-01","2012-09-22","51.7","40","28.974422","-89.236228"
"29","1","20348","Whitney Oil & Gas, LLC","WP","N","00694","TERMIN","N","1962-01-01","2011-11-05","49.8","50","28.97469","-89.254287"
"54","1","20349","Whitney Oil & Gas, LLC","WP","N","00353","TERMIN","N","1958-01-01","2014-10-17","56.8","38","28.984733","-89.237564"
"68","1","20357","Whitney Oil & Gas, LLC","WP","N","00694","TERMIN","N","1962-01-01","2011-11-11","49.9","40","28.972824","-89.239451"
"55","1","20362","Whitney Oil & Gas, LLC","WP","N","00353","TERMIN","N","1958-01-01","2012-09-21","54.7","36","28.981126","-89.237652"
"60","1","20363","Whitney Oil & Gas, LLC","WP","N","00353","TERMIN","N","1959-01-01","2012-09-20","53.7","36","28.981324","-89.250034"
"110","1","20367","Whitney Oil & Gas, LLC","WP","N","00353","TERMIN","N","1962-01-01","2011-11-09","49.9","36","28.979827","-89.239665"
"59","1","20368","Whitney Oil & Gas, LLC","WP","N","00353","TERMIN","N","1959-01-01","2012-09-22","53.7","36","28.978077","-89.237715"
"69","1","20369","Whitney Oil & Gas, LLC","WP","N","00353","TERMIN","N","1961-01-01","2012-09-23","51.7","36","28.978032","-89.2336"
"53","1","20370","Whitney Oil & Gas, LLC","WP","N","00353","TERMIN","N","1958-01-01","2012-09-22","54.7","36","28.978143","-89.241843"
"2","1","20406","Whitney Oil & Gas, LLC","WP","N","00694","TERMIN","N","1959-01-01","2014-10-21","55.8","35","28.97660288","-89.26043998"
"89","1","20548","Whitney Oil & Gas, LLC","WP","N","00694","TERMIN","N","1966-01-01","2012-10-06","46.8","35","28.965732","-89.224187"
"45","1","20685","Whitney Oil & Gas, LLC","WP","N","00694","TERMIN","N","1961-01-01","2011-11-11","50.9","35","28.968975","-89.235096"
"58","1","21033","Whitney Oil & Gas, LLC","WP","N","00353","TERMIN","N","1959-01-01","2014-10-19","55.8","36","28.978341","-89.254224"
"20","1","21164","Whitney Oil & Gas, LLC","WP","N","00694","TERMIN","N","1968-01-01","2014-10-18","46.8","53","28.974778","-89.258426"
"149","1","21796","Whitney Oil & Gas, LLC","WP","N","00694","TERMIN","N","1974-01-01","2014-10-22","40.8","40","28.975403","-89.246772"
"220","1","21925","Whitney Oil & Gas, LLC","WP","N","00353","TERMIN","N","1975-01-01","2014-10-17","39.8","50","28.982698","-89.255617"
"102(T) (SL 1012","1","24139","Whitney Oil & Gas, LLC","CAIS","N","00353","TERMIN","N","1968-01-01","","","36","28.98208683","-89.26059005"
"160 (SL 1012)","1","24140","Whitney Oil & Gas, LLC","CAIS","N","00353","TERMIN","N","1968-01-01","","","36","28.986981","-89.235785"
"257(SL 1012)","1","24249","Whitney Oil & Gas, LLC","WP","N","00353","TERMIN","N","1987-01-01","","","37","28.98732499","-89.24655966"
"225 (SL 1012)T","1","24250","Whitney Oil & Gas, LLC","WP","N","00353","TERMIN","N","1975-01-01","","","48","28.98788823","-89.24069244"
"85(SL 1012)(w)","1","24251","Whitney Oil & Gas, LLC","WP","N","00353","TERMIN","N","1974-01-01","","","43","28.98440146","-89.26277242"
"98(SL 1012)(M)","1","24252","Whitney Oil & Gas, LLC","WP","N","00353","TERMIN","N","1977-01-01","","","47","28.9818061","-89.26577837"
"271(SL 1012)M","1","24253","Whitney Oil & Gas, LLC","WP","N","00353","TERMIN","N","1977-01-01","","","45","28.9824498","-89.22475996"
"37 (SL1011)","1","20275","Whitney Oil & Gas, LLC","WP","N","00352","TERMIN","N","1959-01-01","2012-06-29","53.5","35","28.97871","-89.277486"
"SP28M (SL 1012)","1","20276","Whitney Oil & Gas, LLC","WP","N","00353","TERMIN","N","1967-01-01","1977-01-02","10","35","28.986138","-89.268201"
"85W(SL 1012)","1","20277","Whitney Oil & Gas, LLC","FIXED","N","00353","TERMIN","N","1967-01-01","1974-01-02","7","35","28.98440157","-89.26277258"
"35-SL 1011","1","20278","Whitney Oil & Gas, LLC","FIXED","N","00352","TERMIN","N","1959-01-01","","","35","28.98158704","-89.27329902"
"AA-EAST","1","31021","Whitney Oil & Gas, LLC","FIXED","N","00694","TERMIN","N","1960-01-01","2016-12-10","56.9","65","28.962327","-89.238356"
"187","1","31030","Whitney Oil & Gas, LLC","WP","N","00353","TERMIN","N","1958-01-01","2014-10-18","56.8","35","28.98176113","-89.2593142"
"47(SL 1012)","1","31029","Whitney Oil & Gas, LLC","CAIS","N","00353","TERMIN","N","1966-01-01","","","38","28.98486531","-89.24581925"
"52 (SL1012)T","1","31028","Whitney Oil & Gas, LLC","CAIS","N","00353","TERMIN","N","1962-01-01","","","36","28.98493137","-89.24994667"
"316","1","2704","Whitney Oil & Gas, LLC","FIXED","N","","","","1955-01-01","","","31","28.99603892","-89.26211733"
"A","1","22444","Fieldwood Energy Offshore LLC","FIXED","Y","G03593","TERMIN","N","1988-02-15","2011-07-09","23.4","100","28.496222","-90.679803"
"A","1","22451","Fieldwood Energy Offshore LLC","FIXED","Y","G03793","TERMIN","N","1980-01-01","2021-08-08","41.6","153","28.719991","-90.023419"
"G","1","22117","Talos Energy Offshore LLC","FIXED","N","00775","TERMIN","N","1978-01-01","2022-07-13","44.5","59","29.065602","-92.184693"
"12","1","22190","Talos Energy Offshore LLC","FIXED","N","00775","TERMIN","N","1978-01-01","2023-06-09","45.4","57","29.067454","-92.174835"
"D","2","22190","Talos Energy Offshore LLC","FIXED","N","00775","TERMIN","N","1999-07-01","2022-07-22","23.1","57","29.06725278","-92.17447972"
"CB","1","22383","Talos Energy Offshore LLC","FIXED","N","G02316","TERMIN","N","1980-01-01","","","40","28.989249","-91.863618"
"A","1","26125","Talos Energy Offshore LLC","CAIS","Y","G14493","TERMIN","N","1995-05-07","2022-02-16","26.8","30","28.98502122","-90.79386923"
"A","1","26104","Talos Energy Offshore LLC","CAIS","N","G12027","RELINQ","N","1995-10-12","2022-02-26","26.4","30","29.00708187","-90.53011543"
"19","1","26063","Talos Energy Offshore LLC","CAIS","N","G01238","TERMIN","N","1962-01-01","2022-10-12","60.8","60","28.82556451","-90.62075376"
"G(FMR CAIS.#6&7","1","32018","Talos Energy Offshore LLC","FIXED","N","G02917","RELINQ","N","1996-09-04","2022-02-10","25.4","31","28.97449787","-90.7867646"
"A","1","32030","Talos Energy Offshore LLC","FIXED","Y","G11881","TERMIN","N","1996-08-10","","","180","28.44849806","-92.50992514"
"A","1","1584","Talos Energy Offshore LLC","FIXED","Y","G22621","TERMIN","N","2004-10-28","2022-07-09","17.7","66","29.08248825","-92.37036985"
"C","1","26101","Talos Energy Offshore LLC","FIXED","N","G01238","TERMIN","N","1996-12-24","2024-07-24","27.6","61","28.84575836","-90.65205138"
"D","1","80010","Talos Energy Offshore LLC","FIXED","Y","G01238","TERMIN","N","1997-10-07","2025-08-15","27.9","61","28.84911281","-90.64051351"
"CD/FMER CAIS.#1","1","90020","Talos Energy Offshore LLC","FIXED","N","G02316","TERMIN","N","1998-08-05","","","60","29.002","-91.877"
"E","1","116","Talos Energy Offshore LLC","CAIS","N","G01238","TERMIN","N","1998-10-25","2025-08-19","26.8","61","28.83945282","-90.63366261"
"B","1","240","Talos Energy Offshore LLC","FIXED","Y","G12027","RELINQ","N","1998-11-08","2022-04-18","23.4","32","29.00827998","-90.52729992"
"A","1","279","Talos Energy Offshore LLC","CAIS","Y","G15169","TERMIN","N","1998-01-01","2017-06-16","19.5","31","29.22820266","-92.38536349"
"4","1","457","Talos Energy Offshore LLC","CAIS","N","G12027","RELINQ","N","1999-11-01","2022-03-07","22.3","25","29.00315218","-90.51202942"
"C","1","612","Talos Energy Offshore LLC","FIXED","Y","G12027","RELINQ","N","2000-11-29","2022-04-23","21.4","37","28.99202538","-90.51351506"
"5","1","790","Talos Energy Offshore LLC","CAIS","N","G12027","RELINQ","N","2000-12-23","2022-03-04","21.2","35","28.9965701","-90.51730023"
"D","1","920","Talos Energy Offshore LLC","CAIS","N","G12027","RELINQ","N","2001-03-29","2022-04-04","21","38","28.98780284","-90.51286762"
"E","1","950","Talos Energy Offshore LLC","CAIS","N","G04842","TERMIN","N","2001-09-01","2023-06-04","21.8","52","28.93266955","-90.473581"
"A","1","1224","Talos Energy Offshore LLC","FIXED","Y","G13928","PROD","S","2002-10-19","","","49","28.96701999","-90.34274903"
"A","1","1281","Talos Energy Offshore LLC","CAIS","N","G18054","TERMIN","N","2003-04-21","","","60","28.84680452","-90.68844742"
"A","1","1318","Talos Energy Offshore LLC","FIXED","Y","","","","2004-06-23","","","29","28.85627984","-91.02562246"
"B","1","1342","Talos Energy Offshore LLC","FIXED","Y","G18054","TERMIN","N","2003-11-10","","","59","28.84488184","-90.69391569"
"A","1","1453","Talos Energy Offshore LLC","WP","Y","G22605","TERMIN","N","2005-01-05","2017-09-25","12.7","18","29.38362408","-92.16532254"
"1","1","1630","Talos Energy Offshore LLC","CAIS","N","G09637","PROD","S","2004-12-04","","","56","28.94733761","-90.32261524"
"2","1","1723","Talos Energy Offshore LLC","CAIS","N","G21652","TERMIN","N","2005-05-16","2015-10-08","10.4","28","28.87023344","-91.04273583"
"B","1","1745","Talos Energy Offshore LLC","CAIS","Y","G22738","TERMIN","N","2005-11-08","","","64","28.76955709","-90.74085664"
"1","1","1859","Talos Energy Offshore LLC","CAIS","N","G24924","TERMIN","N","2006-07-04","2022-03-13","15.7","34","28.86080362","-90.97023811"
"C","1","2018","Talos Energy Offshore LLC","CAIS","N","G22738","TERMIN","N","2007-06-06","","","63","28.77455346","-90.73364092"
"1","1","2155","Talos Energy Offshore LLC","CAIS","N","G24926","TERMIN","N","2006-02-07","2023-06-17","17.4","40","28.80990136","-90.98285904"
"1","1","2164","Talos Energy Offshore LLC","CAIS","N","G24977","TERMIN","N","2008-02-28","2017-04-04","9.1","38","28.85172837","-90.71389244"
"A","1","2269","Talos Energy Offshore LLC","FIXED","N","G32140","TERMIN","N","2009-03-22","2017-06-19","8.2","34","29.20623655","-92.38378899"
"C","1","2594","Talos Energy Offshore LLC","FIXED","N","G33604","TERMIN","N","2014-08-21","","","188","28.41478296","-92.48895825"
"A","1","20219","Renaissance Offshore, LLC","FIXED","Y","G01604","TERMIN","N","1972-01-01","","","373","28.587231","-89.6998"
"B","1","20604","Renaissance Offshore, LLC","FIXED","Y","00829","RELINQ","N","1969-01-01","","","110","28.492212","-91.099923"
"A-QRT","1","20622","Renaissance Offshore, LLC","FIXED","Y","00829","RELINQ","N","1969-01-01","","","112","28.507043","-91.101953"
"A-PRD","2","20622","Renaissance Offshore, LLC","FIXED","Y","00829","RELINQ","N","1970-01-01","","","112","28.506768","-91.101953"
"A-CMP","3","20622","Renaissance Offshore, LLC","FIXED","Y","00829","RELINQ","N","1973-01-01","","","112","28.507043","-91.102264"
"B","1","21007","Renaissance Offshore, LLC","FIXED","Y","G02116","PROD","S","1972-01-01","","","241","28.248197","-91.740532"
"B-PRD","2","21244","Renaissance Offshore, LLC","FIXED","Y","","","","1973-01-01","","","102","28.645714","-91.501141"
"B","1","21244","Renaissance Offshore, LLC","FIXED","Y","","","","1972-01-01","2003-10-12","31.8","102","28.646311","-91.500864"
"A","1","21476","Renaissance Offshore, LLC","FIXED","Y","G01034","RELINQ","N","1968-01-01","","","180","28.356955","-91.088269"
"B","1","21477","Renaissance Offshore, LLC","FIXED","Y","G01034","RELINQ","N","1971-01-01","","","178","28.356369","-91.069778"
"B","1","21665","Renaissance Offshore, LLC","FIXED","Y","G01036","TERMIN","N","1972-01-01","","","205","28.334738","-91.194185"
"H-DRL","1","21972","Renaissance Offshore, LLC","FIXED","Y","G12355","PROD","S","1975-01-01","","","100","28.584404","-91.278469"
"H-PRD","2","21972","Renaissance Offshore, LLC","FIXED","Y","G12355","PROD","S","1976-01-01","","","100","28.584403","-91.278276"
"I","3","21972","Renaissance Offshore, LLC","FIXED","Y","G12355","PROD","S","1976-01-01","","","100","28.583615","-91.279501"
"J-DRL","1","22692","Renaissance Offshore, LLC","FIXED","Y","G12355","PROD","S","1982-01-01","","","100","28.584194","-91.255148"
"J-PRD","2","22692","Renaissance Offshore, LLC","FIXED","Y","G12355","PROD","S","1985-01-01","","","100","28.584661","-91.254677"
"A","1","22249","Renaissance Offshore, LLC","FIXED","Y","G02274","UNIT","S","1979-01-01","","","316","28.084637","-92.519386"
"C","1","22277","Renaissance Offshore, LLC","FIXED","Y","G02275","UNIT","S","1979-01-01","2022-07-02","43.5","300","28.091881","-92.47837"
"A","1","22431","Renaissance Offshore, LLC","FIXED","Y","G03959","TERMIN","N","1980-01-01","2022-07-20","42.5","30","29.477731","-93.638658"
"AB-PRD","2","22431","Renaissance Offshore, LLC","FIXED","Y","G03959","TERMIN","N","1980-01-01","2022-07-20","42.5","30","29.477731","-93.638658"
"B","3","22431","Renaissance Offshore, LLC","FIXED","N","G03959","TERMIN","N","1980-01-01","2022-07-20","42.5","30","29.478223","-93.638223"
"A","1","619","Renaissance Offshore, LLC","FIXED","N","G14585","TERMIN","N","2000-03-02","","","240","29.32724991","-88.24009019"
"D","1","897","Renaissance Offshore, LLC","FIXED","Y","G02274","UNIT","S","2001-04-02","","","306","28.0855523","-92.53876162"
"A","1","961","Renaissance Offshore, LLC","FIXED","Y","G15212","PROD","S","2001-09-03","","","389","27.96934861","-92.52782963"
"A","1","1076","Renaissance Offshore, LLC","FIXED","Y","G15349","RELINQ","N","2002-12-13","","","460","28.08805437","-90.67218588"
"DD","1","2537","Renaissance Offshore, LLC","CAIS","N","G34355","RELINQ","N","2013-12-24","","","45","29.11922218","-89.56113344"
"A","1","23004","EP Energy E&P Company, L.P.","FIXED","Y","G03786","TERMIN","N","1984-01-01","2011-06-03","27.4","414","28.068379","-91.523562"
"A","1","10159","EP Energy E&P Company, L.P.","FIXED","Y","G04082","TERMIN","N","1980-01-01","2009-08-06","29.6","41","29.52534","-93.827379"
"A-AUX","2","10159","EP Energy E&P Company, L.P.","FIXED","Y","G04082","TERMIN","N","1981-01-01","2009-08-03","28.6","41","29.52534","-93.827379"
"B","1","10172","EP Energy E&P Company, L.P.","FIXED","N","G04082","TERMIN","N","1981-01-01","2009-09-03","28.7","41","29.519556","-93.852596"
"L(B-7)","2","10172","EP Energy E&P Company, L.P.","CAIS","N","G04082","TERMIN","N","1988-01-01","1990-12-31","3","41","29.51974106","-93.85262089"
"F","1","22794","EP Energy E&P Company, L.P.","FIXED","N","00254","TERMIN","N","1983-01-01","2010-08-21","27.6","42","29.432232","-93.43278"
"G","1","23222","EP Energy E&P Company, L.P.","FIXED","Y","00253","TERMIN","N","1985-01-01","2009-08-08","24.6","40","29.413498","-93.410085"
"197","1","151","EP Energy E&P Company, L.P.","CAIS","Y","00310","UNIT","S","1998-01-10","2013-10-25","15.8","12","29.46605","-92.151953"
"A","1","191","EP Energy E&P Company, L.P.","FIXED","N","G24972","EXPIR","N","1998-05-16","2007-04-30","9","191","28.52683956","-90.14454672"
"A","1","571","EP Energy E&P Company, L.P.","FIXED","N","G15297","TERMIN","N","1999-10-08","2010-08-24","10.9","213","28.2960307","-91.01418928"
"A","1","669","EP Energy E&P Company, L.P.","FIXED","N","G14566","TERMIN","N","2000-05-16","2009-11-21","9.5","310","28.70331691","-89.82780737"
"CAIS.#8","1","1122","EP Energy E&P Company, L.P.","CAIS","N","00254","TERMIN","N","2002-05-16","2013-10-17","11.4","41","29.43193774","-93.43606615"
"C","1","1315","EP Energy E&P Company, L.P.","FIXED","N","G14538","TERMIN","N","2003-09-14","2010-09-05","7","140","28.43347429","-90.56680324"
"B","1","1327","EP Energy E&P Company, L.P.","CAIS","N","G04379","TERMIN","N","2003-12-10","2009-08-17","5.7","31","29.64576722","-93.72885167"
"1","1","1952","EP Energy E&P Company, L.P.","CAIS","N","G27503","EXPIR","N","2006-11-05","2007-01-19","0.2","38","29.48826944","-94.10844444"
"A","1","23422","EP Energy Management, L.L.C.","WP","N","G05726","TERMIN","N","1988-01-01","2000-06-22","12.5","192","29.365149","-88.310722"
"A","1","23436","EP Energy Management, L.L.C.","WP","N","G06825","TERMIN","N","1988-01-01","2005-05-28","17.4","195","29.416272","-88.165909"
"A","1","23442","EP Energy Management, L.L.C.","CAIS","N","G08763","TERMIN","N","1988-01-01","2004-04-24","16.3","95","29.947865","-88.48437"
"A","1","23456","EP Energy Management, L.L.C.","WP","N","G05727","TERMIN","N","1988-01-01","2000-04-20","12.3","193","29.374586","-88.262258"
"B","1","23838","EP Energy Management, L.L.C.","FIXED","Y","G05727","TERMIN","N","1990-01-01","2000-04-20","10.3","46","29.370239","-88.240078"
"D","1","22096","EP Energy Management, L.L.C.","WP","N","G02873","TERMIN","N","1978-01-01","2004-03-11","26.2","143","28.589151","-92.200915"
"D-PRD","2","22096","EP Energy Management, L.L.C.","FIXED","Y","G02873","TERMIN","N","1980-01-01","2004-03-11","24.2","143","28.589321","-92.200212"
"A","1","23200","EP Energy Management, L.L.C.","FIXED","Y","G04213","TERMIN","N","1985-01-01","2005-09-13","20.7","192","28.421643","-92.279441"
"B","1","23354","EP Energy Management, L.L.C.","FIXED","N","G15200","TERMIN","N","1990-01-31","2005-07-03","15.4","187","28.445006","-92.267797"
"B","1","23607","EP Energy Management, L.L.C.","CAIS","N","G07652","TERMIN","N","1986-01-01","1988-07-29","2.6","120","28.638702","-92.634648"
"A","1","23608","EP Energy Management, L.L.C.","FIXED","Y","G07652","TERMIN","N","1986-01-01","1997-02-25","11.2","116","28.669766","-92.675118"
"A","1","10067","EP Energy Management, L.L.C.","FIXED","Y","G02421","TERMIN","N","1975-01-01","2002-10-13","27.8","265","28.096235","-93.478395"
"A","1","10086","EP Energy Management, L.L.C.","FIXED","Y","G02412","TERMIN","N","1977-01-01","2007-09-06","30.7","217","28.215863","-93.798661"
"A","1","10090","EP Energy Management, L.L.C.","FIXED","Y","G02410","TERMIN","N","1977-01-01","2002-08-24","25.6","214","28.190704","-93.589117"
"B","1","10096","EP Energy Management, L.L.C.","FIXED","Y","G02743","TERMIN","N","1977-01-01","2002-09-20","25.7","278","28.070299","-93.469133"
"B","1","10234","EP Energy Management, L.L.C.","FIXED","Y","G03378","TERMIN","N","1984-01-01","2005-06-30","21.5","212","28.240979","-93.52128"
"A","1","10400","EP Energy Management, L.L.C.","FIXED","Y","G06231","TERMIN","N","1986-01-01","2002-08-09","16.6","219","28.176605","-94.032537"
"B","1","10401","EP Energy Management, L.L.C.","WP","N","G06231","TERMIN","N","1986-01-01","2002-10-24","16.8","215","28.174345","-94.060683"
"B","1","10437","EP Energy Management, L.L.C.","WP","N","G02410","TERMIN","N","1988-01-01","2002-07-25","14.6","209","28.204049","-93.616041"
"A","1","10460","EP Energy Management, L.L.C.","FIXED","Y","G06245","TERMIN","N","1988-01-01","2002-08-16","14.6","160","28.439921","-93.718071"
"A","1","10489","EP Energy Management, L.L.C.","WP","N","G08570","TERMIN","N","1991-01-01","2002-07-05","11.5","218","28.201952","-93.635874"
"B","1","10490","EP Energy Management, L.L.C.","WP","N","G08570","TERMIN","N","1990-01-01","2002-07-11","12.5","219","28.184076","-93.638863"
"A","1","22218","EP Energy Management, L.L.C.","FIXED","Y","G03520","TERMIN","N","1978-01-01","2003-10-28","25.8","161","28.466038","-93.46219"
"A","1","28004","EP Energy Management, L.L.C.","FIXED","Y","G13334","TERMIN","N","1994-06-21","2000-04-22","5.8","119","28.551913","-93.602313"
"A","1","10581","EP Energy Management, L.L.C.","WP","N","G03313","TERMIN","N","1993-04-26","2000-07-15","7.2","180","28.38156","-93.721066"
"A","1","24212","EP Energy Management, L.L.C.","WP","N","G05760","TERMIN","N","1995-01-18","2002-06-18","7.4","60","30.055687","-87.9023983"
"C","1","28041","EP Energy Management, L.L.C.","FIXED","Y","G11389","TERMIN","N","1996-07-02","2000-01-12","3.5","220","28.14782368","-94.03030608"
"1","1","31015","EP Energy Management, L.L.C.","CAIS","N","G14592","TERMIN","N","1996-09-09","2001-04-26","4.6","105","29.94740656","-88.0611496"
"A(No.1)","1","31020","EP Energy Management, L.L.C.","CAIS","N","G14596","TERMIN","N","1996-09-29","2001-04-19","4.6","110","29.85178107","-88.01217676"
"1","1","31017","EP Energy Management, L.L.C.","CAIS","N","G14597","TERMIN","N","1996-10-04","2001-05-06","4.6","115","29.8606832","-87.95595544"
"1","1","70006","EP Energy Management, L.L.C.","FIXED","N","G13978","TERMIN","N","1997-01-25","2001-04-21","4.2","115","29.94793704","-87.94445557"
"A","1","31019","EP Energy Management, L.L.C.","FIXED","Y","G14595","TERMIN","N","1997-05-14","2002-06-30","5.1","105","29.88632139","-88.04666148"
"C","1","90003","EP Energy Management, L.L.C.","FIXED","N","G08651","TERMIN","N","1997-10-30","2002-04-29","4.5","99","28.76545075","-92.87616207"
"B","1","70021","EP Energy Management, L.L.C.","FIXED","N","G14580","TERMIN","N","1997-10-23","2003-09-12","5.9","174","29.44457287","-88.05773779"
"C","1","222","EP Energy Management, L.L.C.","FIXED","N","G03520","TERMIN","N","1998-10-13","2001-02-13","2.3","151","28.47140139","-93.47402845"
"D","1","269","EP Energy Management, L.L.C.","FIXED","Y","G08184","TERMIN","N","1998-11-28","2004-05-21","5.5","222","28.1442609","-94.00951535"
"A","1","104","EP Energy Management, L.L.C.","FIXED","Y","G13659","TERMIN","N","1998-02-10","2002-09-11","4.6","161","29.48116627","-88.23066872"
"2","1","684","EP Energy Management, L.L.C.","CAIS","N","G15163","TERMIN","N","2000-07-18","2002-02-21","1.6","30","29.41141736","-92.34510072"
"A","1","799","EP Energy Management, L.L.C.","FIXED","N","G15108","TERMIN","N","2000-01-01","2004-09-20","4.7","180","28.39034365","-93.29208273"
"A","1","830","EP Energy Management, L.L.C.","FIXED","Y","G19725","EXPIR","N","2001-01-10","2004-09-21","3.7","180","28.38658018","-93.44247006"
"D","1","836","EP Energy Management, L.L.C.","FIXED","N","G03520","TERMIN","N","2000-12-11","2002-12-21","2","163","28.43899363","-93.45805273"
"A","1","1193","EP Energy Management, L.L.C.","CAIS","N","G21307","EXPIR","N","2003-01-26","2005-07-15","2.5","98","28.03945957","-96.36616403"
"D","1","1206","EP Energy Management, L.L.C.","CAIS","N","G08640","TERMIN","N","2003-02-06","2003-06-05","0.3","43","29.28781571","-92.9976478"
"A","1","24201","High Point Gas Gathering, L.L.C.","FIXED","Y","G09743","TERMIN","N","1995-07-27","","","673","29.16740033","-88.45586715"
"A","1","22103","Century Exploration New Orleans, LLC","FIXED","Y","","","","1978-01-01","","","12","29.42860338","-89.13528886"
"Heater Plf #1","2","22103","Century Exploration New Orleans, LLC","FIXED","N","","","","1978-01-01","2020-06-13","42.4","12","29.42858444","-89.1354715"
"Heater Plf #2","3","22103","Century Exploration New Orleans, LLC","FIXED","N","","","","2005-01-01","2020-06-05","15.4","12","29.42871928","-89.13531146"
"Flare Structure","4","22103","Century Exploration New Orleans, LLC","FIXED","N","","","","1978-01-01","2020-06-16","42.5","12","29.42885517","-89.13521423"
"A","1","22934","Century Exploration New Orleans, LLC","FIXED","Y","G04910","TERMIN","N","1984-01-01","2013-04-08","29.3","60","29.58821001","-88.71073877"
"I","1","20530","Century Exploration New Orleans, LLC","FIXED","Y","00420","TERMIN","N","1965-01-01","2010-11-05","45.8","62","28.68568","-91.206355"
"3","1","21647","Century Exploration New Orleans, LLC","FIXED","Y","00419","TERMIN","N","1968-01-01","2007-12-29","40","50","28.726245","-91.238193"
"5","1","21649","Century Exploration New Orleans, LLC","FIXED","N","00420","TERMIN","N","1967-01-01","2015-10-16","48.8","58","28.680104","-91.215305"
"10","1","21650","Century Exploration New Orleans, LLC","FIXED","Y","00420","TERMIN","N","1967-01-01","2007-12-19","41","57","28.687237","-91.228951"
"C-aux","2","21653","Century Exploration New Orleans, LLC","FIXED","Y","00420","TERMIN","N","1995-01-01","2010-10-16","15.8","62","28.68239107","-91.2179553"
"C","1","21653","Century Exploration New Orleans, LLC","FIXED","N","00420","TERMIN","N","1956-01-01","2000-08-29","44.7","62","28.68244","-91.217675"
"22","1","23550","Century Exploration New Orleans, LLC","CAIS","N","00420","TERMIN","N","1988-01-01","2013-09-08","25.7","60","28.698887","-91.20797"
"B","2","23672","Century Exploration New Orleans, LLC","FIXED","Y","G05315","TERMIN","N","1989-01-01","2009-08-16","20.6","75","28.908463","-93.301734"
"A","1","23672","Century Exploration New Orleans, LLC","FIXED","Y","G05315","TERMIN","N","1988-01-01","2016-05-31","28.4","75","28.908738","-93.301739"
"2 ST","1","23699","Century Exploration New Orleans, LLC","CAIS","N","G05315","TERMIN","N","1988-01-01","2013-12-30","26","75","28.906189","-93.322326"
"4","1","23723","Century Exploration New Orleans, LLC","CAIS","N","G05315","TERMIN","N","1989-01-01","2008-03-12","19.2","75","28.911424","-93.285367"
"3","1","23737","Century Exploration New Orleans, LLC","CAIS","N","G05315","TERMIN","N","1989-01-01","2008-01-27","19.1","75","28.910451","-93.297781"
"5","1","23739","Century Exploration New Orleans, LLC","CAIS","N","G05315","TERMIN","N","1989-01-01","2008-01-29","19.1","75","28.910466","-93.297097"
"6","1","23740","Century Exploration New Orleans, LLC","CAIS","N","G05315","TERMIN","N","1989-01-01","2008-03-22","19.2","75","28.914021","-93.313729"
"A (COOPE FPF)","1","24079","Newfield Exploration Gulf Coast LLC","SEMI","Y","G07486","TERMIN","N","1995-07-07","1999-08-13","4.1","2097","27.62428816","-92.18969085"
"B","1","26140","Newfield Exploration Gulf Coast LLC","FIXED","Y","G02112","TERMIN","N","1995-01-01","2005-11-09","10.9","240","28.256879","-91.682497"
"1","1","33034","Newfield Exploration Gulf Coast LLC","CAIS","N","G15162","RELINQ","N","1996-07-30","1999-08-03","3","26","29.44499704","-92.45247878"
"A","1","22038","Castex Offshore, Inc.","FIXED","Y","00317","TERMIN","N","1977-01-01","2016-11-04","39.8","25","29.287537","-91.81521"
"11","1","23300","Castex Offshore, Inc.","CAIS","N","00317","TERMIN","N","1987-01-01","2016-12-16","30","21","29.288815","-91.828125"
"A","1","10268","Castex Offshore, Inc.","FIXED","Y","G06156","TERMIN","N","1985-01-01","2021-09-19","36.7","45","29.320315","-93.955933"
"A","1","676","Castex Offshore, Inc.","FIXED","N","G15189","TERMIN","N","2000-06-01","2016-11-15","16.5","118","28.67218602","-92.44659956"
"A","1","723","Castex Offshore, Inc.","FIXED","N","G21070","TERMIN","N","2000-06-16","2014-10-07","14.3","82","29.03202569","-92.67664372"
"B","1","1053","Castex Offshore, Inc.","FIXED","N","G15257","TERMIN","N","2001-12-16","2012-10-16","10.8","182","28.44804351","-91.70643793"
"#4","1","1167","Castex Offshore, Inc.","CAIS","N","G07746","TERMIN","N","2002-08-15","2019-06-03","16.8","18","28.99005002","-91.18912073"
"A","1","1462","Castex Offshore, Inc.","CAIS","Y","G22588","TERMIN","N","2004-04-03","2017-09-18","13.5","107","28.72592739","-92.84170438"
"B","1","1744","Castex Offshore, Inc.","FIXED","N","G25959","RELINQ","N","2006-04-23","2017-09-16","11.4","113","28.69830999","-92.78513576"
"C","1","2512","Castex Offshore, Inc.","CAIS","N","G33112","RELINQ","N","2012-12-02","2021-10-13","8.9","55","28.87738902","-90.63826364"
"1","1","2603","Castex Offshore, Inc.","CAIS","N","G33409","TERMIN","N","2015-05-26","2017-09-11","2.3","53","29.27425397","-93.87413278"
"B","1","2522","Bois d' Arc Exploration LLC","CAIS","N","G33644","PROD","S","2013-03-20","","","63","28.63697104","-91.06723579"
"3","1","23188","XTO Offshore Inc.","FIXED","N","G03419","TERMIN","N","1985-01-01","2008-11-17","23.9","60","29.478358","-88.828527"
"H","1","22306","XTO Offshore Inc.","FIXED","Y","G00997","TERMIN","N","1979-01-01","2010-08-01","31.6","215","28.315539","-91.740622"
"I","1","23268","XTO Offshore Inc.","FIXED","Y","G00993","TERMIN","N","1985-01-01","2010-08-18","25.6","203","28.371954","-91.685272"
"A","1","23379","XTO Offshore Inc.","FIXED","Y","G06678","TERMIN","N","1990-01-01","2004-12-30","15","141","28.58721991","-92.2812385"
"A","1","21910","XTO Offshore Inc.","FIXED","Y","G02223","TERMIN","N","1975-01-01","2000-10-20","25.8","175","28.39223","-93.056331"
"A","1","22095","XTO Offshore Inc.","FIXED","Y","G02218","TERMIN","N","1978-01-01","1989-06-26","11.5","132","28.522917","-93.20795"
"A-1","1","24180","XTO Offshore Inc.","CAIS","N","G13961","TERMIN","N","1994-09-13","2011-06-18","16.8","95","29.51572767","-88.65337569"
"A","1","10397","XTO Offshore Inc.","FIXED","Y","G14792","TERMIN","N","1995-06-18","2011-06-12","16","71","28.06013807","-96.58941878"
"K","1","32001","XTO Offshore Inc.","FIXED","Y","G00993","TERMIN","N","1996-01-01","2010-09-05","14.7","195","28.41070297","-91.67969382"
"1","1","367","XTO Offshore Inc.","CAIS","Y","G17960","TERMIN","N","1999-07-01","2007-04-27","7.8","23","29.2313717","-91.75488895"
"B","1","789","XTO Offshore Inc.","FIXED","N","G15195","TERMIN","N","2000-11-01","2004-12-04","4.1","142","28.58176672","-92.29881203"
"A","1","960","XTO Offshore Inc.","FIXED","Y","G15703","TERMIN","N","2001-07-22","2009-08-13","8.1","193","27.07832732","-96.85630548"
"A","1","970","XTO Offshore Inc.","FIXED","N","G17840","TERMIN","N","2001-08-15","2007-03-14","5.6","60","29.28718608","-92.72188137"
"B","1","1097","XTO Offshore Inc.","CAIS","N","G22711","EXPIR","N","2002-04-11","2007-09-05","5.4","60","28.62631616","-90.90320452"
"A","1","1150","XTO Offshore Inc.","FIXED","N","G22765","TERMIN","N","2002-07-06","2008-07-20","6","57","29.08414139","-90.00594772"
"B","1","1161","XTO Offshore Inc.","FIXED","Y","G22713","TERMIN","N","2002-08-04","2010-05-05","7.8","72","28.58814302","-90.90229214"
"A","1","1157","XTO Offshore Inc.","WP","Y","G19754","TERMIN","N","2002-07-25","2009-07-20","7","23","29.33633856","-92.29783592"
"CAIS.#2","1","1177","XTO Offshore Inc.","CAIS","N","G19754","TERMIN","N","2002-09-01","2008-05-26","5.7","23","29.35750933","-92.29142845"
"B","1","1188","XTO Offshore Inc.","FIXED","N","G23162","TERMIN","N","2001-12-01","2011-06-07","9.5","85","28.58427843","-95.41791521"
"A","1","1187","XTO Offshore Inc.","FIXED","Y","G23162","TERMIN","N","2002-11-20","2011-06-05","8.5","85","28.55237626","-95.40334696"
"C","1","1248","XTO Offshore Inc.","CAIS","Y","G22792","TERMIN","N","2003-07-10","2009-09-17","6.2","58","29.58911178","-88.74782176"
"A","1","1280","XTO Offshore Inc.","WP","Y","G23222","TERMIN","N","2003-06-19","2010-05-26","6.9","324","27.99208752","-93.56840674"
"C","1","1455","XTO Offshore Inc.","FIXED","N","G03091","TERMIN","N","2004-05-18","2010-08-21","6.3","74","28.05916227","-96.57670676"
"A","1","1493","XTO Offshore Inc.","CAIS","N","G23964","TERMIN","N","2005-01-01","2009-07-28","4.6","52","29.65909349","-88.72452966"
"A","1","1657","XTO Offshore Inc.","FIXED","N","G23936","TERMIN","N","2005-03-28","2011-09-14","6.5","219","28.32483825","-90.27938829"
"A","1","20928","Transcontinental Gas Pipe Line Company, LLC","FIXED","N","00558","TERMIN","N","1958-01-01","","","27","29.300422","-92.395344"
"A-AUX1","2","20928","Transcontinental Gas Pipe Line Company, LLC","FIXED","Y","00558","TERMIN","N","1958-01-01","1979-12-31","22","27","29.300697","-92.395347"
"Junction","2","21929","Transcontinental Gas Pipe Line Company, LLC","FIXED","N","G02279","TERMIN","N","1980-01-01","","","193","28.41118287","-92.05439075"
"A SOUTH","1","21929","Transcontinental Gas Pipe Line Company, LLC","FIXED","N","G02279","TERMIN","N","1976-01-01","2014-11-28","38.9","193","28.41212835","-92.05396523"
"A-VALVE","1","10002","Transcontinental Gas Pipe Line Company, LLC","FIXED","N","","","","1969-01-01","","","95","28.314639","-95.620576"
"A","1","10184","Transcontinental Gas Pipe Line Company, LLC","WP","N","","","","1981-01-01","1988-12-04","7.9","90","28.612467","-95.165926"
"B-AUX","2","10184","Transcontinental Gas Pipe Line Company, LLC","FIXED","N","","","","1982-01-01","2018-07-30","36.6","90","28.612893","-95.166378"
"K","1","1796","Arena Offshore, LP","CAIS","N","G04452","PROD","S","2005-12-18","2021-10-21","15.8","94","28.74446307","-91.67112308"
"8","1","1807","Arena Offshore, LP","CAIS","N","G02895","TERMIN","N","2006-01-26","2021-08-06","15.5","10","29.24069195","-91.37758244"
"CJ","1","1824","Arena Offshore, LP","FIXED","Y","G01240","PROD","S","2006-07-06","","","64","28.87293326","-90.47413078"
"K","1","1808","Arena Offshore, LP","FIXED","Y","G24910","PROD","S","2006-03-29","","","182","28.42775864","-91.47514529"
"B","1","1855","Arena Offshore, LP","FIXED","Y","G36211","EXPIR","N","2006-04-10","","","252","28.25529001","-91.43369287"
"C","1","1882","Arena Offshore, LP","FIXED","Y","G30183","","","2006-08-18","","","15","29.33093671","-92.16466735"
"1","1","1946","Arena Offshore, LP","CAIS","N","G27851","TERMIN","N","2007-01-24","","","23","29.28573067","-92.20606215"
"Z","1","1979","Arena Offshore, LP","FIXED","N","00462","UNIT","S","2006-12-28","","","121","28.65519276","-90.26008267"
"B","1","1991","Arena Offshore, LP","FIXED","Y","G10638","PROD","S","2007-01-10","","","243","28.17394296","-92.68553181"
"A","1","2041","Arena Offshore, LP","CAIS","N","G03197","PROD","S","2007-05-23","","","103","29.47625523","-88.67677211"
"B","1","2044","Arena Offshore, LP","WP","Y","G24415","TERMIN","N","2007-06-24","2013-08-25","6.2","196","28.12807535","-94.18353025"
"A","1","2058","Arena Offshore, LP","FIXED","Y","G27121","TERMIN","N","2007-11-30","2013-09-07","5.8","240","28.28121176","-91.53917843"
"B","1","2144","Arena Offshore, LP","FIXED","Y","G14482","PROD","S","2008-02-25","2025-08-01","17.4","326","28.1499822","-91.37712286"
"F","1","2146","Arena Offshore, LP","FIXED","Y","G00989","PROD","S","2008-10-04","","","180","28.4303546","-91.46965314"
"E","1","2175","Arena Offshore, LP","FIXED","Y","G26001","TERMIN","N","2008-06-18","2018-09-12","10.2","145","28.57060004","-91.86650513"
"C","1","2179","Arena Offshore, LP","FIXED","Y","G24766","TERMIN","N","2008-09-28","2019-06-11","10.7","187","28.29130656","-93.37242256"
"C","1","2191","Arena Offshore, LP","FIXED","Y","G24912","PROD","S","2008-06-23","","","231","28.28313496","-91.672935"
"G","1","2193","Arena Offshore, LP","CAIS","N","G02601","TERMIN","N","2008-04-27","2021-08-10","13.3","12","29.24771612","-91.39602244"
"2","1","2208","Arena Offshore, LP","CAIS","N","G27851","TERMIN","N","2008-10-16","","","23","29.26056512","-92.20380517"
"E","1","2233","Arena Offshore, LP","FIXED","N","G02955","TERMIN","N","2009-06-13","","","178","29.41988333","-88.59310084"
"D","1","2234","Arena Offshore, LP","FIXED","N","G02955","TERMIN","N","2009-06-13","","","176","29.43413937","-88.57574942"
"JE","1","2346","Arena Offshore, LP","CAIS","N","00796","TERMIN","N","2010-04-09","","","25","29.06317729","-91.44833501"
"E","1","2370","Arena Offshore, LP","CAIS","N","G31369","TERMIN","N","2010-03-06","","","26","29.08160619","-91.48825921"
"C","1","2387","Arena Offshore, LP","FIXED","N","G10638","PROD","S","2010-07-02","","","243","28.18007074","-92.6945184"
"A","1","2479","Arena Offshore, LP","FIXED","N","G33608","PROD","S","2012-07-28","","","223","28.22878517","-92.53031517"
"K","1","2471","Arena Offshore, LP","FIXED","Y","G02118","PROD","S","2012-06-05","","","270","28.19610884","-91.66658051"
"A","1","2532","Arena Offshore, LP","FIXED","N","G31442","UNIT","S","2013-07-10","","","30","29.54178092","-88.98971154"
"C","1","2580","Arena Offshore, LP","FIXED","N","G02705","PROD","S","2014-08-05","","","253","28.01486634","-93.95569344"
"AA","1","2628","Arena Offshore, LP","FIXED","N","00463","UNIT","S","2015-07-03","","","136","28.616114","-90.26933165"
"K","1","2629","Arena Offshore, LP","FIXED","N","00457","PROD","S","2015-06-07","","","152","28.68363561","-90.14850504"
"3","1","1958","Matagorda Island Gas Operations,LLC","CAIS","N","G03096","TERMIN","N","2007-02-27","","","75","28.04181371","-96.57569825"
"2","1","1950","Matagorda Island Gas Operations,LLC","CAIS","N","G03096","TERMIN","N","2006-06-11","","","72","28.03386318","-96.5764048"
"4","1","1976","Matagorda Island Gas Operations,LLC","CAIS","N","G03096","TERMIN","N","2007-03-01","","","72","28.02690776","-96.58366572"
"7","1","1985","Matagorda Island Gas Operations,LLC","CAIS","N","G03091","TERMIN","N","2007-05-18","","","74","28.0614146","-96.5522601"
"D","1","2127","Matagorda Island Gas Operations,LLC","FIXED","N","G04139","TERMIN","N","2008-05-15","","","72","28.0420848","-96.60496724"
"8","1","2161","Matagorda Island Gas Operations,LLC","CAIS","N","G03091","TERMIN","N","2008-07-03","","","75","28.07304345","-96.56643707"
"9","1","2178","Matagorda Island Gas Operations,LLC","CAIS","N","G03091","TERMIN","N","2008-07-11","","","75","28.08733667","-96.54329571"
"E","1","22128","ANKOR E&P Holdings Corporation","FIXED","N","G02894","TERMIN","N","1978-01-01","2016-10-05","38.8","10","29.257583","-91.420021"
"A-VALVE","1","20320","Kinetica Partners, LLC","FIXED","Y","","","","1970-01-01","","","260","28.865533","-89.278262"
"B","1","20739","Kinetica Partners, LLC","FIXED","Y","G02105","TERMIN","N","1972-01-01","","","214","28.342558","-91.537566"
"B Prod","2","20739","Kinetica Partners, LLC","FIXED","Y","G02105","TERMIN","N","1972-01-01","2011-08-16","39.6","214","28.342558","-91.537566"
"A-CG","2","20917","Kinetica Partners, LLC","FIXED","N","00437","TERMIN","N","1958-01-01","","","108","28.704729","-91.764334"
"A-GEN","3","20917","Kinetica Partners, LLC","FIXED","Y","00437","TERMIN","N","1958-01-01","2000-07-22","42.6","108","28.704454","-91.764333"
"A-QRT","1","20917","Kinetica Partners, LLC","FIXED","N","00437","TERMIN","N","1958-01-01","2000-07-22","42.6","108","28.704223","-91.764332"
"A","1","22118","Kinetica Partners, LLC","FIXED","N","","","","1978-01-01","","","396","28.018456","-92.25469"
"VP","1","514","Kinetica Partners, LLC","FIXED","N","","","","1979-01-01","","","16","29.1931153","-91.5263101"
"VP-Aux","2","514","Kinetica Partners, LLC","FIXED","N","","","","2008-02-09","2025-09-16","17.6","16","29.19342089","-91.52608192"
"CG-A-VALVE","1","515","Kinetica Partners, LLC","FIXED","N","G01687M","","","1972-01-01","","","70","28.76128166","-91.4032131"
"COMP-B-VALVE","2","515","Kinetica Partners, LLC","FIXED","N","G01687M","","","1972-01-01","","","70","28.76265614","-91.40399417"
"C-QTRS","3","515","Kinetica Partners, LLC","FIXED","N","G01687M","","","1972-01-01","","","70","28.76210651","-91.4033697"
"FLRPILE-D","4","515","Kinetica Partners, LLC","FIXED","N","G01687M","","","1972-01-01","","","70","28.76111657","-91.40340021"
"FLRPILE-E","5","515","Kinetica Partners, LLC","FIXED","N","G01687M","","","1972-01-01","","","70","28.76091021","-91.4036341"
"FLRPILE-F","6","515","Kinetica Partners, LLC","FIXED","N","G01687M","","","1972-01-01","","","70","28.7606901","-91.40388358"
"PP","1","523","Kinetica Partners, LLC","FIXED","N","","","","1978-01-01","","","130","28.59048926","-92.46587504"
"C-QTRS","2","523","Kinetica Partners, LLC","FIXED","N","","","","1978-01-01","2018-09-09","40.7","130","28.58946563","-92.46627168"
"B","3","523","Kinetica Partners, LLC","FIXED","N","","","","1978-01-01","2018-09-09","40.7","130","28.59026806","-92.46664516"
"CG-VALVE","1","25000","Kinetica Partners, LLC","FIXED","N","","","","1962-07-02","","","54","29.40685053","-92.89604418"
"COMP","2","25000","Kinetica Partners, LLC","FIXED","N","","","","1979-01-01","2018-10-13","39.8","54","29.4065718","-92.89635392"
"CGP-VALVE","1","25013","Kinetica Partners, LLC","FIXED","N","","","","1972-06-22","","","110","28.57314768","-91.26917215"
"CGP","1","25018","Kinetica Partners, LLC","FIXED","N","","","","1982-05-21","","","45","29.52712718","-93.81863886"
"CG-VALVE","1","25023","Kinetica Partners, LLC","FIXED","N","","","","1963-03-08","2023-09-28","60.6","35","29.63256502","-93.03830867"
"PP-VALVE","1","25025","Kinetica Partners, LLC","FIXED","N","","","","1962-07-02","","","59","29.30568445","-93.02510361"
"A","1","90004","SM Energy Company","FIXED","Y","G15201","TERMIN","N","1997-06-07","2010-03-06","12.7","176","28.450365","-92.5907711"
"A","1","23560","Northstar Offshore Group, LLC","FIXED","Y","G31394","EXPIR","N","1988-01-01","2018-07-13","30.5","112","28.544285","-91.233653"
"B","2","23560","Northstar Offshore Group, LLC","FIXED","Y","G31394","EXPIR","N","1991-01-01","2009-05-26","18.4","112","28.544378","-91.233074"
"A","1","245","Northstar Offshore Group, LLC","FIXED","N","G16469","TERMIN","N","1998-06-10","2017-12-02","19.5","82","29.10044015","-89.81919208"
"A-AUX","2","245","Northstar Offshore Group, LLC","FIXED","N","G16469","TERMIN","N","2000-08-19","2017-12-01","17.3","82","29.10042287","-89.81936143"
"G","1","1948","Northstar Offshore Group, LLC","FIXED","N","G23956","TERMIN","N","2006-08-05","2018-03-02","11.6","70","29.12755916","-89.83557803"
"No.2","1","2386","Northstar Offshore Group, LLC","FIXED","N","G27003","TERMIN","N","2010-06-08","2013-09-10","3.3","40","29.4591307","-93.40159871"
"Well 1","1","2562","Northstar Offshore Group, LLC","CAIS","N","G33092","EXPIR","N","2014-01-05","2018-03-13","4.2","64","28.96198712","-91.85124678"
"A","1","1485","White Oak Operating Company, L.L.C.","FIXED","Y","G25041","TERMIN","N","2004-12-15","2013-11-03","8.9","47","29.96284109","-88.7491792"
"1","1","1700","White Oak Operating Company, L.L.C.","CAIS","N","G25047","TERMIN","N","2005-05-07","2013-10-30","8.5","59","29.96161472","-88.6901686"
"B","1","10278","Tammany Energy Ventures LLC","FIXED","Y","G06011","TERMIN","N","1985-01-01","2000-06-30","15.5","126","27.371344","-96.930052"
"A","1","10279","Tammany Energy Ventures LLC","FIXED","Y","G06011","TERMIN","N","1985-01-01","2000-06-30","15.5","120","27.396256","-96.929714"
"A","1","22496","Talos Energy Offshore LLC","FIXED","N","G04119","TERMIN","N","1981-01-01","2018-08-20","37.6","58","28.893282","-90.460837"
"B","2","22496","Talos Energy Offshore LLC","FIXED","Y","G04119","TERMIN","N","1981-01-01","1995-05-06","14.3","58","28.893086","-90.460614"
"A","1","23013","Talos Energy Offshore LLC","FIXED","Y","G04842","TERMIN","N","1984-01-01","2023-05-28","39.4","50","28.914125","-90.486815"
"B","2","23013","Talos Energy Offshore LLC","FIXED","N","G04842","TERMIN","N","1984-01-01","2023-05-23","39.4","50","28.913955","-90.486817"
"C","3","23013","Talos Energy Offshore LLC","FIXED","Y","G04842","TERMIN","N","1994-05-09","2023-05-14","29","50","28.91421084","-90.48643626"
"A","1","23129","Talos Energy Offshore LLC","FIXED","Y","G05599","TERMIN","N","1985-01-01","2022-08-05","37.6","56","28.673384","-90.680095"
"A","1","23199","Talos Energy Offshore LLC","FIXED","Y","G35292","UNIT","S","1985-01-01","","","275","28.665763","-89.96945"
"G","1","20617","Talos Energy Offshore LLC","FIXED","Y","00593","PROD","S","1968-01-01","2021-10-06","53.8","106","28.563679","-91.257967"
"G-QRTS","2","20617","Talos Energy Offshore LLC","FIXED","N","00593","PROD","S","1970-01-01","2021-10-03","51.8","106","28.563679","-91.258278"
"CA","1","21116","Talos Energy Offshore LLC","FIXED","Y","G01238","TERMIN","N","1962-01-01","2024-12-23","63","65","28.82977","-90.615937"
"K","1","23180","Talos Energy Offshore LLC","FIXED","Y","00593","PROD","S","1985-01-01","2021-08-19","36.6","98","28.591321","-91.251108"
"A","1","23908","Talos Energy Offshore LLC","FIXED","Y","G24924","TERMIN","N","2000-01-30","2022-07-27","22.5","41","28.84167799","-90.94674757"
"A-AUX","2","23908","Talos Energy Offshore LLC","CAIS","N","G24924","TERMIN","N","2005-05-09","2022-07-31","17.2","41","28.84170801","-90.94667251"
"B-COMP","3","23908","Talos Energy Offshore LLC","FIXED","N","G24924","TERMIN","N","2008-03-28","2022-07-31","14.3","41","28.84187183","-90.94627839"
"CF","1","20732","Talos Energy Offshore LLC","FIXED","Y","00775","TERMIN","N","1971-01-01","2025-08-28","54.7","57","29.06492324","-92.17600791"
"C","2","20732","Talos Energy Offshore LLC","FIXED","Y","00775","TERMIN","N","1983-01-01","2022-07-21","39.6","57","29.0648783","-92.17553151"
"Flare","3","20732","Talos Energy Offshore LLC","CAIS","N","00775","TERMIN","N","1964-01-01","2007-04-03","43.3","57","29.06577309","-92.17651087"
"A","4","20732","Talos Energy Offshore LLC","FIXED","N","00775","TERMIN","N","1961-01-01","1984-01-01","23","57","29.06527778","-92.17555556"
"A","1","20898","Talos Energy Offshore LLC","FIXED","Y","00079","TERMIN","N","1956-01-01","2021-01-16","65","32","29.40311","-92.373002"
"A-AUX","2","20898","Talos Energy Offshore LLC","FIXED","N","00079","TERMIN","N","1956-01-01","2021-01-16","65","32","29.403108","-92.373316"
"AB","3","20898","Talos Energy Offshore LLC","CAIS","N","00079","TERMIN","N","2002-06-06","2019-10-05","17.3","32","29.40310119","-92.37314027"
"CA","1","21830","Talos Energy Offshore LLC","FIXED","Y","G02316","TERMIN","N","1973-01-01","","","40","28.990786","-91.874465"
"A-PRD","2","21830","Talos Energy Offshore LLC","FIXED","Y","G02316","TERMIN","N","1978-01-01","","","40","28.990648","-91.87462"
"A","1","22085","Talos Energy Offshore LLC","FIXED","Y","G02130","TERMIN","N","1978-01-01","","","190","28.422152","-91.973082"
"A-PRD","2","22085","Talos Energy Offshore LLC","FIXED","Y","G02130","TERMIN","N","1978-01-01","","","190","28.421841","-91.97308"
"B-VALVE","1","10177","Transcontinental Gas Pipe Line Company, LLC","FIXED","N","","","","1981-01-01","2021-09-07","40.7","116","26.91172","-97.073687"
"A","1","36","Transcontinental Gas Pipe Line Company, LLC","FIXED","Y","","","","1998-01-01","","","282","29.34743791","-88.11330955"
"A-ROW","1","633","Transcontinental Gas Pipe Line Company, LLC","FIXED","N","","","","1969-04-12","2023-08-02","54.3","90","28.76113082","-91.57204805"
"M822-PIPELINE J","1","25010","Transcontinental Gas Pipe Line Company, LLC","FIXED","N","","","","1998-07-31","","","53","30.16216866","-88.19885272"
"A-VALVE","1","25011","Transcontinental Gas Pipe Line Company, LLC","FIXED","N","","","","1968-12-10","","","30","28.9703893","-90.88649837"
"TGPL-VALVE","1","25014","Transcontinental Gas Pipe Line Company, LLC","FIXED","N","","","","1969-11-06","","","30","28.5161495","-90.8847681"
"JP(3)-VALVE","1","25020","Transcontinental Gas Pipe Line Company, LLC","FIXED","N","","","","1962-08-28","1993-09-26","31.1","22","29.31875741","-92.18124648"
"JP-VALVE","1","25021","Transcontinental Gas Pipe Line Company, LLC","FIXED","N","","","","1959-07-16","2012-09-28","53.2","30","29.27119827","-92.37020058"
"PP(1)-VALVE","1","25022","Transcontinental Gas Pipe Line Company, LLC","FIXED","N","","","","1961-05-04","2010-12-23","49.6","42","29.29121711","-92.39443064"
"A","1","752","Transcontinental Gas Pipe Line Company, LLC","FIXED","N","","","","1959-01-01","","","65","28.95984901","-91.64219872"
"A-Valve","1","1401","Transcontinental Gas Pipe Line Company, LLC","FIXED","N","","","","1978-01-01","","","54","29.23781162","-94.42252407"
"Z-TRANSCO","1","2648","Transcontinental Gas Pipe Line Company, LLC","FIXED","N","00134","UNIT","S","1966-02-03","","","12","29.11119121","-91.16154533"
"A","1","20217","EC Offshore Properties, Inc.","FIXED","Y","G13576","PROD","S","1957-01-01","","","51","29.339169","-92.690307"
"C","2","20217","EC Offshore Properties, Inc.","FIXED","Y","G13576","PROD","S","1980-01-01","","","51","29.339701","-92.690189"
"8","1","1525","EC Offshore Properties, Inc.","CAIS","N","G13576","PROD","S","2004-07-27","","","53","29.34679554","-92.71577822"
"4","1","1526","EC Offshore Properties, Inc.","CAIS","N","00184","PROD","S","2004-08-02","","","52","29.35550464","-92.68507202"
"A","1","20466","Cox Operating, L.L.C.","FIXED","Y","G01633","TERMIN","N","1971-01-01","2021-08-03","50.6","180","29.398213","-88.628003"
"C","1","22397","Cox Operating, L.L.C.","FIXED","Y","G01633","TERMIN","N","1978-01-01","2021-08-10","43.6","180","29.400122","-88.609346"
"CB","1","22740","Cox Operating, L.L.C.","FIXED","N","G01633","TERMIN","N","1981-01-01","2021-05-27","40.4","180","29.37949","-88.632352"
"53 (TSA)","1","21293","Cox Operating, L.L.C.","CAIS","N","00310","UNIT","S","1966-01-01","2019-03-24","53.2","14","29.461918","-92.062295"
"141","1","23314","Cox Operating, L.L.C.","CAIS","N","00310","UNIT","S","1988-01-01","1995-12-05","7.9","20","29.347186","-91.978757"
"165","1","27010","Cox Operating, L.L.C.","CAIS","N","00310","UNIT","S","1994-01-01","2019-03-22","25.2","17","29.36743985","-92.02468389"
"CAIS.#195","1","98","Cox Operating, L.L.C.","CAIS","N","00310","UNIT","S","1997-11-16","2003-09-02","5.8","16","29.37136069","-91.99341675"
"25","1","674","Cox Operating, L.L.C.","FIXED","N","G01351","RELINQ","N","2000-02-20","","","25","29.68297973","-93.74735992"
"CAIS.#213","1","959","Cox Operating, L.L.C.","CAIS","N","00310","UNIT","S","2001-05-16","2012-09-23","11.4","20","29.35276126","-91.99843592"
"GB","1","1867","Cox Operating, L.L.C.","CAIS","N","00263","RELINQ","N","2006-05-27","","","51","28.99189028","-90.2421021"
"37","1","2107","Cox Operating, L.L.C.","CAIS","N","00385","RELINQ","N","2007-09-01","","","38","29.14780122","-89.61130261"
"18","1","2129","Cox Operating, L.L.C.","CAIS","N","00384","RELINQ","N","2008-04-20","","","37","29.13637703","-89.55453818"
"B","1","2468","Cox Operating, L.L.C.","FIXED","N","G04473","RELINQ","N","2012-11-01","","","41","29.13413305","-89.5423115"
"19","1","2535","Cox Operating, L.L.C.","CAIS","N","00384","RELINQ","N","2014-04-02","","","35","29.1456123","-89.57257283"
"J","1","2569","Cox Operating, L.L.C.","FIXED","N","00385","RELINQ","N","2014-03-06","","","43","29.13597158","-89.61064369"
"C","1","2570","Cox Operating, L.L.C.","FIXED","N","G32257","TERMIN","N","2014-12-14","","","200","29.357874","-88.26519037"
"State GI 17S","1","2702","Cox Operating, L.L.C.","FIXED","N","","","","2000-01-01","","","45","29.15302778","-89.96741667"
"B","2","23839","W & T Energy VI, LLC","FIXED","Y","","","","1996-05-06","","","277","29.36056031","-87.88477744"
"A","1","23839","W & T Energy VI, LLC","FIXED","Y","","","","1990-01-01","","","277","29.360893","-87.885833"
"A (VIRGO)","1","113","W & T Energy VI, LLC","FIXED","Y","G10942","UNIT","S","1999-09-17","","","1130","29.18192218","-88.16774376"
"A(Matterhorn Se","1","1088","W & T Energy VI, LLC","MTLP","Y","G19931","PROD","S","2003-08-03","","","2850","28.74226919","-88.82563306"
"B","2","21471","Bandon Oil and Gas, LP","WP","Y","","","","1989-01-01","2011-05-10","22.4","105","28.51524597","-90.7285992"
"A","1","21471","Bandon Oil and Gas, LP","FIXED","Y","","","","1971-01-01","2009-08-20","38.6","105","28.515136","-90.72926"
"A","1","23437","Bandon Oil and Gas, LP","FIXED","Y","G07836","TERMIN","N","1990-01-01","2010-04-01","20.2","113","29.734515","-88.493128"
"A","1","23823","Bandon Oil and Gas, LP","WP","N","G05611","TERMIN","N","1990-01-01","2010-03-20","20.2","120","28.474267","-90.720499"
"A-AUX","2","10112","Bandon Oil and Gas, LP","FIXED","N","G03481","TERMIN","N","1978-01-01","2011-08-16","33.6","210","28.149868","-94.095937"
"A","1","10112","Bandon Oil and Gas, LP","FIXED","Y","G03481","TERMIN","N","1978-01-01","2011-08-16","33.6","210","28.150054","-94.094064"
"A","1","10124","Bandon Oil and Gas, LP","FIXED","Y","G02360","TERMIN","N","1979-01-01","2013-08-11","34.6","163","28.362643","-94.154778"
"A","1","10138","Bandon Oil and Gas, LP","FIXED","Y","G02359","TERMIN","N","1980-01-01","2021-10-08","41.8","165","28.35291238","-94.09681809"
"B","1","10224","Bandon Oil and Gas, LP","FIXED","Y","G02360","TERMIN","N","1981-01-01","2013-08-04","32.6","155","28.366054","-94.128285"
"A","1","24185","Bandon Oil and Gas, LP","WP","N","G10878","TERMIN","N","1995-01-01","2008-10-16","13.8","54","28.99935977","-89.48919485"
"A","1","29046","Bandon Oil and Gas, LP","FIXED","Y","G14348","TERMIN","N","1996-07-12","2011-09-09","15.2","270","28.12873","-93.09721414"
"A","1","831","Bandon Oil and Gas, LP","FIXED","N","G17815","TERMIN","N","2001-01-10","2011-08-19","10.6","260","28.14039738","-93.1519878"
"F","1","20562","Merit Energy Company, LLC","WP","N","G12355","PROD","S","1965-01-01","1999-11-28","34.9","101","28.582829","-91.275396"
"E","1","20589","Merit Energy Company, LLC","FIXED","Y","G12358","RELINQ","N","1966-01-01","1990-09-29","24.7","104","28.575954","-91.285258"
"D","1","21657","Merit Energy Company, LLC","FIXED","Y","G12355","PROD","S","1962-01-01","1982-12-31","21","100","28.580073","-91.262331"
"A","1","21981","Merit Energy Company, LLC","FIXED","Y","G02900","TERMIN","N","1976-01-01","2017-08-21","41.6","166","28.480822","-91.557537"
"CF","1","20136","Merit Energy Company, LLC","FIXED","Y","G01972","TERMIN","N","1972-01-01","2016-10-02","44.8","41","29.5081617","-92.8034972"
"B","1","20677","Merit Energy Company, LLC","FIXED","Y","G02039","TERMIN","N","1972-01-01","2011-10-16","39.8","164","28.479903","-92.637007"
"B-AUX1","2","20677","Merit Energy Company, LLC","FIXED","Y","G02039","TERMIN","N","1972-01-01","2008-08-11","36.6","164","28.479905","-92.63679"
"JB","1","22057","Merit Energy Company, LLC","WP","N","G03289","TERMIN","N","1977-01-01","2011-08-28","34.7","52","29.385936","-92.64749"
"JA","1","22125","Merit Energy Company, LLC","FIXED","Y","G03289","TERMIN","N","1978-01-01","2011-09-25","33.7","52","29.372713","-92.678896"
"JC","2","22125","Merit Energy Company, LLC","FIXED","Y","G03289","TERMIN","N","1984-01-01","2011-09-14","27.7","52","29.373552","-92.678869"
"CA WELL","1","22384","Merit Energy Company, LLC","WP","N","G02853","RELINQ","N","1980-01-01","2013-08-11","33.6","35","29.532129","-92.761493"
"A PROD","2","22384","Merit Energy Company, LLC","FIXED","Y","G02853","RELINQ","N","1978-01-01","2014-08-24","36.6","35","29.5315","-92.761745"
"B QUARTERS","3","22384","Merit Energy Company, LLC","FIXED","Y","G02853","RELINQ","N","1980-01-01","2013-08-06","33.6","35","29.531453","-92.761247"
"A","1","22659","Merit Energy Company, LLC","FIXED","Y","G04777","TERMIN","N","1984-01-01","2008-08-10","24.6","42","29.520973","-92.842301"
"CB","1","22830","Merit Energy Company, LLC","FIXED","N","G02853","RELINQ","N","1982-01-01","2013-08-04","31.6","40","29.54225","-92.766773"
"A","2","23326","Merit Energy Company, LLC","FIXED","Y","G08690","TERMIN","N","1988-01-01","2011-08-21","23.6","23","29.238666","-91.881296"
"B","1","23326","Merit Energy Company, LLC","WP","N","G08690","TERMIN","N","1988-01-01","2011-08-21","23.6","23","29.238539","-91.881455"
"10","1","23371","Merit Energy Company, LLC","CAIS","N","G02853","RELINQ","N","1990-01-01","2014-09-25","24.7","35","29.562142","-92.747344"
"11","1","23378","Merit Energy Company, LLC","CAIS","N","G02853","RELINQ","N","1990-01-01","2014-09-28","24.7","33","29.555781","-92.752683"
"B","1","23392","Merit Energy Company, LLC","CAIS","N","G05370","RELINQ","N","1991-01-01","2014-10-16","23.8","84","28.99631431","-92.7031709"
"A","1","23393","Merit Energy Company, LLC","FIXED","Y","G05370","RELINQ","N","1991-01-01","2014-09-17","23.7","84","28.975089","-92.720599"
"A","1","23687","Merit Energy Company, LLC","FIXED","Y","G08641","TERMIN","N","1988-01-01","2014-10-25","26.8","59","29.279776","-92.995708"
"A","1","10065","Merit Energy Company, LLC","FIXED","Y","G02426","TERMIN","N","1975-01-01","2013-09-03","38.7","225","28.103355","-93.916106"
"B","1","10118","Merit Energy Company, LLC","FIXED","Y","G26556","EXPIR","N","1978-01-01","2013-08-20","35.6","164","28.42779327","-93.81523907"
"B - AUX","2","10118","Merit Energy Company, LLC","FIXED","N","G26556","EXPIR","N","1978-01-01","2013-08-22","35.6","164","28.42776901","-93.81462057"
"A","1","10221","Merit Energy Company, LLC","FIXED","Y","G04078","TERMIN","N","1982-01-01","2010-06-19","28.5","36","29.478029","-93.796791"
"A","1","10535","Merit Energy Company, LLC","FIXED","Y","G09079","TERMIN","N","1991-01-01","2010-05-29","19.4","48","29.292663","-94.235032"
"A","1","10568","Merit Energy Company, LLC","FIXED","Y","G12497","TERMIN","N","1992-09-18","2016-08-01","23.9","62","28.964712","-94.908716"
"B","1","10575","Merit Energy Company, LLC","FIXED","N","G12497","TERMIN","N","1993-02-04","2016-08-04","23.5","68","28.957017","-94.910606"
"A","1","10586","Merit Energy Company, LLC","FIXED","Y","G11307","TERMIN","N","1993-09-27","2013-07-25","19.8","61","28.974615","-94.906692"
"A","1","10313","Merit Energy Company, LLC","FIXED","Y","G04536","TERMIN","N","1987-01-01","2010-07-07","23.5","207","27.316897","-96.737601"
"A","1","10344","Merit Energy Company, LLC","FIXED","Y","G07194","TERMIN","N","1989-01-01","2011-07-16","22.5","64","28.400292","-96.041952"
"A","1","10346","Merit Energy Company, LLC","FIXED","Y","G06045","RELINQ","N","1989-01-01","2008-09-29","19.7","104","28.022212","-96.307108"
"A","1","10354","Merit Energy Company, LLC","FIXED","Y","G10198","TERMIN","N","1990-01-01","2010-06-22","20.5","126","27.968817","-96.290907"
"B","1","10355","Merit Energy Company, LLC","FIXED","Y","G10198","TERMIN","N","1990-01-01","2008-10-02","18.8","126","27.994243","-96.259632"
"A","1","10362","Merit Energy Company, LLC","WP","Y","","","","1990-01-01","2012-07-23","22.6","120","27.28386406","-96.97971371"
"A","1","10377","Merit Energy Company, LLC","FIXED","Y","G08975","TERMIN","N","1992-01-01","2010-07-19","18.5","174","27.607381","-96.622365"
"A","1","10388","Merit Energy Company, LLC","FIXED","Y","G12421","TERMIN","N","1994-06-30","2012-07-29","18.1","88","27.337823","-97.113264"
"A","1","27029","Merit Energy Company, LLC","CAIS","N","G08640","TERMIN","N","1995-06-16","2014-08-31","19.2","55","29.31965653","-93.00493186"
"A-AUXILARY","2","27029","Merit Energy Company, LLC","WP","N","G08640","TERMIN","N","2002-09-22","2014-08-31","11.9","55","29.31972252","-93.00493296"
"B","1","28030","Merit Energy Company, LLC","WP","N","G04078","TERMIN","N","1995-01-01","2010-08-15","15.6","39","29.49083945","-93.80090611"
"#9","1","40013","Merit Energy Company, LLC","FIXED","N","G04078","TERMIN","N","1997-07-17","2010-05-25","12.9","27","29.46563159","-93.7917592"
"C","1","90025","Merit Energy Company, LLC","FIXED","N","G08640","TERMIN","N","1997-07-30","2014-09-03","17.1","55","29.28459079","-93.00466833"
"1","1","2","Merit Energy Company, LLC","CAIS","N","G14878","TERMIN","N","1998-01-05","2010-06-09","12.4","38","29.47490894","-93.81283095"
"B","1","231","Merit Energy Company, LLC","CAIS","N","G08641","TERMIN","N","1998-06-07","2015-08-17","17.2","58","29.27509865","-93.00172502"
"B","1","770","Merit Energy Company, LLC","FIXED","Y","G10203","TERMIN","N","2000-09-08","2010-07-25","9.9","151","27.91437882","-96.38716526"
"CAIS.#4","1","855","Merit Energy Company, LLC","CAIS","N","G08641","TERMIN","N","2001-02-22","2014-10-27","13.7","60","29.27135973","-93.0001009"
"4","1","894","Merit Energy Company, LLC","FIXED","N","G11307","TERMIN","N","2001-02-18","2013-07-18","12.4","64","28.9860966","-94.89018141"
"10","1","964","Merit Energy Company, LLC","CAIS","N","G04078","TERMIN","N","2001-06-29","2010-05-30","8.9","40","29.49434459","-93.79229799"
"A","1","927","Merit Energy Company, LLC","FIXED","N","G16365","TERMIN","N","2001-06-01","2009-08-16","8.2","202","28.37849","-91.76650667"
"3","1","886","Merit Energy Company, LLC","CAIS","N","G08690","TERMIN","N","2001-09-20","2011-08-19","9.9","23","29.2562156","-91.854788"
"A","1","1183","Merit Energy Company, LLC","FIXED","N","G24861","TERMIN","N","2002-10-21","2011-06-10","8.6","318","28.04048693","-92.48959669"
"3","1","813","Merit Energy Company, LLC","CAIS","N","G18936","TERMIN","N","2001-01-01","2011-07-20","10.5","45","29.29257727","-94.01157132"
"A","1","1289","Merit Energy Company, LLC","FIXED","N","G05171","TERMIN","N","2003-06-05","2010-06-14","7","126","27.9266266","-96.39069419"
"A","1","1642","Merit Energy Company, LLC","FIXED","Y","G22188","TERMIN","N","2005-03-20","2012-06-27","7.3","222","27.8269785","-96.08714846"
"12","1","1777","Merit Energy Company, LLC","CAIS","N","G02853","RELINQ","N","2005-11-25","2014-08-26","8.8","39","29.53422931","-92.74869504"
"C","1","1631","LLOG Exploration & Production Company, L.L.C.","FIXED","Y","G24419","TERMIN","N","2005-02-21","2010-10-13","5.6","176","28.39000485","-93.83726345"
"A","1","1627","LLOG Exploration Offshore, L.L.C.","FIXED","Y","G24710","TERMIN","N","2005-01-03","2024-10-10","19.8","40","29.55721255","-93.47185831"
"A","1","1581","LLOG Exploration Offshore, L.L.C.","FIXED","N","G22662","RELINQ","N","2005-02-16","2011-08-08","6.5","53","28.99283353","-91.78461085"
"A","1","1002","LLOG Exploration Offshore, L.L.C.","CAIS","Y","G21142","TERMIN","N","2001-12-06","2011-08-27","9.7","27","29.47961021","-88.99745804"
"B","1","1032","LLOG Exploration Offshore, L.L.C.","FIXED","Y","G01477","TERMIN","N","2001-09-10","2008-04-19","6.6","56","29.31314364","-92.95915124"
"A","1","1148","LLOG Exploration Offshore, L.L.C.","FIXED","N","","","","2002-07-01","2006-04-20","3.8","35","",""
"A","1","1299","LLOG Exploration Offshore, L.L.C.","WP","N","G21120","TERMIN","N","2003-09-09","2008-05-06","4.7","153","28.46448057","-90.31058597"
"A","1","1345","LLOG Exploration Offshore, L.L.C.","FIXED","Y","G23829","TERMIN","N","2003-11-08","2024-07-17","20.7","177","28.47095469","-92.17376207"
"A","1","1414","LLOG Exploration Offshore, L.L.C.","FIXED","Y","G24872","TERMIN","N","2004-01-15","2024-10-12","20.7","173","28.48817197","-92.15564301"
"A","1","1472","LLOG Exploration Offshore, L.L.C.","CAIS","N","G24895","EXPIR","N","2004-03-22","2008-10-22","4.6","42","29.00027069","-91.59512936"
"A","1","1464","LLOG Exploration Offshore, L.L.C.","FIXED","Y","G25561","TERMIN","N","2004-04-11","2025-09-17","21.4","54","29.19560862","-94.03749857"
"B","1","1486","LLOG Exploration Offshore, L.L.C.","FIXED","Y","G23829","TERMIN","N","2004-05-20","2023-07-08","19.1","176","28.47166493","-92.19541526"
"C","2","1486","LLOG Exploration Offshore, L.L.C.","FIXED","N","G23829","TERMIN","N","2008-12-15","2023-07-08","14.6","176","28.47172065","-92.19530683"
"C","1","1621","LLOG Exploration Offshore, L.L.C.","FIXED","Y","G25561","TERMIN","N","2005-03-28","2025-09-04","20.4","54","29.18422969","-94.048338"
"1","1","1694","LLOG Exploration Offshore, L.L.C.","CAIS","N","G26022","EXPIR","N","2005-05-01","2008-01-27","2.7","26","29.15160059","-91.54206543"
"A","1","1940","LLOG Exploration Offshore, L.L.C.","CAIS","Y","G27507","TERMIN","N","2008-01-01","2012-07-22","4.6","50","29.24203401","-94.34030448"
"E","1","2206","LLOG Exploration Offshore, L.L.C.","FIXED","N","G31435","TERMIN","N","2009-01-15","2025-10-29","16.8","56","29.54691907","-88.69008591"
"A","1","2135","LLOG Exploration Offshore, L.L.C.","WP","N","G25995","TERMIN","N","2008-02-16","2011-10-04","3.6","224","28.22848014","-92.60381671"
"A","1","2147","LLOG Exploration Offshore, L.L.C.","FIXED","Y","G24874","TERMIN","N","2008-04-12","2017-05-29","9.1","196","28.40245829","-91.85893999"
"D","1","2201","LLOG Exploration Offshore, L.L.C.","FIXED","Y","G31435","TERMIN","N","2008-07-31","2025-10-16","17.2","61","29.55450341","-88.68711419"
"A (Who Dat)","1","2424","LLOG Exploration Offshore, L.L.C.","SEMI","Y","G32334","PROD","S","2011-07-12","","","3280","28.41538737","-89.0162066"
"A (Salamanca)","1","2716","LLOG Exploration Offshore, L.L.C.","SEMI","N","","","","2025-07-17","","","6405","26.29753274","-92.52189556"
"S","1","20581","Arena Offshore, LP","FIXED","N","00461","UNIT","S","1968-01-01","2022-07-09","54.5","120","28.656824","-90.235532"
"J","1","20582","Arena Offshore, LP","FIXED","Y","00457","PROD","S","1969-01-01","2022-06-08","53.4","176","28.674878","-90.134791"
"C","1","20585","Arena Offshore, LP","FIXED","Y","00456","PROD","S","1961-01-01","2021-07-01","60.5","180","28.666384","-90.155878"
"R","1","20587","Arena Offshore, LP","FIXED","N","00498","UNIT","S","1967-01-01","","","112","28.667357","-90.245394"
"Q","1","20607","Arena Offshore, LP","FIXED","Y","00462","UNIT","S","1968-01-01","","","107","28.65776","-90.282151"
"E","2","20608","Arena Offshore, LP","FIXED","Y","00464","UNIT","S","1960-01-01","1994-05-09","34.4","137","28.618854","-90.242663"
"P","1","20608","Arena Offshore, LP","FIXED","Y","00464","UNIT","S","1967-01-01","","","137","28.618102","-90.242191"
"G","1","20618","Arena Offshore, LP","FIXED","Y","00463","UNIT","S","1961-01-01","2012-12-01","51.9","137","28.617183","-90.249361"
"PROD #1","2","20618","Arena Offshore, LP","FIXED","Y","00463","UNIT","S","1962-01-01","","","137","28.617186","-90.249673"
"PROD #2","3","20618","Arena Offshore, LP","FIXED","Y","00463","UNIT","S","1962-01-01","","","137","28.61718089","-90.24904998"
"G-CMP","4","20618","Arena Offshore, LP","FIXED","Y","00463","UNIT","S","1962-01-01","","","137","28.617458","-90.249359"
"G-QRT","5","20618","Arena Offshore, LP","FIXED","N","00463","UNIT","S","1962-01-01","","","137","28.616908","-90.249364"
"Y","6","20618","Arena Offshore, LP","FIXED","N","00463","UNIT","S","1988-01-01","","","137","28.616173","-90.249562"
"PRD Flare PL","7","20618","Arena Offshore, LP","FIXED","N","00463","UNIT","S","1962-01-01","1999-06-07","37.4","137","28.61745064","-90.24842387"
"D","1","20633","Arena Offshore, LP","FIXED","Y","00456","PROD","S","1962-01-01","2007-08-02","45.6","160","28.67493473","-90.1581666"
"D-QTR","2","20633","Arena Offshore, LP","FIXED","N","00456","PROD","S","1962-01-01","2018-10-02","56.8","160","28.67383752","-90.15786134"
"D-AUX2","3","20633","Arena Offshore, LP","FIXED","Y","00456","PROD","S","1962-01-01","2018-10-05","56.8","160","28.67312981","-90.15775109"
"D-CP","4","20633","Arena Offshore, LP","FIXED","Y","00456","PROD","S","1962-01-01","2018-10-06","56.8","160","28.67314424","-90.15691533"
"D-Flare","5","20633","Arena Offshore, LP","CAIS","N","00456","PROD","S","1963-01-01","2004-08-21","41.6","160","28.67206512","-90.157698"
"E","1","20652","Arena Offshore, LP","FIXED","Y","G01260","PROD","S","1967-01-01","","","141","28.509697","-90.380008"
"A","1","20719","Arena Offshore, LP","FIXED","Y","G01241","PROD","S","1973-01-01","","","61","28.86730191","-90.490613"
"CA","2","20719","Arena Offshore, LP","FIXED","Y","G01241","PROD","S","1973-01-01","","","61","28.866176","-90.489998"
"1","3","20719","Arena Offshore, LP","CAIS","N","G01241","PROD","S","1973-01-01","2009-08-23","36.6","61","28.867688","-90.489985"
"B-QTR","4","20719","Arena Offshore, LP","FIXED","N","G01241","PROD","S","1982-01-01","","","61","28.866929","-90.491206"
"C","5","20719","Arena Offshore, LP","FIXED","Y","G01241","PROD","S","1985-01-01","","","61","28.867854","-90.490958"
"3","1","20793","Arena Offshore, LP","CAIS","N","G01241","PROD","S","1972-01-01","","","50","28.858183","-90.495677"
"C","1","20957","Arena Offshore, LP","FIXED","Y","G01248","PROD","S","1973-01-01","","","125","28.580469","-90.392651"
"CB","1","21748","Arena Offshore, LP","FIXED","N","G01241","PROD","S","1975-01-01","","","60","28.848007","-90.490462"
"B","1","21885","Arena Offshore, LP","FIXED","Y","G02624","PROD","S","1976-01-01","","","57","28.933053","-90.41334"
"A","1","21897","Arena Offshore, LP","FIXED","Y","G02625","PROD","S","1975-01-01","","","57","28.92849","-90.353277"
"J","2","21897","Arena Offshore, LP","FIXED","Y","G02625","PROD","S","1998-07-15","","","57","28.9288092","-90.35262044"
"3","1","21933","Arena Offshore, LP","CAIS","N","G01240","PROD","S","1976-01-01","","","58","28.87424319","-90.49622507"
"A","1","21951","Arena Offshore, LP","FIXED","Y","G01960","TERMIN","N","1976-01-01","2023-07-02","47.5","111","28.59071","-90.395061"
"D","1","22007","Arena Offshore, LP","FIXED","Y","G03336","PROD","S","1977-01-01","","","54","28.938624","-90.435036"
"C","1","22025","Arena Offshore, LP","FIXED","Y","G02625","PROD","S","1977-01-01","","","52","28.943412","-90.335256"
"E","1","22122","Arena Offshore, LP","FIXED","Y","G03336","PROD","S","1978-01-01","","","52","28.923128","-90.432174"
"E-Flare Pile","2","22122","Arena Offshore, LP","CAIS","N","G03336","PROD","S","1978-01-01","1999-06-18","21.5","52","28.92395918","-90.43310426"
"G","1","22296","Arena Offshore, LP","FIXED","Y","G35951","TERMIN","N","1979-01-01","","","211","28.804811","-89.801788"
"W","1","22439","Arena Offshore, LP","FIXED","Y","00461","UNIT","S","1981-01-01","","","137","28.627159","-90.232977"
"B","1","22452","Arena Offshore, LP","FIXED","N","G01256","TERMIN","N","1980-01-01","2015-07-13","35.5","99","28.554432","-90.606784"
"C","1","22552","Arena Offshore, LP","FIXED","Y","G01256","TERMIN","N","1982-01-01","2014-11-02","32.8","108","28.531687","-90.604062"
"CC","1","22630","Arena Offshore, LP","FIXED","Y","G01240","PROD","S","1985-01-01","","","60","28.89774","-90.476513"
"9","2","22630","Arena Offshore, LP","WP","N","G01240","PROD","S","1985-01-01","2015-10-14","30.8","60","28.897775","-90.476509"
"CA","1","22651","Arena Offshore, LP","FIXED","Y","G01899","PROD","S","1981-01-01","","","143","28.501047","-90.380777"
"X","1","22711","Arena Offshore, LP","FIXED","Y","00498","UNIT","S","1982-01-01","","","101","28.676074","-90.268685"
"CA","1","22739","Arena Offshore, LP","FIXED","N","G03197","PROD","S","1981-01-01","","","142","29.462008","-88.649352"
"20","1","22839","Arena Offshore, LP","CAIS","N","G01241","PROD","S","1983-01-01","","","54","28.85863724","-90.48221127"
"CD","1","23044","Arena Offshore, LP","FIXED","N","G01240","PROD","S","1985-01-01","2018-09-20","33.7","57","28.90378909","-90.48062082"
"CE","1","23207","Arena Offshore, LP","FIXED","Y","G01240","PROD","S","1985-01-01","","","60","28.889079","-90.491093"
"21","1","23499","Arena Offshore, LP","CAIS","N","G01241","PROD","S","1989-01-01","","","61","28.866255","-90.491531"
"23","1","23502","Arena Offshore, LP","CAIS","N","G01240","PROD","S","1986-01-01","","","60","28.881472","-90.474249"
"A","1","23848","Arena Offshore, LP","FIXED","Y","G05052","RELINQ","N","1990-01-01","","","467","28.783336","-89.242226"
"A","1","23881","Arena Offshore, LP","FIXED","Y","G09637","PROD","S","1991-01-01","","","56","28.936806","-90.31388"
"F","1","20537","Arena Offshore, LP","FIXED","Y","G00982","PROD","S","1972-01-01","","","145","28.5343","-91.545011"
"H","2","20537","Arena Offshore, LP","FIXED","Y","G00982","PROD","S","1978-01-01","","","145","28.53398","-91.54554"
"C","1","20590","Arena Offshore, LP","FIXED","Y","G00983","PROD","S","1964-12-01","2018-08-23","53.7","151","28.51961792","-91.52676936"
"L","2","20590","Arena Offshore, LP","FIXED","Y","G00983","PROD","S","2002-06-10","","","151","28.51951858","-91.52700887"
"A","1","20626","Arena Offshore, LP","FIXED","Y","G02111","PROD","S","1973-01-01","","","235","28.256263","-91.739953"
"A-PRD","2","20626","Arena Offshore, LP","FIXED","Y","G02111","PROD","S","1973-01-01","","","235","28.255988","-91.739951"
"A","1","20722","Arena Offshore, LP","FIXED","Y","G00982","PROD","S","1963-01-01","","","144","28.542288","-91.54458"
"A-AUX","2","20722","Arena Offshore, LP","WP","N","G00982","PROD","S","1964-01-01","2006-09-09","42.7","144","28.542289","-91.544268"
"E","1","20740","Arena Offshore, LP","FIXED","Y","G00982","PROD","S","1966-01-01","","","127","28.567818","-91.524588"
"E-AUX","2","20740","Arena Offshore, LP","FIXED","Y","G00982","PROD","S","1971-01-01","","","127","28.567818","-91.524899"
"JB24","1","20848","Arena Offshore, LP","FIXED","Y","00796","TERMIN","N","1971-01-01","","","25","29.051333","-91.448634"
"JC19","1","20849","Arena Offshore, LP","FIXED","N","00796","TERMIN","N","1961-01-01","","","23","29.055419","-91.452457"
"18","1","20850","Arena Offshore, LP","FIXED","N","00796","TERMIN","N","1961-01-01","","","23","29.059544","-91.452462"
"17","1","20851","Arena Offshore, LP","CAIS","N","00796","TERMIN","N","1961-01-01","1989-12-12","28.9","23","29.070505","-91.452412"
"16","1","20852","Arena Offshore, LP","CAIS","N","00796","TERMIN","N","1961-01-01","1989-12-13","28.9","23","29.071592","-91.448345"
"13","1","20854","Arena Offshore, LP","FIXED","N","00796","TERMIN","N","1960-01-01","","","23","29.06318","-91.448335"
"12","1","20855","Arena Offshore, LP","CAIS","N","00796","TERMIN","N","1960-01-01","1989-12-18","30","23","29.063184","-91.440072"
"11","1","20856","Arena Offshore, LP","CAIS","N","00796","TERMIN","N","1961-01-01","1989-12-17","29","23","29.067282","-91.439545"
"10","1","20857","Arena Offshore, LP","CAIS","N","00796","TERMIN","N","1961-01-01","1989-12-15","29","23","29.070437","-91.448343"
"9","1","20858","Arena Offshore, LP","CAIS","N","00796","TERMIN","N","1960-01-01","1976-12-31","17","23","29.050869","-91.44419"
"8","1","20859","Arena Offshore, LP","CAIS","N","00796","TERMIN","N","1960-01-01","1989-12-16","30","23","29.066811","-91.444208"
"2","1","20862","Arena Offshore, LP","CAIS","N","00796","TERMIN","N","1960-01-01","1989-12-20","30","23","29.055921","-91.444196"
"A-TK","1","20870","Arena Offshore, LP","FIXED","N","00796","TERMIN","N","1962-01-01","2012-08-14","50.6","23","29.06096","-91.446298"
"B-PRD","2","20870","Arena Offshore, LP","FIXED","Y","00796","TERMIN","N","1961-01-01","","","23","29.06096","-91.446298"
"C-CMP","3","20870","Arena Offshore, LP","FIXED","Y","00796","TERMIN","N","1962-01-01","","","23","29.061922","-91.446456"
"D-QTR","4","20870","Arena Offshore, LP","FIXED","Y","00796","TERMIN","N","1962-01-01","","","23","29.06192222","-91.44645573"
"B","1","21448","Arena Offshore, LP","FIXED","Y","G36940","OPERNS","S","1968-01-01","","","103","28.63473","-91.489055"
"B-PRD/C","2","21448","Arena Offshore, LP","FIXED","Y","G36940","OPERNS","S","1972-01-01","","","103","28.6344","-91.489054"
"C","3","21448","Arena Offshore, LP","FIXED","Y","G36940","OPERNS","S","1973-01-01","","","103","28.634233","-91.488786"
"5","1","21535","Arena Offshore, LP","CAIS","N","00796","TERMIN","N","1960-01-01","1989-12-19","30","23","29.055924","-91.440065"
"C","1","21572","Arena Offshore, LP","FIXED","Y","G00989","PROD","S","1966-01-01","","","168","28.448814","-91.44943"
"B","1","21580","Arena Offshore, LP","FIXED","Y","G02115","PROD","S","1971-01-01","","","248","28.223058","-91.694043"
"1","1","21835","Arena Offshore, LP","FIXED","N","G02601","TERMIN","N","1974-01-01","2021-08-12","47.6","12","29.247716","-91.396022"
"B-PRD","2","21847","Arena Offshore, LP","FIXED","Y","G02111","PROD","S","1976-01-01","2013-09-27","37.7","235","28.252852","-91.751703"
"B-DRL","1","21847","Arena Offshore, LP","FIXED","Y","G02111","PROD","S","1975-01-01","","","235","28.253182","-91.751704"
"G","1","22045","Arena Offshore, LP","FIXED","Y","G00983","PROD","S","1977-01-01","","","148","28.502788","-91.564"
"A","1","22164","Arena Offshore, LP","FIXED","Y","G03331","PROD","S","1978-01-01","","","160","28.49714","-91.570212"
"A","1","22165","Arena Offshore, LP","FIXED","Y","G02914","PROD","S","1978-01-01","","","272","28.20248","-91.537802"
"C","1","22429","Arena Offshore, LP","FIXED","Y","G02111","PROD","S","1980-01-01","","","230","28.269868","-91.730719"
"A","1","22637","Arena Offshore, LP","FIXED","Y","G37169","PROD","S","1982-01-01","","","240","28.252949","-91.660595"
"E","1","22677","Arena Offshore, LP","FIXED","Y","G00989","PROD","S","1982-01-01","","","175","28.43048","-91.444752"
"A","1","22679","Arena Offshore, LP","FIXED","Y","G03332","TERMIN","N","1982-01-01","","","268","28.177835","-91.732779"
"I","1","22713","Arena Offshore, LP","FIXED","Y","G00983","PROD","S","1982-01-01","","","150","28.515034","-91.556246"
"J","1","22837","Arena Offshore, LP","FIXED","Y","G00981","PROD","S","1983-01-01","2025-08-18","42.6","145","28.565528","-91.507034"
"A","1","22858","Arena Offshore, LP","FIXED","Y","G04452","PROD","S","1983-01-01","","","88","28.760793","-91.696479"
"D","1","23027","Arena Offshore, LP","FIXED","Y","G03783","TERMIN","N","1984-01-01","","","298","28.136093","-91.666895"
"A","1","23031","Arena Offshore, LP","FIXED","Y","G05494","TERMIN","N","1984-01-01","2014-07-29","30.6","78","28.786711","-91.589594"
"A","1","23162","Arena Offshore, LP","FIXED","Y","G05040","PROD","S","1984-01-01","","","240","28.262533","-91.647572"
"D","1","23240","Arena Offshore, LP","FIXED","Y","G02115","PROD","S","1986-01-01","","","248","28.242197","-91.673018"
"12","1","23311","Arena Offshore, LP","CAIS","N","G36940","OPERNS","S","1988-01-01","","","100","28.649022","-91.495033"
"B","1","23900","Arena Offshore, LP","FIXED","Y","G36743","EXPIR","N","1989-01-01","2025-08-13","36.6","110","28.639545","-91.611131"
"A","1","23924","Arena Offshore, LP","FIXED","N","G05505","RELINQ","N","1990-01-01","2019-04-29","29.3","123","28.580784","-91.522373"
"B","1","23961","Arena Offshore, LP","FIXED","N","G05505","RELINQ","N","1991-01-01","","","123","28.588273","-91.524652"
"B","1","21860","Arena Offshore, LP","FIXED","Y","G02587","PROD","S","1975-01-01","","","225","28.288439","-91.882297"
"A","1","21864","Arena Offshore, LP","FIXED","Y","G02587","PROD","S","1975-01-01","","","216","28.31678527","-91.90895167"
"A-PRD","2","21864","Arena Offshore, LP","FIXED","N","G02587","PROD","S","1976-01-01","2009-01-01","33","216","28.317121","-91.908954"
"SA-2","3","21864","Arena Offshore, LP","FIXED","Y","G02587","PROD","S","1976-01-01","","","216","28.316787","-91.908486"
"C","1","22046","Arena Offshore, LP","FIXED","Y","G02587","PROD","S","1977-01-01","","","255","28.307813","-91.900954"
"A","1","22392","Arena Offshore, LP","FIXED","Y","G02567","TERMIN","N","1980-01-01","2010-10-10","30.8","330","28.051894","-92.707339"
"A","1","10074","Arena Offshore, LP","FIXED","Y","G02366","TERMIN","N","1976-01-01","","","173","28.255102","-94.208829"
"C","1","10088","Arena Offshore, LP","FIXED","Y","G02697","TERMIN","N","1977-01-01","2021-12-05","44.9","200","28.049148","-94.438342"
"C-AUX","2","10088","Arena Offshore, LP","FIXED","Y","G02697","TERMIN","N","1979-01-01","","","200","28.049029","-94.438226"
"C-AUX-2","3","10088","Arena Offshore, LP","FIXED","N","G02697","TERMIN","N","1979-01-01","2011-08-21","32.6","200","28.048421","-94.438253"
"A","1","10500","Arena Offshore, LP","FIXED","Y","G06093","PROD","S","1990-01-01","","","58","29.130363","-94.545972"
"E","1","10509","Arena Offshore, LP","FIXED","Y","G06088","TERMIN","N","1990-01-01","2010-08-30","20.7","164","28.027035","-95.672539"
"CA","1","22387","Arena Offshore, LP","FIXED","Y","G24767","TERMIN","N","1980-01-01","2018-09-24","38.7","188","28.25046898","-93.31956483"
"A","1","10210","Arena Offshore, LP","FIXED","Y","G04065","TERMIN","N","1982-01-01","2018-10-29","36.8","93","28.002513","-96.429561"
"E","2","10210","Arena Offshore, LP","FIXED","Y","G04065","TERMIN","N","1985-01-01","2006-07-15","21.5","93","28.002038","-96.430165"
"G","3","10210","Arena Offshore, LP","FIXED","Y","G04065","TERMIN","N","1989-01-01","2009-06-25","20.5","93","28.002894","-96.42922"
"A","1","10235","Arena Offshore, LP","FIXED","Y","G04547","RELINQ","N","1983-01-01","2018-11-17","35.9","95","27.993153","-96.452545"
"A","1","10320","Arena Offshore, LP","FIXED","Y","G04996","TERMIN","N","1988-01-01","2012-07-19","24.5","87","28.187718","-96.128459"
"A-PRD","2","10320","Arena Offshore, LP","FIXED","Y","G04996","TERMIN","N","1988-01-01","2012-07-19","24.5","87","28.187362","-96.128665"
"22","1","24144","Arena Offshore, LP","CAIS","N","G01241","PROD","S","1993-01-01","","","62","28.858413","-90.480779"
"CK","2","24144","Arena Offshore, LP","CAIS","N","G01241","PROD","S","2010-11-21","","","62","28.85844888","-90.48074169"
"A","1","24137","Arena Offshore, LP","FIXED","Y","G05662","TERMIN","N","1994-02-08","2013-06-19","19.4","257","28.41424508","-90.06627139"
"B","1","28005","Arena Offshore, LP","FIXED","Y","G02705","PROD","S","1994-08-16","","","268","27.9958057","-93.97641104"
"A","1","24179","Arena Offshore, LP","FIXED","Y","G12088","PROD","S","1994-11-06","","","158","29.41895427","-88.64860341"
"B","1","26088","Arena Offshore, LP","FIXED","Y","G07736","RELINQ","N","1994-09-14","2014-07-02","19.8","165","28.49054408","-91.60261237"
"K","1","26095","Arena Offshore, LP","FIXED","Y","G00981","PROD","S","1994-11-03","","","139","28.533142","-91.495807"
"38","1","26111","Arena Offshore, LP","CAIS","N","00796","TERMIN","N","1995-01-12","","","25","29.05788221","-91.46980803"
"JD","2","26111","Arena Offshore, LP","CAIS","N","00796","TERMIN","N","2008-04-05","","","25","29.0579619","-91.4698676"
"A","1","29032","Arena Offshore, LP","FIXED","Y","G14342","TERMIN","N","1995-05-21","2025-08-23","30.3","182","28.34907688","-93.50171074"
"JG","1","26075","Arena Offshore, LP","CAIS","N","00423","TERMIN","N","1994-01-01","2026-05-25","32.4","59","28.76919022","-91.35627649"
"D","1","26138","Arena Offshore, LP","FIXED","Y","G37176","PRIMRY","S","1995-09-19","","","280","28.15504664","-91.71708651"
"E","1","24254","Arena Offshore, LP","FIXED","Y","G01256","TERMIN","N","1995-11-15","2011-02-14","15.2","113","28.51651747","-90.57212316"
"JA","1","28039","Arena Offshore, LP","WP","Y","G13803","TERMIN","N","1996-05-09","2007-08-10","11.3","196","28.11776208","-94.30834282"
"B","1","28051","Arena Offshore, LP","FIXED","Y","G06093","PROD","S","1996-08-09","","","58","29.130284","-94.546568"
"C","2","28051","Arena Offshore, LP","FIXED","N","G06093","PROD","S","1999-10-13","","","58","29.12999081","-94.54595707"
"H","1","31012","Arena Offshore, LP","FIXED","Y","G02625","PROD","S","1996-06-28","","","62","28.91549978","-90.34685869"
"A","1","27062","Arena Offshore, LP","FIXED","Y","G24878","TERMIN","N","1996-07-26","2023-07-12","27","399","27.9796749","-91.91812052"
"A","1","31033","Arena Offshore, LP","FIXED","Y","G12989","TERMIN","N","1996-09-22","2016-06-06","19.7","185","28.72984763","-89.9240761"
"CE","1","70024","Arena Offshore, LP","FIXED","N","G03197","PROD","S","1997-06-04","","","110","29.46440788","-88.68587739"
"A","1","70027","Arena Offshore, LP","FIXED","N","G15356","TERMIN","N","1997-05-21","2015-09-26","18.3","175","28.721551","-89.96552436"
"Cais.#21","1","6","Arena Offshore, LP","FIXED","N","G01240","PROD","S","1997-06-19","","","55","28.89866228","-90.50432485"
"I","1","186","Arena Offshore, LP","FIXED","Y","G02625","PROD","S","1998-05-05","","","53","28.94523536","-90.36591292"
"A","1","292","Arena Offshore, LP","FIXED","Y","G13937","TERMIN","N","1998-11-04","2013-10-21","15","144","28.39527379","-90.69033517"
"A","1","419","Arena Offshore, LP","FIXED","N","00809","RELINQ","N","1999-04-30","2017-08-07","18.3","131","28.60560498","-91.65688195"
"A","1","753","Arena Offshore, LP","FIXED","N","G00977","RELINQ","N","2000-07-30","","","108","28.61276672","-91.46160156"
"C","1","1005","Arena Offshore, LP","FIXED","N","00809","RELINQ","N","2001-08-09","2021-07-07","19.9","134","28.57900089","-91.65660375"
"B","1","1004","Arena Offshore, LP","FIXED","N","00809","RELINQ","N","2001-08-04","2025-08-08","24","121","28.60745892","-91.63013608"
"C","1","1094","Arena Offshore, LP","FIXED","N","G03331","PROD","S","2002-06-18","","","157","28.51007577","-91.59122207"
"1","1","1098","Arena Offshore, LP","CAIS","N","G17977","TERMIN","N","2002-07-01","2013-10-21","11.3","61","28.84676119","-91.47845444"
"#5","1","1404","Arena Offshore, LP","CAIS","N","G14535","TERMIN","N","2003-11-27","2021-05-27","17.5","64","28.82432501","-90.53110167"
"6","1","1477","Arena Offshore, LP","CAIS","N","G14535","TERMIN","N","2004-04-17","2021-05-30","17.1","64","28.83294098","-90.53029933"
"7","1","1646","Arena Offshore, LP","CAIS","N","G03336","PROD","S","2005-01-23","","","46","28.9344696","-90.4338919"
"D","1","1677","Arena Offshore, LP","CAIS","N","G16470","TERMIN","N","2005-08-19","2013-10-11","8.1","70","29.11041638","-89.7380604"
"2","1","1679","Arena Offshore, LP","CAIS","N","G02624","PROD","S","2005-03-31","","","48","28.94564751","-90.41878"
"1","1","1705","Arena Offshore, LP","CAIS","N","G24888","EXPIR","N","2005-09-08","2008-07-06","2.8","23","29.0953364","-91.4319508"
"1","1","1711","Arena Offshore, LP","CAIS","N","G21592","TERMIN","N","2005-06-05","","","25","29.29530942","-92.17882915"
"A","1","1719","Arena Offshore, LP","CAIS","N","G21686","TERMIN","N","2005-05-31","2011-11-22","6.5","80","29.02818805","-89.96164753"
"F","1","1685","Arena Offshore, LP","FIXED","N","G01106","TERMIN","N","2005-08-08","","","294","28.71137746","-89.70182855"
"CB","1","1720","Arena Offshore, LP","FIXED","N","G01572","PROD","S","2005-07-27","","","145","28.48206526","-90.40877997"
"F","1","1734","Arena Offshore, LP","WP","N","G01260","PROD","S","2005-08-12","2017-08-14","12","140","28.5266842","-90.36425992"
"A","1","10271","Hess Corporation","FIXED","Y","G04743","TERMIN","N","1985-01-01","1992-10-23","7.8","170","28.24861","-94.271926"
"A","1","10519","Hess Corporation","FIXED","Y","G08129","TERMIN","N","1990-01-01","1995-10-18","5.8","85","28.67336306","-95.25989097"
"A","1","10546","Hess Corporation","FIXED","Y","G07236","TERMIN","N","1991-10-22","2004-09-04","12.9","58","29.097041","-94.605794"
"A","1","23733","Hess Corporation","FIXED","Y","G05352","TERMIN","N","1990-01-01","1993-12-07","3.9","212","28.179677","-93.419389"
"A(Removed)","1","23755","Hess Corporation","FIXED","Y","G07632","TERMIN","N","1991-01-01","1997-11-03","6.8","200","28.211707","-93.339752"
"B(Removed)","1","23768","Hess Corporation","CAIS","N","G07631","TERMIN","N","1991-01-01","1997-09-13","6.7","196","28.230112","-93.376434"
"C","1","24060","Hess Corporation","FIXED","Y","G13586","TERMIN","N","1993-10-10","2002-05-25","8.6","91","28.79716481","-92.88444838"
"4","1","31013","Hess Corporation","FIXED","N","G04492","RELINQ","N","1996-06-11","2001-11-08","5.4","35","29.45158235","-89.03024656"
"A (Baldpate)","1","33039","Hess Corporation","CT","Y","G07462","UNIT","S","1998-05-31","","","1648","27.73335401","-91.99361647"
"A","1","510","Hess Corporation","CAIS","Y","G16200","TERMIN","N","1999-11-06","2003-08-04","3.7","138","28.46628711","-93.17358364"
"A","1","756","Hess Corporation","CAIS","N","G18055","TERMIN","N","2000-08-03","2004-04-11","3.7","138","28.42098391","-90.65478336"
"A (Gulfstar 1)","1","2498","Hess Corporation","SPAR","N","G22897","UNIT","S","2014-03-09","","","4600","28.23497328","-88.99536265"
"A (Stampede)","1","2660","Hess Corporation","TLP","N","G26313","UNIT","S","2017-05-29","","","3360","27.50899334","-90.55632364"
"A","1","23361","Medco Energi US LLC","FIXED","Y","G05392","TERMIN","N","1989-01-01","2018-09-23","29.7","224","28.208388","-92.951866"
"A","1","10190","Medco Energi US LLC","FIXED","Y","G03935","TERMIN","N","1981-01-01","2012-11-04","31.8","68","28.493583","-95.724447"
"B","1","1836","Medco Energi US LLC","FIXED","Y","G05393","TERMIN","N","2006-12-22","2018-11-15","11.9","223","28.2188767","-92.92533235"
"A","1","2021","Medco Energi US LLC","CAIS","Y","G27476","TERMIN","N","2007-04-21","2012-10-21","5.5","67","28.5264644","-95.67920703"
"B","1","2023","Medco Energi US LLC","FIXED","N","G23135","TERMIN","N","2007-10-26","2012-10-18","5","152","27.70975584","-96.57507548"
"2","1","10209","Phoenix Exploration Company LP","CAIS","N","00740","TERMIN","N","1982-01-01","2009-06-28","27.5","45","29.456754","-94.163481"
"44","1","20565","Energy XXI GOM, LLC","FIXED","N","00263","RELINQ","N","1962-01-01","2011-01-30","49.1","41","29.00519","-90.269839"
"84","1","20566","Energy XXI GOM, LLC","WP","N","00263","RELINQ","N","1965-01-01","2011-02-14","46.1","49","28.99282","-90.24801"
"C","1","20715","Energy XXI GOM, LLC","FIXED","Y","00165","RELINQ","N","1966-01-01","2009-10-26","43.8","48","28.993815","-90.222536"
"7","1","20716","Energy XXI GOM, LLC","CAIS","N","00165","RELINQ","N","1973-01-01","2013-11-09","40.9","48","28.99504","-90.238602"
"10","1","20960","Energy XXI GOM, LLC","CAIS","N","G01362","RELINQ","N","1966-01-01","2012-11-09","46.9","50","28.98295","-90.242143"
"8","1","20963","Energy XXI GOM, LLC","FIXED","N","G01362","RELINQ","N","1965-01-01","2005-07-14","40.5","50","28.977652","-90.262461"
"13","1","20965","Energy XXI GOM, LLC","FIXED","N","G01362","RELINQ","N","1967-01-01","2011-01-19","44","50","28.978764","-90.259948"
"99","1","20970","Energy XXI GOM, LLC","FIXED","N","00263","RELINQ","N","1967-01-01","2011-02-15","44.1","48","28.993102","-90.25018"
"94","1","20971","Energy XXI GOM, LLC","WP","N","00263","RELINQ","N","1966-01-01","2012-11-08","46.9","46","28.994135","-90.257448"
"91","1","20973","Energy XXI GOM, LLC","WP","N","00263","RELINQ","N","1966-01-01","2011-02-16","45.1","46","28.99626739","-90.24923935"
"79","1","20979","Energy XXI GOM, LLC","WP","N","00263","RELINQ","N","1966-01-01","2013-12-05","47.9","36","29.023738","-90.254907"
"76","1","20980","Energy XXI GOM, LLC","WP","N","00263","RELINQ","N","1965-01-01","2006-10-02","41.7","49","28.992399","-90.251301"
"75","1","20981","Energy XXI GOM, LLC","WP","N","00263","RELINQ","N","1965-01-01","2006-05-26","41.4","47","28.994617","-90.247224"
"71","1","20982","Energy XXI GOM, LLC","WP","N","00263","RELINQ","N","1965-01-01","2007-09-02","42.7","48","28.992137","-90.242043"
"67","1","20984","Energy XXI GOM, LLC","WP","N","00263","RELINQ","N","1964-01-01","2008-03-22","44.2","46","28.99559345","-90.24789538"
"63","1","20986","Energy XXI GOM, LLC","WP","N","00263","RELINQ","N","1963-01-01","2006-05-28","43.4","49","28.992216","-90.251519"
"20","1","20988","Energy XXI GOM, LLC","WP","N","00263","RELINQ","N","1960-01-01","2013-12-11","53.9","35","29.021858","-90.263399"
"18","1","20989","Energy XXI GOM, LLC","WP","N","00263","RELINQ","N","1960-01-01","2012-11-06","52.8","41","29.008879","-90.263537"
"8/114","1","20992","Energy XXI GOM, LLC","WP","N","00263","RELINQ","N","1958-01-01","2014-02-10","56.1","36","29.020081","-90.267999"
"1","1","20998","Energy XXI GOM, LLC","WP","N","00263","RELINQ","N","1958-01-01","2006-09-26","48.7","37","29.014486","-90.271965"
"8","1","21045","Energy XXI GOM, LLC","CAIS","N","G01443","RELINQ","N","1966-01-01","2012-06-30","46.5","48","28.989481","-90.225183"
"18","1","21049","Energy XXI GOM, LLC","CAIS","N","G01443","RELINQ","N","1971-01-01","2012-07-02","41.5","57","28.968101","-90.231515"
"19","1","21051","Energy XXI GOM, LLC","FIXED","N","G01443","RELINQ","N","1973-01-01","2011-01-22","38.1","55","28.971919","-90.229009"
"IA","1","21052","Energy XXI GOM, LLC","FIXED","N","G01443","RELINQ","N","1967-01-01","2015-05-14","48.4","50","28.986566","-90.233643"
"12","1","21054","Energy XXI GOM, LLC","FIXED","N","G01443","RELINQ","N","1966-01-01","2011-01-26","45.1","48","28.986774","-90.224653"
"4","1","21057","Energy XXI GOM, LLC","CAIS","N","G01443","RELINQ","N","1966-01-01","2011-01-29","45.1","48","28.989568","-90.230811"
"FLR","2","21059","Energy XXI GOM, LLC","FIXED","N","G01443","RELINQ","N","1966-01-01","1995-12-11","29.9","48","28.98709688","-90.23130764"
"I","1","21059","Energy XXI GOM, LLC","FIXED","Y","G01443","RELINQ","N","1966-01-01","2005-07-25","39.6","48","28.98793","-90.232237"
"19","1","21062","Energy XXI GOM, LLC","WP","N","00263","RELINQ","N","1960-01-01","2012-09-17","52.7","41","29.008638","-90.259314"
"13","1","21064","Energy XXI GOM, LLC","FIXED","N","00263","RELINQ","N","1959-01-01","2011-03-03","52.2","40","29.010607","-90.261357"
"47","1","21068","Energy XXI GOM, LLC","FIXED","N","00263","RELINQ","N","1962-01-01","2005-07-16","43.5","44","28.999877","-90.262119"
"22","1","21074","Energy XXI GOM, LLC","WP","N","00263","RELINQ","N","1961-01-01","2006-08-29","45.7","36","29.022967","-90.259467"
"GA","1","21075","Energy XXI GOM, LLC","WP","N","00263","RELINQ","N","1963-01-01","2010-01-04","47","41","28.99928","-90.253774"
"17","1","21078","Energy XXI GOM, LLC","WP","N","00263","RELINQ","N","1959-01-01","2011-02-05","52.1","40","29.008185","-90.267765"
"21","1","21079","Energy XXI GOM, LLC","WP","N","00263","RELINQ","N","1960-01-01","2012-11-05","52.8","40","29.008339","-90.271889"
"27","1","21080","Energy XXI GOM, LLC","WP","N","00263","RELINQ","N","1961-01-01","2006-08-04","45.6","40","29.014678","-90.256437"
"32","1","21081","Energy XXI GOM, LLC","FIXED","N","00263","RELINQ","N","1961-01-01","2012-11-21","51.9","40","29.01293","-90.254197"
"108","1","21083","Energy XXI GOM, LLC","CAIS","N","00263","RELINQ","N","1970-01-01","2009-10-11","39.8","43","29.009942","-90.269742"
"110","1","21085","Energy XXI GOM, LLC","CAIS","N","00263","RELINQ","N","1971-01-01","2013-10-29","42.8","45","28.996882","-90.24775"
"102","1","21086","Energy XXI GOM, LLC","FIXED","N","00263","RELINQ","N","1967-01-01","2011-02-17","44.1","50","28.994532","-90.245977"
"95","1","21089","Energy XXI GOM, LLC","CAIS","N","00263","RELINQ","N","1966-01-01","2012-09-23","46.7","38","29.01438","-90.277322"
"68","1","21092","Energy XXI GOM, LLC","WP","N","00263","RELINQ","N","1964-01-01","2013-11-18","49.9","50","28.99225","-90.255647"
"66","1","21093","Energy XXI GOM, LLC","CAIS","N","00263","RELINQ","N","1965-01-01","2006-10-01","41.7","45","29.001619","-90.247005"
"62","1","21095","Energy XXI GOM, LLC","CAIS","N","00263","RELINQ","N","1963-01-01","2011-02-08","48.1","43","29.002833","-90.262738"
"45","1","21099","Energy XXI GOM, LLC","CAIS","N","00263","RELINQ","N","1962-01-01","2013-11-21","51.9","44","29.002364","-90.255204"
"38","1","21101","Energy XXI GOM, LLC","FIXED","N","00263","RELINQ","N","1962-01-01","2009-11-05","47.8","42","29.005635","-90.256993"
"25","1","21103","Energy XXI GOM, LLC","CAIS","N","00263","RELINQ","N","1961-01-01","2006-08-09","45.6","40","29.011272","-90.257868"
"23","1","21104","Energy XXI GOM, LLC","FIXED","N","00263","RELINQ","N","1961-01-01","2005-07-17","44.5","41","29.00943","-90.255282"
"12","1","21107","Energy XXI GOM, LLC","FIXED","N","G01362","RELINQ","N","1967-01-01","2005-07-15","38.5","50","28.98983","-90.262332"
"E","1","21162","Energy XXI GOM, LLC","FIXED","Y","00263","RELINQ","N","1973-01-01","2008-03-20","35.2","40","29.024341","-90.259371"
"85","1","22689","Energy XXI GOM, LLC","CAIS","N","00263","RELINQ","N","1982-01-01","2011-02-13","29.1","38","29.02603727","-90.25627776"
"28","1","22690","Energy XXI GOM, LLC","CAIS","N","00263","RELINQ","N","1961-01-01","2011-02-10","50.1","38","29.02657689","-90.25903149"
"59","1","22691","Energy XXI GOM, LLC","CAIS","N","00263","RELINQ","N","1982-01-01","2012-07-04","30.5","38","29.025348","-90.261472"
"31","1","22764","Energy XXI GOM, LLC","FIXED","N","00263","RELINQ","N","1961-01-01","2006-09-09","45.7","36","29.023457","-90.266549"
"C","1","22336","Energy XXI GOM, LLC","FIXED","Y","G02439","TERMIN","N","1980-01-01","2009-06-20","29.5","260","28.137807","-92.952916"
"A","1","10106","Energy XXI GOM, LLC","FIXED","Y","G02746","TERMIN","N","1976-01-01","2010-11-02","34.8","300","28.046076","-93.76502"
"A","1","20131","Energy XXI GOM, LLC","FIXED","Y","00253","TERMIN","N","1962-01-01","2022-09-13","60.7","40","29.441211","-93.427896"
"A","1","22056","Energy XXI GOM, LLC","FIXED","Y","G02834","RELINQ","N","1977-01-01","2010-10-30","33.8","69","29.114169","-93.138507"
"A","1","23715","Energy XXI GOM, LLC","FIXED","Y","G09408","RELINQ","N","1989-01-01","2010-10-15","21.8","80","29.063471","-93.120435"
"2","1","23730","Energy XXI GOM, LLC","CAIS","N","G09408","RELINQ","N","1990-01-01","2009-10-03","19.8","80","29.087932","-93.114441"
"A","1","23780","Energy XXI GOM, LLC","FIXED","Y","","","","1993-03-30","2022-09-08","29.4","35","29.624477","-93.750615"
"4","1","29030","Energy XXI GOM, LLC","CAIS","N","00253","TERMIN","N","1995-04-07","2022-09-07","27.4","41","29.44424252","-93.4152997"
"4","1","626","Energy XXI GOM, LLC","CAIS","N","G09408","RELINQ","N","2000-02-14","2009-09-27","9.6","80","29.08414336","-93.12420184"
"H","1","1091","Energy XXI GOM, LLC","FIXED","N","00253","TERMIN","N","2002-09-03","2022-08-29","20","40","29.41863112","-93.40795765"
"B","1","1160","Energy XXI GOM, LLC","FIXED","N","G22660","TERMIN","N","2003-07-18","2019-08-17","16.1","27","29.04301096","-91.69936759"
"#1","1","1390","Energy XXI GOM, LLC","WP","N","G24916","RELINQ","N","2004-04-12","2010-06-16","6.2","15","29.02536229","-91.1471781"
"A","1","1494","Energy XXI GOM, LLC","FIXED","Y","G23876","TERMIN","N","2004-07-06","2015-08-16","11.1","192","28.39404819","-91.38743867"
"D","1","1502","Energy XXI GOM, LLC","CAIS","N","G24954","TERMIN","N","2004-08-31","2014-08-06","9.9","73","28.93103855","-90.16607457"
"B","1","1542","Energy XXI GOM, LLC","CAIS","N","G25561","TERMIN","N","2004-07-15","2025-09-09","21.2","55","29.18928048","-94.02807053"
"B","1","1843","Energy XXI GOM, LLC","FIXED","Y","G24712","TERMIN","N","2006-03-10","2013-10-22","7.6","36","29.47474496","-93.40978196"
"A","1","2070","Energy XXI GOM, LLC","CAIS","N","G27180","TERMIN","N","2007-10-15","2019-06-19","11.7","98","29.05047119","-89.84084356"
"B","1","2096","Energy XXI GOM, LLC","CAIS","N","G21120","TERMIN","N","2008-01-15","2019-05-27","11.4","162","28.49513146","-90.29913722"
"D","1","2215","Energy XXI GOM, LLC","FIXED","Y","G31040","TERMIN","N","2008-08-05","2019-08-31","11.1","52","29.27272959","-94.24895243"
"#4","1","1593","Energy XXI GOM, LLC","CAIS","N","G15239","TERMIN","N","2004-10-29","2004-10-29","0","11","29.2603055","-91.460405"
"E","1","1547","Prime Offshore L.L.C.","WP","Y","G24330","TERMIN","N","2004-08-17","2012-04-08","7.6","68","28.32014753","-96.18601875"
"A","1","1599","Prime Offshore L.L.C.","FIXED","N","G24304","EXPIR","N","2004-11-21","2009-05-31","4.5","77","26.09877801","-96.95026016"
"A","1","1589","Prime Offshore L.L.C.","FIXED","Y","G24307","RELINQ","N","2004-11-18","2012-07-23","7.7","96","26.03569735","-96.98043876"
"B","1","1366","Prime Offshore L.L.C.","FIXED","Y","G23130","RELINQ","N","2003-10-29","2009-06-06","5.6","159","26.74157985","-96.91022401"
"A","1","1829","Prime Offshore L.L.C.","CAIS","Y","G24302","TERMIN","N","2006-04-04","2012-05-14","6.1","128","26.24169498","-96.88174269"
"A","1","1869","Prime Offshore L.L.C.","CAIS","N","G23102","TERMIN","N","2006-05-09","2012-07-07","6.2","130","26.43238038","-96.87882506"
"B","2","1869","Prime Offshore L.L.C.","FIXED","Y","G23102","TERMIN","N","2007-04-19","2012-07-07","5.2","130","26.43246623","-96.87911111"
"A","1","1932","Prime Offshore L.L.C.","FIXED","Y","G23123","TERMIN","N","2006-08-03","2009-06-06","2.8","124","26.73361588","-97.01552841"
"A","1","1851","Prime Offshore L.L.C.","FIXED","Y","G26431","TERMIN","N","2006-04-25","2012-06-09","6.1","127","26.15071399","-96.88102027"
"B","2","1851","Prime Offshore L.L.C.","FIXED","N","G26431","TERMIN","N","2007-03-24","2012-07-13","5.3","127","26.15055168","-96.88102258"
"A","1","1877","Prime Offshore L.L.C.","FIXED","N","G23100","TERMIN","N","2006-07-03","2012-05-06","5.8","130","26.45409475","-96.84229077"
"A","1","2213","Prime Offshore L.L.C.","FIXED","Y","G24300","TERMIN","N","2008-10-11","2012-06-30","3.7","94","26.22946992","-96.99564583"
"JUNC","1","70026","Sea Robin Pipeline Company, LLC","FIXED","N","","","","1972-01-01","","","98","28.9882309","-92.29760299"
"COMP","2","70026","Sea Robin Pipeline Company, LLC","FIXED","N","","","","1972-01-01","","","98","28.98783141","-92.29807456"
"QTRS","3","70026","Sea Robin Pipeline Company, LLC","FIXED","N","","","","1972-01-01","","","98","28.98752753","-92.29751807"
"FS1","4","70026","Sea Robin Pipeline Company, LLC","FIXED","N","","","","1972-01-01","","","98","28.98782272","-92.29924731"
"Flare","5","70026","Sea Robin Pipeline Company, LLC","FIXED","N","","","","1972-01-01","","","98","28.98781402","-92.30042005"
"GP-VALVE","1","518","Sea Robin Pipeline Company, LLC","FIXED","N","","","","1971-01-01","2010-12-02","39.9","172","28.43738215","-92.8776665"
"GP-VALVE","1","519","Sea Robin Pipeline Company, LLC","FIXED","N","","","","1971-01-01","","","101","28.67095578","-91.61460651"
"PP","1","520","Sea Robin Pipeline Company, LLC","FIXED","N","","","","1971-03-01","","","93","28.8224013","-91.96634608"
"GP","1","525","Sea Robin Pipeline Company, LLC","FIXED","N","","","","1971-01-01","","","102","28.75565837","-92.80228676"
"TRIMARS","2","25012","Sea Robin Pipeline Company, LLC","FIXED","N","","","","1972-03-03","","","60","28.78429233","-90.76841457"
"T-25-VALVE","1","25012","Sea Robin Pipeline Company, LLC","FIXED","N","","","","1972-03-03","","","60","28.78428962","-90.76779035"
"T-23-VALVE","1","25015","Sea Robin Pipeline Company, LLC","FIXED","N","","","","1972-03-03","","","63","28.83404195","-90.4996345"
"T-21-VALVE","1","25016","Sea Robin Pipeline Company, LLC","FIXED","N","","","","1972-03-03","","","135","28.78922293","-90.60842194"
"T-22-VALVE","1","25017","Sea Robin Pipeline Company, LLC","FIXED","N","","","","1972-03-03","","","135","28.54101821","-90.43570131"
"Manifold","1","1393","Sea Robin Pipeline Company, LLC","FIXED","N","","","","1968-01-01","","","100","28.79522098","-90.23028078"
"A","1","10160","Williams Gulf Coast Gathering Company, LLC","FIXED","N","","","","1980-01-01","2018-08-06","38.6","219","27.02137145","-96.79462769"
"CPP","1","23567","MC Offshore Petroleum, LLC","FIXED","Y","G05884","TERMIN","N","1989-01-01","2025-04-16","36.3","604","27.899555","-91.510172"
"A","2","23567","MC Offshore Petroleum, LLC","FIXED","Y","G05884","TERMIN","N","1989-01-01","2025-04-16","36.3","604","27.898897","-91.509397"
"A (Jolliet)","1","23583","MC Offshore Petroleum, LLC","TLP","Y","G04518","TERMIN","N","1989-01-01","2025-06-02","36.4","1760","27.767356","-91.51609"
"3","1","10006","MC Offshore Petroleum, LLC","WP","N","00742","TERMIN","N","1964-01-01","2010-10-08","46.8","49","29.274868","-94.124156"
"B","1","10007","MC Offshore Petroleum, LLC","FIXED","N","00744","TERMIN","N","1966-01-01","2010-11-08","44.9","52","29.225137","-94.122583"
"3","1","10026","MC Offshore Petroleum, LLC","WP","N","00744","TERMIN","N","1965-01-01","2010-10-11","45.8","52","29.225427","-94.121037"
"5","1","10028","MC Offshore Petroleum, LLC","WP","N","00742","TERMIN","N","1965-01-01","2010-10-09","45.8","52","29.249336","-94.134545"
"A","1","10031","MC Offshore Petroleum, LLC","FIXED","Y","00742","TERMIN","N","1966-01-01","2016-07-12","50.5","55","29.25964694","-94.12192083"
"JA","1","28016","MC Offshore Petroleum, LLC","FIXED","Y","00743","TERMIN","N","1995-04-27","2016-07-08","21.2","49","29.24195722","-94.12930272"
"1","1","2560","Byron Energy Inc.","CAIS","N","G33609","RELINQ","N","2014-02-15","2017-09-15","3.6","66","28.9791801","-92.00896387"
"F","1","2656","Byron Energy Inc.","FIXED","Y","G34266","PROD","S","2017-11-15","","","137","28.59911737","-92.14561904"
"G","1","2694","Byron Energy Inc.","FIXED","N","G01194","PROD","S","2020-07-02","","","130","28.66659072","-92.09018524"
"A","1","2428","Peregrine Oil & Gas II, LLC","FIXED","N","G33407","TERMIN","N","2011-06-12","2023-07-17","12.1","177","28.19409765","-94.76399094"
"A-PROCESS","1","23846","Shell Pipeline Company LP","FIXED","Y","","","","1990-01-01","","","369","28.661714","-89.551313"
"B","2","23846","Shell Pipeline Company LP","FIXED","Y","","","","1999-08-27","","","369","28.66104263","-89.55145254"
"C","3","23846","Shell Pipeline Company LP","FIXED","Y","","","","2013-06-20","","","369","28.66160106","-89.55206624"
"A-VALVE","1","21435","Shell Pipeline Company LP","FIXED","Y","","","","1968-01-01","","","140","28.434373","-91.034409"
"A (Boxer)","1","23277","Shell Pipeline Company LP","FIXED","Y","","","","1988-01-01","","","750","27.945795","-90.996981"
"P-VALVE","2","23521","Shell Pipeline Company LP","FIXED","N","","","","1996-08-30","","","12","29.11136889","-91.16053361"
"A-VALVE","1","23521","Shell Pipeline Company LP","FIXED","N","","","","1967-01-01","","","12","29.1113","-91.1604"
"E","1","1093","Shell Pipeline Company LP","FIXED","N","","","","2004-08-23","","","394","28.69737571","-89.39591641"
"E-AUX","2","1093","Shell Pipeline Company LP","FIXED","N","","","","2018-10-14","","","394","28.69663601","-89.39580066"
"1","1","1900","Beryl Resources LP","CAIS","N","G22790","TERMIN","N","2007-11-08","2010-01-14","2.2","45","29.65203327","-88.7738569"
"A","1","23802","PROBE RESOURCES US LTD.","FIXED","Y","G32214","EXPIR","N","1990-01-01","2015-12-09","25.9","130","28.449276","-90.685233"
"A","1","21967","PROBE RESOURCES US LTD.","FIXED","Y","","","","1976-01-01","2018-04-23","42.3","38","29.469674","-92.549912"
"B","2","21967","PROBE RESOURCES US LTD.","FIXED","Y","","","","1976-01-01","2023-06-13","47.4","38","29.469399","-92.549909"
"C","3","21967","PROBE RESOURCES US LTD.","FIXED","N","","","","1976-01-01","2018-04-29","42.3","38","29.469677","-92.549598"
"D","4","21967","PROBE RESOURCES US LTD.","FIXED","Y","","","","1979-01-01","2018-04-27","39.3","38","29.469402","-92.549595"
"C","1","20016","Wild Well Control, Inc.","FIXED","Y","00181","UNIT","S","1962-01-01","2012-04-30","50.3","121","28.979671","-89.843509"
"A","1","20019","Wild Well Control, Inc.","FIXED","Y","00129","UNIT","S","1964-01-01","2009-09-20","45.7","91","28.984491","-89.96227"
"K","1","20024","Wild Well Control, Inc.","FIXED","Y","00181","UNIT","S","1966-01-01","2010-08-01","44.6","134","28.964419","-89.835586"
"C","1","20040","Wild Well Control, Inc.","FIXED","Y","00133","UNIT","S","1957-01-01","2011-12-22","55","88","28.960404","-90.023496"
"B","1","20042","Wild Well Control, Inc.","FIXED","Y","00128","UNIT","S","1956-01-01","2010-07-19","54.5","83","28.971333","-90.035675"
"C-AUX","1","2005","Wild Well Control, Inc.","CAIS","N","","","","2006-12-06","2010-07-17","3.6","90","28.96078346","-90.02344742"
"2","1","10015","Pyramid GOM, Inc.","WP","N","00741","TERMIN","N","1964-01-01","2010-10-15","46.8","50","29.260281","-94.111678"
"D","1","1511","Tengasco, Inc.","FIXED","N","G25007","TERMIN","N","2004-07-08","2021-04-30","16.8","132","29.00723851","-89.6356765"
"3","1","1311","Tengasco, Inc.","CAIS","N","G33130","RELINQ","N","2003-07-06","2015-01-19","11.5","45","29.70148095","-88.7542552"
"1","1","1331","Tengasco, Inc.","CAIS","N","G33130","RELINQ","N","2003-09-01","2014-08-03","10.9","48","29.7014252","-88.74597369"
"#2","1","1352","Tengasco, Inc.","CAIS","N","G32266","RELINQ","N","2003-09-11","2014-08-01","10.9","35","29.74482328","-88.8022849"
"B","1","1234","AMCO Energy, Inc.","CAIS","N","G23867","TERMIN","N","2003-06-11","2013-07-14","10.1","80","28.82399108","-91.69951928"
"A-VALVE","1","21683","Black Elk Energy Offshore Operations, LLC","WP","N","","","","1967-01-01","2016-07-19","49.5","160","28.506728","-90.285267"
"A","1","21685","Black Elk Energy Offshore Operations, LLC","FIXED","Y","G01569","TERMIN","N","1973-01-01","2016-09-30","43.7","180","28.495501","-90.203098"
"A","1","22066","Black Elk Energy Offshore Operations, LLC","FIXED","Y","G01261","TERMIN","N","1977-01-01","2016-07-02","39.5","142","28.466287","-90.446127"
"B","1","22206","Black Elk Energy Offshore Operations, LLC","FIXED","N","G01569","TERMIN","N","1977-01-01","2016-07-10","39.5","175","28.47493","-90.235942"
"B","1","24116","Black Elk Energy Offshore Operations, LLC","FIXED","Y","G01269","TERMIN","N","1992-01-01","2016-05-19","24.4","108","28.445862","-90.464741"
"A","1","22762","Black Elk Energy Offshore Operations, LLC","FIXED","Y","G04453","TERMIN","N","1983-01-01","2016-11-13","33.9","139","28.562623","-91.630409"
"D","1","20338","Black Elk Energy Offshore Operations, LLC","FIXED","Y","00487","TERMIN","N","1967-01-01","2017-11-24","50.9","71","29.095124","-92.517162"
"CA","1","20730","Black Elk Energy Offshore Operations, LLC","FIXED","N","00777","TERMIN","N","1963-01-01","2016-07-07","53.5","82","28.860627","-91.879701"
"TANK","2","20730","Black Elk Energy Offshore Operations, LLC","FIXED","N","00777","TERMIN","N","1963-01-01","1993-09-29","30.7","82","28.860902","-91.879703"
"E","1","21027","Black Elk Energy Offshore Operations, LLC","FIXED","Y","00495","TERMIN","N","1969-01-01","2017-11-07","48.8","70","29.087152","-92.50521"
"F","1","21028","Black Elk Energy Offshore Operations, LLC","FIXED","Y","00495","TERMIN","N","1973-01-01","2016-10-03","43.8","75","29.08403","-92.525854"
"3","1","21221","Black Elk Energy Offshore Operations, LLC","CAIS","N","00541","TERMIN","N","1973-01-01","2014-10-06","41.8","85","28.926844","-92.737789"
"2","1","21222","Black Elk Energy Offshore Operations, LLC","CAIS","N","00541","TERMIN","N","1960-01-01","2015-07-30","55.6","84","28.937789","-92.739117"
"A","1","21223","Black Elk Energy Offshore Operations, LLC","FIXED","Y","00541","TERMIN","N","1957-01-01","2017-09-18","60.7","85","28.939063","-92.746616"
"A-Aux","2","21223","Black Elk Energy Offshore Operations, LLC","CAIS","N","00541","TERMIN","N","1983-01-01","2016-07-21","33.6","85","28.939347","-92.746782"
"G","2","22235","Black Elk Energy Offshore Operations, LLC","FIXED","Y","00778","TERMIN","N","1994-01-01","2016-07-30","22.6","80","28.86716564","-91.89783564"
"F","1","22235","Black Elk Energy Offshore Operations, LLC","WP","N","00778","TERMIN","N","1979-01-01","2016-06-21","37.5","80","28.86709999","-91.89711993"
"B","1","22248","Black Elk Energy Offshore Operations, LLC","FIXED","Y","G02278","UNIT","S","1979-01-01","2016-09-27","37.7","324","28.072839","-92.546394"
"G","1","22269","Black Elk Energy Offshore Operations, LLC","FIXED","Y","00487","TERMIN","N","1979-01-01","2017-11-10","38.9","69","29.12059","-92.502505"
"C","1","22929","Black Elk Energy Offshore Operations, LLC","FIXED","N","00541","TERMIN","N","1984-01-01","2014-10-12","30.8","84","28.950794","-92.73882"
"H","1","23245","Black Elk Energy Offshore Operations, LLC","FIXED","Y","00495","TERMIN","N","1984-01-01","2017-11-18","33.9","73","29.086695","-92.517148"
"I","1","23615","Black Elk Energy Offshore Operations, LLC","FIXED","Y","00495","TERMIN","N","1988-01-01","2017-09-20","29.7","70","29.079603","-92.528772"
"6","1","23649","Black Elk Energy Offshore Operations, LLC","CAIS","N","00541","TERMIN","N","1986-01-01","2014-10-08","28.8","86","28.940964","-92.731752"
"H","1","24012","Black Elk Energy Offshore Operations, LLC","FIXED","Y","00778","TERMIN","N","1991-01-01","2016-06-06","25.4","80","28.877436","-91.915397"
"A","1","10012","Black Elk Energy Offshore Operations, LLC","FIXED","Y","00518","TERMIN","N","1963-01-01","2016-10-16","53.8","54","29.26643","-94.339835"
"A-AUXILIARY","2","10012","Black Elk Energy Offshore Operations, LLC","FIXED","N","00518","TERMIN","N","1993-12-02","2016-07-23","22.6","54","29.26625183","-94.3396932"
"A","1","10060","Black Elk Energy Offshore Operations, LLC","FIXED","Y","G02434","TERMIN","N","1976-01-01","2020-12-09","44.9","350","27.985446","-93.458398"
"B","1","10120","Black Elk Energy Offshore Operations, LLC","FIXED","N","G02404","TERMIN","N","1979-01-01","2013-09-07","34.7","172","28.373448","-93.891089"
"A","1","10121","Black Elk Energy Offshore Operations, LLC","FIXED","Y","G02404","TERMIN","N","1979-01-01","2016-09-04","37.7","175","28.39514711","-93.89929106"
"7","1","10169","Black Elk Energy Offshore Operations, LLC","CAIS","N","00518","TERMIN","N","1981-01-01","2016-07-28","35.6","52","29.29117669","-94.3444311"
"A","1","10440","Black Elk Energy Offshore Operations, LLC","FIXED","Y","G06105","TERMIN","N","1989-01-01","2016-09-29","27.7","70","28.732009","-95.261799"
"A","1","10558","Black Elk Energy Offshore Operations, LLC","FIXED","Y","G25540","TERMIN","N","1992-01-23","2016-10-07","24.7","66","28.817124","-94.695732"
"4","1","21140","Black Elk Energy Offshore Operations, LLC","FIXED","N","00759","TERMIN","N","1964-01-01","2015-08-09","51.6","48","29.403482","-93.169388"
"A","1","22330","Black Elk Energy Offshore Operations, LLC","FIXED","Y","","","","1978-01-01","2016-08-18","38.6","185","28.29794583","-93.23112943"
"A-AUX","2","22330","Black Elk Energy Offshore Operations, LLC","FIXED","Y","","","","1980-01-01","2016-08-25","36.6","185","28.298081","-93.231287"
"K","1","22785","Black Elk Energy Offshore Operations, LLC","FIXED","Y","00759","TERMIN","N","1984-01-01","2015-08-14","31.6","48","29.39874631","-93.17797896"
"A","1","23624","Black Elk Energy Offshore Operations, LLC","FIXED","Y","G05286","TERMIN","N","1986-01-01","2016-09-04","30.7","48","29.357306","-93.085979"
"B","1","23655","Black Elk Energy Offshore Operations, LLC","FIXED","Y","G05286","TERMIN","N","1987-01-01","2016-09-17","29.7","48","29.371051","-93.070661"
"C","1","23714","Black Elk Energy Offshore Operations, LLC","WP","N","G05286","TERMIN","N","1989-01-01","2016-06-28","27.5","49","29.338323","-93.073249"
"A","1","23778","Black Elk Energy Offshore Operations, LLC","FIXED","N","G13560","TERMIN","N","1993-11-12","2016-05-05","22.5","50","29.425304","-93.084057"
"A","1","10284","Black Elk Energy Offshore Operations, LLC","FIXED","Y","G04537","TERMIN","N","1984-01-01","2018-09-06","34.7","228","27.294076","-96.700392"
"B","1","10299","Black Elk Energy Offshore Operations, LLC","FIXED","Y","G04537","TERMIN","N","1986-01-01","2017-10-19","31.8","233","27.288824","-96.736627"
"A","1","10316","Black Elk Energy Offshore Operations, LLC","FIXED","Y","","","","1987-01-01","2016-08-08","29.6","90","27.914021","-96.590462"
"A","1","10343","Black Elk Energy Offshore Operations, LLC","FIXED","N","G06052","TERMIN","N","1989-01-01","2016-08-01","27.6","84","27.930586","-96.62436"
"B","1","24077","Black Elk Energy Offshore Operations, LLC","FIXED","Y","00777","TERMIN","N","1994-08-31","2016-05-10","21.7","82","28.86531809","-91.86304319"
"I","1","27063","Black Elk Energy Offshore Operations, LLC","FIXED","Y","G13897","TERMIN","N","1996-04-10","2016-04-30","20.1","86","28.8513883","-91.9125"
"A","1","29045","Black Elk Energy Offshore Operations, LLC","FIXED","Y","G12803","TERMIN","N","1996-09-03","2018-07-03","21.8","243","28.17290561","-92.99897318"
"4 B","1","33022","Black Elk Energy Offshore Operations, LLC","CAIS","N","G08640","TERMIN","N","1996-07-03","2015-07-20","19","55","29.30414532","-92.99150825"
"D","1","40006","Black Elk Energy Offshore Operations, LLC","CAIS","N","00518","TERMIN","N","1996-01-01","2016-07-03","20.5","52","29.26573057","-94.33336977"
"B","1","70013","Black Elk Energy Offshore Operations, LLC","CAIS","N","G01261","TERMIN","N","1997-05-06","2016-05-30","19.1","144","28.47955223","-90.43344558"
"2","1","354","Black Elk Energy Offshore Operations, LLC","FIXED","N","G15242","TERMIN","N","1999-02-01","2016-12-15","17.9","38","29.00581172","-91.54181391"
"A","1","551","Black Elk Energy Offshore Operations, LLC","FIXED","Y","G20623","TERMIN","N","1999-11-20","2016-08-08","16.7","70","29.14220387","-94.66996399"
"A","1","642","Black Elk Energy Offshore Operations, LLC","CAIS","Y","G16353","TERMIN","N","2000-04-19","2016-06-16","16.2","81","28.84871583","-91.83069488"
"B","1","729","Black Elk Energy Offshore Operations, LLC","FIXED","Y","G17133","TERMIN","N","2000-08-20","2013-07-31","12.9","97","28.61424876","-94.99164241"
"A","1","866","Black Elk Energy Offshore Operations, LLC","FIXED","Y","G21553","TERMIN","N","2001-01-20","2016-08-03","15.5","78","28.91687608","-93.40077395"
"A","1","1110","Black Elk Energy Offshore Operations, LLC","CAIS","Y","G23180","TERMIN","N","2002-07-27","2016-08-28","14.1","83","28.71953702","-94.83700964"
"C","1","1276","Black Elk Energy Offshore Operations, LLC","FIXED","Y","G22219","TERMIN","N","2003-05-29","2017-10-30","14.4","100","28.57672825","-94.97670192"
"E","1","2102","Black Elk Energy Offshore Operations, LLC","CAIS","N","00518","TERMIN","N","2007-09-17","2016-07-09","8.8","53","29.2798158","-94.36027084"
"B","1","2239","Black Elk Energy Offshore Operations, LLC","FIXED","Y","G13850","TERMIN","N","2009-04-23","2016-08-26","7.3","190","28.28212682","-93.19645185"
"4","1","10530","Hilcorp Energy GOM, LLC","CAIS","N","G07215","TERMIN","N","1991-01-01","2008-08-17","17.6","60","28.636239","-95.398311"
"A","1","21757","Hilcorp Energy GOM, LLC","FIXED","Y","G02241","TERMIN","N","1975-01-01","2012-07-16","37.5","375","27.981372","-93.034189"
"B","1","22105","Hilcorp Energy GOM, LLC","FIXED","Y","G02241","TERMIN","N","1978-01-01","2012-06-30","34.5","363","27.987019","-92.994939"
"1","1","1527","Hilcorp Energy GOM, LLC","CAIS","N","G23893","TERMIN","N","2004-08-24","2014-11-02","10.2","30","28.90173792","-91.18740654"
"C","1","1861","Providence Resources (GOM No 2) LLC","FIXED","N","G05062","TERMIN","N","2006-09-01","2009-12-11","3.3","65","30.10826151","-88.46180799"
"A","1","10534","Mariner Gulf of Mexico LLC","FIXED","Y","G09086","TERMIN","N","1991-01-01","2007-07-02","16.5","62","29.155382","-94.159386"
"A","1","27018","Mariner Gulf of Mexico LLC","FIXED","Y","G13863","TERMIN","N","1995-05-02","2003-06-24","8.1","82","29.01763698","-92.92032879"
"2","1","27026","Mariner Gulf of Mexico LLC","CAIS","N","G13863","TERMIN","N","1995-05-04","2003-06-25","8.1","82","29.03629988","-92.95873408"
"A","1","1565","Mariner Gulf of Mexico LLC","WP","N","G21639","TERMIN","N","2004-10-24","2012-07-03","7.7","95","28.63535918","-91.38171496"
"A","1","394","Mariner Gulf of Mexico LLC","CAIS","Y","G18941","EXPIR","N","1999-02-07","2003-06-21","4.4","60","29.02538137","-94.45700665"
"A","1","648","Mariner Gulf of Mexico LLC","FIXED","Y","G14870","TERMIN","N","2000-05-08","2011-07-08","11.2","40","29.10847441","-94.20742054"
"2","1","713","Mariner Gulf of Mexico LLC","CAIS","N","G15781","TERMIN","N","2000-05-09","2011-06-11","11.1","58","29.10521497","-94.16085917"
"B","1","818","Mariner Gulf of Mexico LLC","FIXED","Y","G14870","TERMIN","N","2000-10-21","2011-06-04","10.6","62","29.07681754","-94.18834598"
"1","1","887","Mariner Gulf of Mexico LLC","FIXED","N","G21576","EXPIR","N","2001-06-01","2003-07-10","2.1","85","29.00754686","-92.90282611"
"A","1","902","Mariner Gulf of Mexico LLC","FIXED","Y","G15781","TERMIN","N","2001-04-26","2012-10-03","11.4","40","29.11593158","-94.16267672"
"#7","1","957","Mariner Gulf of Mexico LLC","FIXED","Y","G14870","TERMIN","N","2001-07-11","2011-06-06","9.9","44","29.10240431","-94.20107197"
"A","1","974","Mariner Gulf of Mexico LLC","FIXED","Y","G21343","EXPIR","N","2001-07-15","2002-12-06","1.4","40","29.24423347","-94.05128706"
"A","1","1044","Mariner Gulf of Mexico LLC","FIXED","N","G21056","TERMIN","N","2001-11-23","2007-08-07","5.7","135","28.5748041","-93.05824473"
"CAIS.#1","1","1070","Mariner Gulf of Mexico LLC","CAIS","N","G22247","TERMIN","N","2002-02-04","2011-06-11","9.3","43","29.22698161","-93.82733324"
"CAIS.#2","1","1107","Mariner Gulf of Mexico LLC","CAIS","N","G22247","TERMIN","N","2002-05-05","2011-06-09","9.1","50","29.23288397","-93.79438433"
"2","1","23461","ANKOR Energy LLC","CAIS","N","G05068","TERMIN","N","1988-01-01","2021-07-13","33.5","58","30.134795","-88.009664"
"A","1","23497","ANKOR Energy LLC","FIXED","Y","G05068","TERMIN","N","1989-01-29","2021-07-18","32.5","58","30.137743","-88.002542"
"E","1","21005","ANKOR Energy LLC","FIXED","Y","00577","TERMIN","N","1965-01-01","2024-06-14","59.4","98","28.66452655","-91.50982944"
"J","2","21005","ANKOR Energy LLC","FIXED","Y","00577","TERMIN","N","1988-01-01","2024-07-02","36.5","98","28.66460762","-91.50956214"
"A","1","21934","ANKOR Energy LLC","FIXED","Y","G03171","TERMIN","N","1977-01-01","2020-07-20","43.5","35","28.936239","-90.642209"
"S","2","21934","ANKOR Energy LLC","FIXED","Y","G03171","TERMIN","N","1978-01-01","2020-07-19","42.5","35","28.935743","-90.641997"
"B","3","21934","ANKOR Energy LLC","FIXED","Y","G03171","TERMIN","N","1978-01-01","2020-07-10","42.5","35","28.935699","-90.642525"
"A-PRD","1","22039","ANKOR Energy LLC","FIXED","Y","G02601","TERMIN","N","1977-01-01","2021-08-23","44.6","10","29.24439547","-91.38683358"
"B-QTR","2","22039","ANKOR Energy LLC","FIXED","N","G02601","TERMIN","N","1977-01-01","2021-08-23","44.6","10","29.243914","-91.386592"
"C-HTR","3","22039","ANKOR Energy LLC","FIXED","Y","G02601","TERMIN","N","1978-01-01","2021-08-23","43.6","10","29.24407667","-91.38634428"
"D-RSR","4","22039","ANKOR Energy LLC","FIXED","N","G02601","TERMIN","N","1978-01-01","2021-08-23","43.6","10","29.244497","-91.386783"
"F","5","22039","ANKOR Energy LLC","FIXED","N","G02601","TERMIN","N","1990-01-01","2021-08-23","31.6","10","29.244134","-91.386746"
"K","1","32017","ANKOR Energy LLC","FIXED","Y","00577","TERMIN","N","1995-11-16","2024-05-31","28.5","98","28.6643792","-91.49907678"
"A","1","361","ANKOR Energy LLC","FIXED","N","G13606","TERMIN","N","1999-03-02","2024-08-08","25.4","331","28.05727489","-92.21528573"
"B","1","1307","ANKOR Energy LLC","FIXED","Y","G18043","RELINQ","N","2003-08-07","2019-10-15","16.2","174","28.57000673","-90.17290325"
"2","1","21836","Northstar Offshore Energy Partners, LLC","WP","N","G02601","TERMIN","N","1974-01-01","2011-07-13","37.5","10","29.247439","-91.387139"
"3","1","21853","Northstar Offshore Energy Partners, LLC","CAIS","N","G02601","TERMIN","N","1975-01-01","2011-08-11","36.6","14","29.239723","-91.393914"
"4","1","21866","Northstar Offshore Energy Partners, LLC","CAIS","N","G02601","TERMIN","N","1975-01-01","2011-08-03","36.6","12","29.23971526","-91.40342298"
"6","1","21881","Northstar Offshore Energy Partners, LLC","CAIS","N","G02601","TERMIN","N","1976-01-01","2011-08-04","35.6","12","29.232848","-91.39391"
"5","1","21983","Northstar Offshore Energy Partners, LLC","CAIS","N","G02601","TERMIN","N","1976-01-01","2011-07-03","35.5","11","29.244562","-91.390471"
"12","1","22586","Northstar Offshore Energy Partners, LLC","CAIS","N","G02601","TERMIN","N","1982-01-01","2011-08-20","29.6","29","29.240967","-91.391999"
"A","1","1030","Hall-Houston Exploration III, L.P.","FIXED","Y","G10584","RELINQ","N","2001-10-10","2014-04-11","12.5","97","28.72084431","-93.11294118"
"A","1","1947","Hall-Houston Exploration III, L.P.","FIXED","Y","G26487","TERMIN","N","2006-11-26","2013-10-13","6.9","112","28.52008076","-94.83894087"
"B","1","2358","Hall-Houston Exploration III, L.P.","FIXED","N","G33408","RELINQ","N","2010-02-14","2013-12-03","3.8","41","29.35929558","-93.98366667"
"BJ","1","24034","Dynamic Offshore Resources NS, LLC","FIXED","Y","G01127","TERMIN","N","1992-05-26","2013-09-27","21.3","93","28.941362","-92.587293"
"A-AUX","2","10023","Dynamic Offshore Resources NS, LLC","WP","N","G01812","TERMIN","N","1969-01-01","2010-07-09","41.5","36","29.374363","-93.974769"
"A","1","10023","Dynamic Offshore Resources NS, LLC","FIXED","Y","G01812","TERMIN","N","1969-01-01","2009-09-08","40.7","36","29.374363","-93.974769"
"B","1","10292","Dynamic Offshore Resources NS, LLC","WP","N","G01812","TERMIN","N","1986-01-01","2009-09-11","23.7","37","29.376766","-93.979799"
"A","1","10512","Dynamic Offshore Resources NS, LLC","FIXED","Y","G06237","TERMIN","N","1990-01-01","2009-09-13","19.7","265","28.001499","-94.268179"
"A","1","10325","Dynamic Offshore Resources NS, LLC","FIXED","Y","G07199","TERMIN","N","1988-01-01","2010-07-21","22.6","89","28.163254","-96.150481"
"1","1","10326","Dynamic Offshore Resources NS, LLC","FIXED","Y","G07199","TERMIN","N","1988-01-01","2010-06-19","22.5","99","28.130352","-96.14225"
"1","1","10332","Dynamic Offshore Resources NS, LLC","CAIS","N","G07200","TERMIN","N","1989-01-01","2010-06-21","21.5","89","28.171221","-96.138683"
"A","1","395","Dynamic Offshore Resources NS, LLC","FIXED","N","G15773","RELINQ","N","1999-02-18","2009-10-15","10.7","35","29.37250157","-93.99313282"
"CAIS.#12","1","602","Dynamic Offshore Resources NS, LLC","CAIS","N","G01127","TERMIN","N","2001-01-12","2010-09-28","9.7","92","28.93882278","-92.6022725"
"1","1","2169","Dynamic Offshore Resources NS, LLC","CAIS","N","G27905","RELINQ","N","2008-03-26","2008-04-17","0.1","12","29.30087967","-91.58744507"
"A","1","24029","Newfield Exploration Gulf Coast LLC","FIXED","Y","G11841","RELINQ","N","1992-01-01","1999-08-21","7.6","119","28.601646","-92.652473"
"A","1","24036","Newfield Exploration Gulf Coast LLC","FIXED","Y","G08672","TERMIN","N","1993-06-29","1999-08-07","6.1","165","28.513202","-92.417504"
"JA","1","96","Apache Corporation","FIXED","N","G16520","PROD","S","1997-11-20","2007-08-08","9.7","248","29.17998834","-88.76495497"
"A(FMR CAIS#1)","1","134","Apache Corporation","FIXED","N","G18040","TERMIN","N","1998-07-17","2013-06-11","14.9","70","28.66425881","-90.45114535"
"CAIS.#33","1","139","Apache Corporation","CAIS","N","00049","TERMIN","N","1998-01-01","2023-08-11","25.6","41","28.97918228","-91.48430847"
"33 AUX","2","139","Apache Corporation","CAIS","N","00049","TERMIN","N","2010-02-17","2023-07-28","13.4","41","28.97909703","-91.48430834"
"CAIS.#1","1","141","Apache Corporation","CAIS","N","G03152","TERMIN","N","1998-05-23","2023-08-24","25.3","64","28.926589","-91.75294255"
"B","1","50003","Apache Corporation","FIXED","N","G04090","TERMIN","N","1997-05-28","2005-08-17","8.2","45","29.30322292","-93.64399026"
"1","1","160","Apache Corporation","CAIS","N","G14161","TERMIN","N","1998-03-25","2008-12-06","10.7","56","29.18061935","-93.97940568"
"CAIS.#34","1","180","Apache Corporation","CAIS","N","00049","TERMIN","N","1998-07-20","2023-07-05","25","44","28.97363634","-91.48613571"
"CAIS.#35","1","202","Apache Corporation","CAIS","N","00049","TERMIN","N","1998-01-24","2023-08-07","25.5","38","28.99209408","-91.47755974"
"CAIS.#1","1","199","Apache Corporation","CAIS","N","G17966","TERMIN","N","1998-08-01","2013-09-10","15.1","32","29.03161294","-91.51231526"
"CAIS.#13","1","80037","Apache Corporation","FIXED","N","00049","TERMIN","N","1997-07-25","2023-08-05","26","37","28.98544526","-91.4806432"
"14","1","37","Apache Corporation","CAIS","N","00050","TERMIN","N","1997-10-08","2023-06-12","25.7","37","28.98827098","-91.44912207"
"CAIS.#2","1","221","Apache Corporation","CAIS","N","G17966","TERMIN","N","1998-07-11","2013-09-12","15.2","30","29.03675074","-91.50549074"
"29","1","219","Apache Corporation","CAIS","N","G02925","TERMIN","N","1997-11-29","2011-07-30","13.7","35","28.943016","-90.736893"
"9","1","218","Apache Corporation","CAIS","N","G02917","RELINQ","N","1998-01-19","2023-05-10","25.3","35","28.947919","-90.77495712"
"10","2","218","Apache Corporation","CAIS","N","G02917","RELINQ","N","2001-07-30","2023-05-13","21.8","35","28.94791924","-90.77501339"
"CAIS.#30","1","220","Apache Corporation","CAIS","N","00071","RELINQ","N","1997-10-14","2011-07-13","13.7","36","28.92364731","-90.73051888"
"A","1","249","Apache Corporation","FIXED","N","G04397","TERMIN","N","1998-10-12","2016-08-12","17.8","40","29.35091882","-93.54790572"
"17","1","263","Apache Corporation","CAIS","N","00050","TERMIN","N","1998-10-07","2023-06-17","24.7","36","28.98676012","-91.46484545"
"A (Cinnamon)","1","85","Apache Corporation","FIXED","Y","G15540","TERMIN","N","1998-09-23","2016-07-23","17.8","670","27.87628574","-91.87284424"
"B","1","197","Apache Corporation","FIXED","Y","G04844","TERMIN","N","1998-06-30","2014-10-12","16.3","203","28.22245065","-93.17928558"
"J","1","252","Apache Corporation","FIXED","Y","00438","TERMIN","N","1998-08-23","2023-08-07","25","87","28.78278823","-91.74391164"
"A","1","283","Apache Corporation","FIXED","N","G07738","TERMIN","N","1998-12-12","2004-08-29","5.7","180","28.42749317","-91.54315498"
"1","1","302","Apache Corporation","CAIS","N","G14155","TERMIN","N","1998-10-09","2004-06-07","5.7","42","29.35959682","-93.89062557"
"CAIS.#1","1","309","Apache Corporation","CAIS","N","G19854","EXPIR","N","1998-10-25","2006-09-13","7.9","42","29.65251732","-88.82669381"
"1","1","383","Apache Corporation","CAIS","N","G18013","TERMIN","N","2000-07-12","2007-01-02","6.5","59","28.62160333","-90.78800583"
"3","1","472","Apache Corporation","CAIS","N","G15772","TERMIN","N","1999-07-06","2004-07-07","5","45","29.3394042","-93.92546986"
"1","1","536","Apache Corporation","FIXED","N","G19853","RELINQ","N","1999-09-06","2014-03-24","14.5","49","29.65287345","-88.77786928"
"19","1","554","Apache Corporation","CAIS","N","00050","TERMIN","N","1999-11-19","2023-06-21","23.6","34","28.99900611","-91.44525908"
"1","1","578","Apache Corporation","CAIS","N","G19855","TERMIN","N","1999-10-02","2006-09-10","6.9","42","29.64187526","-88.8208142"
"CAIS.#8","1","574","Apache Corporation","CAIS","N","G02825","RELINQ","N","2000-02-14","2023-08-31","23.5","35","29.62523315","-93.19694028"
"CAIS.#9","2","574","Apache Corporation","CAIS","N","G02825","RELINQ","N","2000-08-10","2023-09-03","23.1","35","29.62515669","-93.19690109"
"1","1","587","Apache Corporation","CAIS","N","G17156","TERMIN","N","2000-01-11","2008-11-19","8.9","63","29.12247333","-94.02219027"
"CAIS.#1","1","609","Apache Corporation","CAIS","N","G16104","TERMIN","N","2000-05-07","2013-08-20","13.3","26","29.71605222","-93.21973218"
"1","1","629","Apache Corporation","CAIS","N","G15050","TERMIN","N","2000-07-01","2023-08-14","23.1","30","29.66822326","-93.04945309"
"CAIS.#2","1","635","Apache Corporation","CAIS","N","G16104","TERMIN","N","2000-05-07","2013-08-21","13.3","26","29.71983363","-93.23558265"
"A","1","685","Apache Corporation","CAIS","Y","G17156","TERMIN","N","2000-08-27","2008-10-29","8.2","60","29.13253014","-94.00221644"
"A","1","683","Apache Corporation","FIXED","Y","G21096","TERMIN","N","2000-06-16","2023-07-04","23","215","28.25554105","-92.51561484"
"G","1","708","Apache Corporation","CAIS","N","00071","RELINQ","N","2000-11-07","2022-11-13","22","37","28.93880271","-90.74265388"
"CAIS.3","1","721","Apache Corporation","CAIS","N","G16104","TERMIN","N","2000-09-01","2013-08-23","13","26","29.70671849","-93.22806209"
"D","1","725","Apache Corporation","FIXED","N","G05504","PROD","S","2000-12-09","2012-05-19","11.4","131","28.60733558","-91.77825139"
"A","1","738","Apache Corporation","FIXED","N","","","","2000-06-12","2015-08-20","15.2","40","29.64165311","-88.88174529"
"CAIS.#15","1","737","Apache Corporation","CAIS","N","00081","TERMIN","N","2000-12-09","2023-10-02","22.8","42","29.50954636","-93.27903083"
"A","1","763","Apache Corporation","FIXED","Y","G01073","TERMIN","N","1962-01-01","2014-11-16","52.9","87","29.0928534","-89.75864959"
"Qtrs","2","763","Apache Corporation","FIXED","N","G01073","TERMIN","N","1964-01-01","2014-08-25","50.6","87","29.09285124","-89.75847116"
"B","1","809","Apache Corporation","FIXED","Y","G21700","TERMIN","N","2000-09-24","2014-01-20","13.3","39","29.61393913","-88.87140061"
"CAIS.#37","1","815","Apache Corporation","FIXED","N","00049","TERMIN","N","2000-12-05","2023-08-09","22.7","35","28.99698877","-91.51703292"
"CAIS.#37-H","2","815","Apache Corporation","CAIS","N","00049","TERMIN","N","2000-12-05","2023-08-07","22.7","35","28.99690352","-91.51703276"
"F","1","889","Apache Corporation","CAIS","N","00082","TERMIN","N","2002-01-14","2023-09-09","21.7","42","29.50523211","-93.2948119"
"13","1","21651","Chevron U.S.A. Inc.","FIXED","Y","00420","TERMIN","N","1968-01-01","1992-11-18","24.9","62","28.674285","-91.221562"
"17","1","21652","Chevron U.S.A. Inc.","FIXED","Y","00420","TERMIN","N","1969-01-01","1986-12-31","18","60","28.685891","-91.223888"
"13","6","21786","Chevron U.S.A. Inc.","CAIS","N","00814","RELINQ","N","1961-01-01","2008-07-14","47.5","26","28.859492","-91.130911"
"CC","7","21786","Chevron U.S.A. Inc.","FIXED","N","00814","RELINQ","N","1961-01-01","","","26","28.859491","-91.130599"
"CQRTS","1","21786","Chevron U.S.A. Inc.","FIXED","N","00814","RELINQ","N","1973-01-01","","","26","28.85937","-91.130693"
"B","2","21786","Chevron U.S.A. Inc.","FIXED","Y","00814","RELINQ","N","1961-01-01","","","26","28.85937","-91.13038"
"S94","3","21786","Chevron U.S.A. Inc.","FIXED","Y","00814","RELINQ","N","1961-01-01","1990-08-28","29.7","26","28.859371","-91.131005"
"CA","4","21786","Chevron U.S.A. Inc.","FIXED","N","00814","RELINQ","N","1961-01-01","","","26","28.859645","-91.130692"
"11","5","21786","Chevron U.S.A. Inc.","CAIS","N","00814","RELINQ","N","1961-01-01","","","26","28.85992","-91.130692"
"D","8","21786","Chevron U.S.A. Inc.","FIXED","Y","00814","RELINQ","N","1989-01-01","","","26","28.859204","-91.131668"
"CB","1","21788","Chevron U.S.A. Inc.","CAIS","N","00814","RELINQ","N","1960-01-01","","","20","28.85638209","-91.12250607"
"CP","2","21788","Chevron U.S.A. Inc.","FIXED","N","00814","RELINQ","N","1986-01-01","","","20","28.85629383","-91.12234383"
"C","1","21795","Chevron U.S.A. Inc.","FIXED","Y","G02318","PROD","S","1974-01-01","2012-06-21","38.5","268","28.188566","-91.636362"
"4","1","21821","Chevron U.S.A. Inc.","CAIS","N","G01865","PROD","S","1973-01-01","2009-11-28","36.9","22","29.195983","-91.611823"
"1","1","21823","Chevron U.S.A. Inc.","CAIS","N","G01865","PROD","S","1969-01-01","1989-12-31","21","22","29.203709","-91.604855"
"CC","1","21878","Chevron U.S.A. Inc.","WP","N","G00979","RELINQ","N","1976-01-01","2000-05-31","24.4","123","28.575598","-91.506631"
"7","1","21924","Chevron U.S.A. Inc.","CAIS","N","G01007","TERMIN","N","1976-01-01","1993-11-19","17.9","20","28.88759271","-91.10050797"
"B","1","21940","Chevron U.S.A. Inc.","FIXED","Y","G02608","TERMIN","N","1976-01-01","2009-12-07","33.9","240","28.257411","-91.79372"
"A","1","21960","Chevron U.S.A. Inc.","FIXED","Y","G02923","TERMIN","N","1976-01-01","","","232","28.274631","-91.092698"
"2","1","21976","Chevron U.S.A. Inc.","CAIS","N","G00977","RELINQ","N","1976-01-01","2009-07-21","33.6","107","28.615655","-91.46574"
"A","1","22260","Chevron U.S.A. Inc.","FIXED","Y","G03584","TERMIN","N","1979-01-01","2002-08-29","23.7","58","28.657167","-91.075852"
"H(FORMER WG#9)","1","22276","Chevron U.S.A. Inc.","FIXED","N","00820","TERMIN","N","1978-01-01","2010-08-23","32.6","56","28.663634","-91.015747"
"2","1","22350","Chevron U.S.A. Inc.","CAIS","N","G03147","TERMIN","N","1980-01-01","1999-09-02","19.7","20","29.292092","-91.84679"
"2","1","22371","Chevron U.S.A. Inc.","CAIS","N","G02603","TERMIN","N","1980-01-01","1983-12-31","4","22","29.172269","-91.617876"
"1","1","22723","Chevron U.S.A. Inc.","CAIS","N","G04444","EXPIR","N","1982-01-01","1986-12-31","5","55","28.95039","-91.639281"
"F","1","22832","Chevron U.S.A. Inc.","FIXED","N","00821","PROD","S","1983-01-01","2012-09-14","29.7","66","28.60870881","-90.9799327"
"C","1","22848","Chevron U.S.A. Inc.","CAIS","N","G04231","PROD","S","1983-01-01","2012-09-21","29.7","45","28.631354","-91.079757"
"24","1","22926","Chevron U.S.A. Inc.","CAIS","N","00814","RELINQ","N","1975-01-01","1987-05-18","12.4","20","28.856356","-91.121953"
"B","1","22957","Chevron U.S.A. Inc.","FIXED","Y","G03410","TERMIN","N","1984-01-01","2009-09-23","25.7","305","28.161719","-91.640957"
"A","1","23244","Chevron U.S.A. Inc.","FIXED","Y","G06737","TERMIN","N","1985-01-01","1991-06-13","6.4","29","28.875864","-91.021964"
"1","1","23250","Chevron U.S.A. Inc.","CAIS","N","G05542","TERMIN","N","1986-01-01","1997-06-16","11.5","17","28.885729","-91.087653"
"188","1","23267","Chevron U.S.A. Inc.","CAIS","N","G03147","TERMIN","N","1986-01-01","2009-12-21","24","20","29.317962","-91.851808"
"5","1","23319","Chevron U.S.A. Inc.","CAIS","N","G03147","TERMIN","N","1988-01-01","2008-03-26","20.2","17","29.323535","-91.850867"
"S93","1","23505","Chevron U.S.A. Inc.","FIXED","N","00814","RELINQ","N","1960-01-01","1987-07-19","27.5","20","28.858007","-91.122503"
"1","1","23512","Chevron U.S.A. Inc.","CAIS","N","G07750","RELINQ","N","1987-01-01","2006-08-04","19.6","23","28.88468","-91.164399"
"6","1","23577","Chevron U.S.A. Inc.","CAIS","N","G03147","TERMIN","N","1989-01-01","2007-05-06","18.3","20","29.31496","-91.846035"
"DA","1","23578","Chevron U.S.A. Inc.","FIXED","N","G07750","RELINQ","N","1989-01-01","","","22","28.879032","-91.174234"
"41","1","23579","Chevron U.S.A. Inc.","CAIS","N","00814","RELINQ","N","1989-01-01","2007-08-10","18.6","25","28.862212","-91.120745"
"42","1","23580","Chevron U.S.A. Inc.","CAIS","N","00814","RELINQ","N","1989-01-01","","","23","28.859931","-91.121811"
"A","1","23581","Chevron U.S.A. Inc.","FIXED","Y","G06987","TERMIN","N","1989-01-01","2011-07-11","22.5","620","27.946065","-91.646494"
"8","1","23903","Chevron U.S.A. Inc.","CAIS","N","G03147","TERMIN","N","1990-01-01","2008-03-23","18.2","20","29.312019","-91.840639"
"CD","1","23922","Chevron U.S.A. Inc.","FIXED","Y","G00979","RELINQ","N","1990-01-01","2010-08-28","20.7","123","28.58562","-91.518793"
"A","1","20513","Chevron U.S.A. Inc.","WP","N","G01196","TERMIN","N","1963-01-01","1993-12-03","30.9","122","28.65491","-91.953764"
"A","1","20621","Chevron U.S.A. Inc.","FIXED","Y","G01146","RELINQ","N","1962-01-01","1999-09-20","37.7","131","28.576156","-92.44401"
"A-AUX","2","20621","Chevron U.S.A. Inc.","FIXED","N","G01146","RELINQ","N","1965-01-01","1999-09-20","34.7","131","28.576154","-92.444322"
"B","1","20669","Chevron U.S.A. Inc.","FIXED","Y","G01146","RELINQ","N","1965-01-01","2009-05-24","44.4","126","28.585141","-92.449941"
"D","1","20670","Chevron U.S.A. Inc.","FIXED","Y","G02047","PROD","S","1972-01-01","2012-02-17","40.1","188","28.4144965","-92.63328278"
"D-AUX1","2","20670","Chevron U.S.A. Inc.","FIXED","Y","G02047","PROD","S","1972-01-01","2012-02-17","40.1","188","28.4145","-92.632972"
"E","3","20670","Chevron U.S.A. Inc.","FIXED","Y","G02047","PROD","S","1974-01-01","2012-02-17","38.1","188","28.415204","-92.632362"
"1","1","20710","Chevron U.S.A. Inc.","CAIS","N","G01180","TERMIN","N","1965-01-01","1988-05-16","23.4","62","28.97528","-91.893144"
"5","1","20711","Chevron U.S.A. Inc.","CAIS","N","G01180","TERMIN","N","1973-01-01","1988-05-14","15.4","65","28.975675","-91.893237"
"2","1","20731","Chevron U.S.A. Inc.","FIXED","Y","G01180","TERMIN","N","1965-01-01","1993-09-25","28.7","64","28.96803","-91.890759"
"TANK","2","20731","Chevron U.S.A. Inc.","FIXED","N","G01180","TERMIN","N","1965-01-01","1993-09-25","28.7","64","28.968029","-91.891071"
"A","1","20940","Chevron U.S.A. Inc.","FIXED","Y","G02047","PROD","S","1971-01-01","2010-07-15","39.5","182","28.418941","-92.628529"
"A-AUX1","2","20940","Chevron U.S.A. Inc.","FIXED","Y","G02047","PROD","S","1972-01-01","2010-10-20","38.8","182","28.418468","-92.628501"
"1","1","21036","Chevron U.S.A. Inc.","CAIS","N","G01146","RELINQ","N","1963-01-01","1994-05-03","31.3","126","28.576045","-92.450273"
"C - DRILL","1","21037","Chevron U.S.A. Inc.","FIXED","Y","G01146","RELINQ","N","1965-01-01","2010-02-22","45.1","132","28.575829","-92.461235"
"E-AUX","3","21037","Chevron U.S.A. Inc.","FIXED","Y","G01146","RELINQ","N","1981-01-01","","","132","28.576831","-92.461162"
"E-Drill","2","21037","Chevron U.S.A. Inc.","FIXED","Y","G01146","RELINQ","N","1976-01-01","2007-05-23","31.4","132","28.576354","-92.461615"
"G","4","21037","Chevron U.S.A. Inc.","FIXED","N","G01146","RELINQ","N","2007-05-11","","","132","28.57733761","-92.46073164"
"38","1","21286","Chevron U.S.A. Inc.","CAIS","N","00310","UNIT","S","1963-01-01","1991-12-17","29","14","29.447702","-92.059053"
"33","1","21287","Chevron U.S.A. Inc.","CAIS","N","00310","UNIT","S","1962-01-01","1986-12-31","25","14","29.427478","-92.069788"
"29","1","21288","Chevron U.S.A. Inc.","CAIS","N","00310","UNIT","S","1962-01-01","1991-12-31","30","14","29.445381","-92.052473"
"26","1","21289","Chevron U.S.A. Inc.","CAIS","N","00310","UNIT","S","1962-01-01","1991-12-17","30","14","29.456206","-92.058364"
"24","1","21290","Chevron U.S.A. Inc.","CAIS","N","00310","UNIT","S","1961-01-01","1991-12-07","30.9","14","29.427698","-92.063812"
"21","1","21291","Chevron U.S.A. Inc.","CAIS","N","00310","UNIT","S","1961-01-01","1991-12-07","30.9","14","29.444133","-92.054864"
"22","1","21292","Chevron U.S.A. Inc.","CAIS","N","00310","UNIT","S","1961-01-01","1991-12-07","30.9","14","29.432979","-92.057856"
"39","1","21294","Chevron U.S.A. Inc.","CAIS","N","00310","UNIT","S","1963-01-01","1991-12-17","29","14","29.431511","-92.066114"
"18","1","21295","Chevron U.S.A. Inc.","CAIS","N","00310","UNIT","S","1961-01-01","1991-12-07","30.9","14","29.430525","-92.063509"
"16","1","21296","Chevron U.S.A. Inc.","CAIS","N","00310","UNIT","S","1961-01-01","1991-12-07","30.9","14","29.435725","-92.057458"
"13","1","21297","Chevron U.S.A. Inc.","CAIS","N","00310","UNIT","S","1961-01-01","1991-12-07","30.9","14","29.447702","-92.059053"
"12","1","21298","Chevron U.S.A. Inc.","CAIS","N","00310","UNIT","S","1960-01-01","1991-12-07","31.9","14","29.441071","-92.054657"
"5 (TSA)","1","21299","Chevron U.S.A. Inc.","CAIS","N","00310","UNIT","S","1959-01-01","2006-07-10","47.5","14","29.431723","-92.060712"
"9","1","21300","Chevron U.S.A. Inc.","CAIS","N","00310","UNIT","S","1960-01-01","1995-12-05","35.9","14","29.439241","-92.059743"
"11","1","21302","Chevron U.S.A. Inc.","CAIS","N","00310","UNIT","S","1960-01-01","1997-01-01","37","14","29.469543","-92.064927"
"59","1","21305","Chevron U.S.A. Inc.","CAIS","N","00310","UNIT","S","1967-01-01","1986-12-31","20","14","29.464601","-92.065457"
"4","1","21306","Chevron U.S.A. Inc.","CAIS","N","00310","UNIT","S","1959-01-01","2006-07-06","47.5","14","29.455548","-92.055481"
"7","1","21307","Chevron U.S.A. Inc.","CAIS","N","00310","UNIT","S","1959-01-01","2013-05-13","54.4","14","29.437113","-92.061709"
"8","1","21308","Chevron U.S.A. Inc.","CAIS","N","00310","UNIT","S","1960-01-01","2012-10-03","52.8","14","29.450378","-92.057966"
"3","1","21309","Chevron U.S.A. Inc.","CAIS","N","00310","UNIT","S","1958-01-01","1991-12-06","33.9","14","29.494892","-92.044662"
"2-LHP(REMOVED )","1","21310","Chevron U.S.A. Inc.","CAIS","N","00310","UNIT","S","1958-01-01","1997-11-01","39.8","14","29.507514","-92.05582"
"2 (REMOVED)","1","21311","Chevron U.S.A. Inc.","CAIS","N","00310","UNIT","S","1960-01-01","1997-10-31","37.8","9","29.446522","-92.058934"
"55","1","21312","Chevron U.S.A. Inc.","CAIS","N","00310","UNIT","S","1966-01-01","1992-10-23","26.8","14","29.45592","-92.05833"
"LP007","1","21313","Chevron U.S.A. Inc.","CAIS","N","00310","UNIT","S","1972-01-01","1999-11-14","27.9","8","29.503173","-92.059533"
"25","1","21314","Chevron U.S.A. Inc.","CAIS","N","00310","UNIT","S","1961-01-01","2014-06-05","53.4","14","29.45325","-92.056727"
"23","1","21315","Chevron U.S.A. Inc.","CAIS","N","00310","UNIT","S","1961-01-01","1991-12-07","30.9","14","29.436925","-92.053905"
"20","1","21316","Chevron U.S.A. Inc.","CAIS","N","00310","UNIT","S","1961-01-01","1991-12-07","30.9","14","29.442719","-92.062498"
"52","1","21317","Chevron U.S.A. Inc.","CAIS","N","00310","UNIT","S","1966-01-01","2002-11-20","36.9","14","29.455868","-92.058336"
"27","1","21318","Chevron U.S.A. Inc.","CAIS","N","00310","UNIT","S","1961-01-01","2006-07-12","45.5","14","29.433559","-92.053928"
"31 (REMOVED)","1","21319","Chevron U.S.A. Inc.","CAIS","N","00310","UNIT","S","1962-01-01","1997-10-29","35.8","14","29.429125","-92.066929"
"30","1","21320","Chevron U.S.A. Inc.","CAIS","N","00310","UNIT","S","1962-01-01","1991-12-17","30","14","29.439896","-92.051265"
"43","1","21321","Chevron U.S.A. Inc.","CAIS","N","00310","UNIT","S","1966-01-01","2011-08-10","45.6","14","29.429607","-92.07412"
"46","1","21322","Chevron U.S.A. Inc.","CAIS","N","00310","UNIT","S","1967-01-01","2006-07-22","39.6","14","29.438113","-92.079815"
"37","1","21323","Chevron U.S.A. Inc.","CAIS","N","00310","UNIT","S","1963-01-01","1997-10-29","34.8","14","29.438696","-92.056792"
"34 (REMOVED)","1","21324","Chevron U.S.A. Inc.","CAIS","N","00310","UNIT","S","1962-01-01","1997-10-31","35.8","14","29.439458","-92.068754"
"32","1","21325","Chevron U.S.A. Inc.","CAIS","N","00310","UNIT","S","1962-01-01","1990-08-31","28.7","14","29.435155","-92.041499"
"71 (REMOVED)","1","21326","Chevron U.S.A. Inc.","CAIS","N","00310","UNIT","S","1973-01-01","1997-10-22","24.8","14","29.447859","-92.060977"
"63","1","21327","Chevron U.S.A. Inc.","CAIS","N","00310","UNIT","S","1968-01-01","2002-11-23","34.9","14","29.43411","-92.070908"
"68","1","21328","Chevron U.S.A. Inc.","CAIS","N","00310","UNIT","S","1971-01-01","1992-11-26","21.9","14","29.467297","-92.045776"
"62","1","21329","Chevron U.S.A. Inc.","CAIS","N","00310","UNIT","S","1968-01-01","1999-11-13","31.9","14","29.441298","-92.072971"
"12","1","898","Apache Corporation","CAIS","N","00052","TERMIN","N","2001-07-04","2023-07-02","22","40","28.96408094","-91.48333533"
"A","1","935","Apache Corporation","FIXED","N","G15303","RELINQ","N","2001-05-10","2014-08-10","13.3","264","28.24126094","-91.31940684"
"A","1","1020","Apache Corporation","FIXED","N","G22159","RELINQ","N","2001-08-27","2004-08-13","3","224","27.1632731","-96.70994852"
"B","1","1006","Apache Corporation","FIXED","N","G12941","TERMIN","N","2002-04-09","2023-07-20","21.3","44","28.77019765","-91.24931474"
"B","1","1026","Apache Corporation","CAIS","N","G03596","TERMIN","N","2001-09-04","2015-10-08","14.1","70","29.09558328","-89.8583378"
"C","1","1095","Apache Corporation","CAIS","N","00082","TERMIN","N","2002-01-01","2023-09-06","21.7","42","29.50031277","-93.29565252"
"20","1","1300","Apache Corporation","CAIS","N","00050","TERMIN","N","2003-05-25","2023-08-12","20.2","32","28.99344628","-91.45395443"
"31","1","1478","Apache Corporation","CAIS","N","G02826","RELINQ","N","2004-04-10","2023-10-07","19.5","37","29.61838996","-93.12150783"
"B","1","1492","Apache Corporation","CAIS","N","G13960","RELINQ","N","2004-05-10","2013-10-01","9.4","46","29.55548757","-88.84894092"
"1","1","1620","Apache Corporation","CAIS","N","G25524","TERMIN","N","2004-12-21","2023-11-07","18.9","60","29.13185523","-94.60695565"
"2","2","1620","Apache Corporation","CAIS","N","G25524","TERMIN","N","2005-07-05","2023-11-07","18.3","60","29.13187157","-94.60686718"
"B","3","1620","Apache Corporation","CAIS","Y","G25524","TERMIN","N","2006-06-01","2023-11-09","17.4","60","29.13186744","-94.60674197"
"2","1","1670","Apache Corporation","CAIS","N","G21700","TERMIN","N","2005-03-19","2013-10-12","8.6","35","29.6187102","-88.9000642"
"2","1","1826","Apache Corporation","CAIS","N","G14161","TERMIN","N","2006-03-01","2008-12-07","2.8","58","29.17076324","-93.98845389"
"8","1","1840","Apache Corporation","CAIS","N","G04398","RELINQ","N","2006-04-15","2013-08-11","7.3","63","29.31223799","-93.60988792"
"8","1","1872","Apache Corporation","CAIS","N","G04397","TERMIN","N","2006-06-07","2015-11-09","9.4","43","29.3593857","-93.55224936"
"6","1","1820","Apache Corporation","CAIS","N","G04090","TERMIN","N","2006-03-01","2013-08-10","7.4","48","29.30344187","-93.64405178"
"JC","1","1926","Apache Corporation","CAIS","Y","G04143","RELINQ","N","2006-08-02","2015-06-04","8.8","41","29.53232845","-93.79662694"
"5","1","1835","Apache Corporation","CAIS","N","G06069","TERMIN","N","2006-05-05","2025-08-03","19.2","75","28.3903194","-95.88750716"
"N","1","1895","Apache Corporation","FIXED","N","G15050","TERMIN","N","2006-03-10","2023-08-23","17.5","30","29.67291058","-93.03821194"
"10","1","1984","Apache Corporation","CAIS","Y","G02924","TERMIN","N","2006-12-03","2022-12-31","16.1","35","28.96817327","-90.65904413"
"O","1","1995","Apache Corporation","CAIS","Y","G15050","TERMIN","N","2006-11-26","2023-08-10","16.7","30","29.66819192","-93.0499564"
"18","1","2047","Apache Corporation","CAIS","N","00081","TERMIN","N","2007-04-22","2023-09-24","16.4","42","29.50043821","-93.28707844"
"L","1","2048","Apache Corporation","CAIS","N","G12941","TERMIN","N","2007-06-12","2023-06-26","16","44","28.77019622","-91.2392068"
"34","1","2079","Apache Corporation","CAIS","N","G01182","TERMIN","N","1970-12-01","2023-11-25","53","68","28.96375486","-91.97651726"
"A","1","2100","Apache Corporation","FIXED","N","G23908","TERMIN","N","2007-12-20","2012-09-17","4.7","127","28.45118523","-90.77650719"
"F","1","2117","Apache Corporation","FIXED","Y","G01208","TERMIN","N","2008-01-07","2023-06-29","15.5","138","28.60602474","-91.96401338"
"19","1","2168","Apache Corporation","CAIS","N","00081","TERMIN","N","2008-05-29","2023-09-12","15.3","43","29.50223946","-93.29170056"
"13","1","2224","Apache Corporation","CAIS","N","G01440","TERMIN","N","2008-12-01","2023-09-11","14.8","33","29.59149629","-92.89578505"
"A","1","2251","Apache Corporation","FIXED","N","G27973","TERMIN","N","2008-12-06","2015-08-26","6.7","49","30.16797858","-87.79380798"
"58","1","2352","Apache Corporation","FIXED","N","G01182","TERMIN","N","2010-02-03","2023-09-06","13.6","73","28.96533489","-91.97897875"
"1","1","2530","Apache Corporation","FIXED","N","G33646","TERMIN","N","2013-01-24","2023-07-01","10.4","93","28.62849787","-91.31229502"
"2","1","2588","Apache Corporation","CAIS","N","G10736","TERMIN","N","2014-06-30","2023-09-12","9.2","78","28.73101562","-91.47217395"
"2","1","20234","Gulf Oil Corporation","WP","N","G01988","RELINQ","N","1971-01-01","1983-12-31","13","71","29.124795","-89.81372"
"2","1","21736","Gulf Oil Corporation","WP","N","G02165","TERMIN","N","1973-01-01","1983-12-31","11","37","29.16247","-89.800465"
"5","1","21777","Gulf Oil Corporation","WP","N","G01988","RELINQ","N","1974-01-01","1983-12-31","10","71","29.155267","-89.810823"
"4","1","21637","Gulf Oil Corporation","WP","N","00584","EXPIR","N","1970-01-01","1975-12-31","6","45","28.754246","-91.243003"
"2","1","20871","Gulf Oil Corporation","CAIS","N","G01859","RELINQ","N","1970-01-01","1982-12-31","13","21","29.693374","-93.561047"
"1","1","20883","Gulf Oil Corporation","CAIS","N","G01859","RELINQ","N","1970-01-01","1982-12-31","13","21","29.701413","-93.570151"
"3","1","21989","Gulf Oil Corporation","WP","N","G01859","RELINQ","N","1976-01-01","1982-12-31","7","25","29.706137","-93.570704"
"4","1","22237","Gulf Oil Corporation","CAIS","N","G01859","RELINQ","N","1978-01-01","1982-12-31","5","28","29.693492","-93.554106"
"C-JUNCTION PF","1","919","Blue Dolphin Pipe Line Company","FIXED","N","","","","2001-04-25","","","68","28.89360324","-94.70424792"
"A","1","20321","Hunt Oil Company","FIXED","Y","G01335","TERMIN","N","1963-01-01","2003-11-18","40.9","130","28.930924","-89.248468"
"C","1","20322","Hunt Oil Company","FIXED","Y","G01335","TERMIN","N","1964-01-01","2003-11-18","39.9","140","28.925864","-89.231242"
"B","1","20323","Hunt Oil Company","FIXED","Y","G01335","TERMIN","N","1963-01-01","2003-06-24","40.5","140","28.930992","-89.237475"
"A","1","20372","Hunt Oil Company","WP","N","00697","TERMIN","N","1960-01-01","1975-12-31","16","100","28.95247","-89.246071"
"C","1","20373","Hunt Oil Company","FIXED","Y","00697","TERMIN","N","1961-01-01","2003-11-18","42.9","105","28.948776","-89.250353"
"E","2","20373","Hunt Oil Company","FIXED","Y","00697","TERMIN","N","1983-01-01","2003-08-10","20.6","105","28.948006","-89.251016"
"B","1","21668","Hunt Oil Company","FIXED","Y","00697","TERMIN","N","1962-01-01","1978-12-31","17","108","28.946614","-89.230806"
"2A","1","20847","Hunt Oil Company","CAIS","N","00466","RELINQ","N","1956-01-01","2006-09-06","50.7","25","29.156359","-91.505498"
"1","1","20897","Hunt Oil Company","CAIS","N","00424","RELINQ","N","1959-01-01","2006-09-02","47.7","25","29.177744","-91.514756"
"2","1","22270","Hunt Oil Company","WP","N","00425","TERMIN","N","1979-01-01","2004-05-27","25.4","22","29.174687","-91.536646"
"4","1","22413","Hunt Oil Company","WP","N","00466","RELINQ","N","1980-01-01","2006-12-16","27","22","29.153287","-91.501204"
"3","1","22735","Hunt Oil Company","WP","N","00425","TERMIN","N","1983-01-01","2004-05-27","21.4","25","29.18316","-91.529086"
"5","1","22784","Hunt Oil Company","WP","N","00425","TERMIN","N","1983-01-01","2004-05-27","21.4","22","29.172336","-91.541895"
"1","1","23028","Hunt Oil Company","WP","N","G04823","TERMIN","N","1984-01-01","2004-05-27","20.4","28","29.168094","-91.542288"
"2","1","23029","Hunt Oil Company","WP","N","G04823","TERMIN","N","1984-01-01","2004-05-27","20.4","28","29.165684","-91.544708"
"4","1","23066","Hunt Oil Company","WP","N","G04823","TERMIN","N","1985-01-01","2003-09-08","18.7","22","29.158715","-91.545244"
"C","1","690","Hunt Oil Company","FIXED","Y","G19829","TERMIN","N","2000-04-21","2010-07-13","10.2","108","28.50550345","-90.72847381"
"A","1","769","Hunt Oil Company","FIXED","Y","G18956","TERMIN","N","2000-09-01","2008-05-31","7.7","194","28.11848479","-94.3721629"
"A","1","828","Hunt Oil Company","FIXED","N","G16357","TERMIN","N","2001-05-01","2005-06-29","4.2","59","28.76041471","-91.34217654"
"A","1","962","Hunt Oil Company","FIXED","Y","G21356","TERMIN","N","2001-07-23","2012-08-02","11","200","28.00611844","-94.28876688"
"B","1","1149","Hunt Oil Company","FIXED","N","G22539","TERMIN","N","2002-06-25","2009-06-22","7","45","29.33523175","-93.62489212"
"CAIS.#1","1","1313","Hunt Oil Company","CAIS","N","G22574","TERMIN","N","2003-09-22","2010-09-20","7","52","29.40132787","-92.96476659"
"B","1","1660","Hunt Oil Company","FIXED","Y","G25518","EXPIR","N","2005-03-25","2009-07-14","4.3","118","28.31364232","-95.37106126"
"1","1","1757","Hunt Oil Company","CAIS","N","G25939","TERMIN","N","2006-07-11","2011-06-18","4.9","56","29.31939066","-92.67718027"
"1","1","1767","Hunt Oil Company","CAIS","N","G26049","EXPIR","N","2005-09-18","2008-03-06","2.5","10","29.08668845","-91.06221826"
"B","1","21684","Placid Oil Company","CAIS","N","G01565","EXPIR","N","1968-01-01","1976-12-31","9","163","28.508366","-90.266237"
"(FPS)","1","23543","Placid Oil Company","SEMI","Y","G05882","TERMIN","N","1988-01-01","1989-12-31","2","1540","27.946993","-90.498825"
"1","1","21187","Placid Oil Company","CAIS","N","G01524","TERMIN","N","1967-01-01","1989-07-10","22.5","102","28.51516322","-90.97128185"
"2","1","21188","Placid Oil Company","CAIS","N","G01524","TERMIN","N","1968-01-01","1977-12-31","10","100","28.508893","-90.959457"
"3","1","21189","Placid Oil Company","CAIS","N","G01524","TERMIN","N","1968-01-01","1977-12-31","10","105","28.511419","-90.982448"
"2","1","21191","Placid Oil Company","CAIS","N","G01523","TERMIN","N","1967-01-01","1989-10-23","22.8","94","28.540228","-90.98709"
"3","1","21192","Placid Oil Company","CAIS","N","G01523","TERMIN","N","1967-01-01","1989-07-17","22.5","95","28.534514","-90.961131"
"5","1","21193","Placid Oil Company","CAIS","N","G01523","TERMIN","N","1967-01-01","1977-12-31","11","100","28.54803","-90.979397"
"2","1","21208","Placid Oil Company","CAIS","N","G01520","TERMIN","N","1968-01-01","1989-10-30","21.8","100","28.532172","-91.099271"
"A","1","10432","Placid Oil Company","FIXED","Y","G06172","TERMIN","N","1988-01-01","1990-08-03","2.6","56","29.058147","-94.282384"
"A","1","21909","Pennzoil Producing Company","FIXED","Y","G02078","TERMIN","N","1975-01-01","1987-03-12","12.2","126","28.678581","-92.311826"
"CO","1","20003","Chevron U.S.A. Inc.","FIXED","Y","00392","UNIT","S","1961-01-01","2008-10-03","47.8","50","29.034085","-90.122036"
"CR","1","20004","Chevron U.S.A. Inc.","WP","N","00392","UNIT","S","1962-01-01","1984-12-31","23","52","29.029847","-90.109884"
"22","1","20006","Chevron U.S.A. Inc.","CAIS","N","00392","UNIT","S","1969-01-01","2008-08-27","39.7","50","29.03524","-90.12562"
"GG","1","20007","Chevron U.S.A. Inc.","FIXED","Y","00392","UNIT","S","1966-01-01","2012-08-22","46.6","54","29.020156","-90.109123"
"21","2","20007","Chevron U.S.A. Inc.","CAIS","N","00392","UNIT","S","1968-01-01","1999-07-21","31.6","54","29.019777","-90.108817"
"Y","1","20009","Chevron U.S.A. Inc.","FIXED","Y","00392","UNIT","S","1960-01-01","2012-11-25","52.9","47","29.037777","-90.110041"
"YA","2","20009","Chevron U.S.A. Inc.","CAIS","N","00392","UNIT","S","1975-01-01","2012-11-25","37.9","47","29.037818","-90.110401"
"CH","1","20012","Chevron U.S.A. Inc.","WP","N","00390","UNIT","S","1959-01-01","2004-08-02","45.6","44","29.06560248","-90.11702117"
"BB","1","20013","Chevron U.S.A. Inc.","FIXED","Y","00390","UNIT","S","1961-01-01","2005-04-09","44.3","47","29.053506","-90.107875"
"15","2","20013","Chevron U.S.A. Inc.","CAIS","N","00390","UNIT","S","1972-01-01","2000-06-21","28.5","47","29.053594","-90.107855"
"CB","1","20014","Chevron U.S.A. Inc.","WP","N","00390","UNIT","S","1962-01-01","2004-08-10","42.6","45","29.06708877","-90.1145148"
"CY","1","20048","Chevron U.S.A. Inc.","WP","N","00166","UNIT","S","1963-01-01","2008-09-26","45.7","54","28.99186","-90.162552"
"CE","1","20050","Chevron U.S.A. Inc.","FIXED","N","00387","UNIT","S","1958-01-01","2015-08-20","57.6","51","29.02642358","-90.13539873"
"FLR","2","20052","Chevron U.S.A. Inc.","FIXED","N","00387","UNIT","S","1960-01-01","1996-12-10","36.9","51","29.01759722","-90.13255841"
"AA","1","20052","Chevron U.S.A. Inc.","FIXED","N","00387","UNIT","S","1960-01-01","2008-12-18","49","51","29.017476","-90.132835"
"CJ","1","20053","Chevron U.S.A. Inc.","WP","N","00387","UNIT","S","1959-01-01","1999-07-12","40.5","49","29.01561701","-90.14303559"
"CK","1","20058","Chevron U.S.A. Inc.","WP","N","00369","UNIT","S","1961-01-01","2009-11-21","48.9","47","29.037402","-90.133077"
"43","2","20058","Chevron U.S.A. Inc.","CAIS","N","00369","UNIT","S","1973-01-01","2009-11-21","36.9","47","29.037662","-90.132851"
"SA","1","20062","Chevron U.S.A. Inc.","WP","N","00386","UNIT","S","1964-01-01","1999-07-15","35.5","43","29.028781","-90.183424"
"DD","1","20064","Chevron U.S.A. Inc.","FIXED","Y","00166","UNIT","S","1963-01-01","1990-07-21","27.6","53","28.994825","-90.155949"
"I","1","20077","Chevron U.S.A. Inc.","FIXED","Y","G01492","TERMIN","N","1967-01-01","1998-08-26","31.6","192","28.708817","-90.122492"
"B","1","20108","Chevron U.S.A. Inc.","FIXED","Y","00385","RELINQ","N","1952-01-01","","","38","29.14719","-89.607103"
"G","1","20181","Chevron U.S.A. Inc.","FIXED","N","00385","RELINQ","N","1952-01-01","1997-08-17","45.6","37","29.152667","-89.608472"
"D","1","20182","Chevron U.S.A. Inc.","FIXED","Y","00385","RELINQ","N","1952-01-01","","","39","29.137757","-89.595909"
"C","1","20183","Chevron U.S.A. Inc.","FIXED","N","00385","RELINQ","N","1952-01-01","","","39","29.129681","-89.605154"
"CD","1","20184","Chevron U.S.A. Inc.","FIXED","N","00385","RELINQ","N","1963-01-01","","","42","29.125855","-89.61179694"
"CC","1","20185","Chevron U.S.A. Inc.","FIXED","N","00385","RELINQ","N","1961-01-01","","","44","29.119526","-89.601977"
"23","2","20185","Chevron U.S.A. Inc.","CAIS","N","00385","RELINQ","N","1966-01-01","2010-07-03","44.5","44","29.119122","-89.601818"
"CB-REMOVED","1","20186","Chevron U.S.A. Inc.","WP","N","00385","RELINQ","N","1959-01-01","1997-06-02","38.4","44","29.121433","-89.609571"
"27","1","20187","Chevron U.S.A. Inc.","CAIS","N","00385","RELINQ","N","1970-01-01","1976-12-31","7","35","29.163043","-89.609237"
"33","1","20190","Chevron U.S.A. Inc.","CAIS","N","00384","RELINQ","N","1967-01-01","","","35","29.139881","-89.579135"
"10","1","20192","Chevron U.S.A. Inc.","CAIS","N","00384","RELINQ","N","1972-01-01","","","37","29.136373","-89.554654"
"16","2","20192","Chevron U.S.A. Inc.","CAIS","N","00384","RELINQ","N","2001-02-28","","","37","29.13637739","-89.55458516"
"G","1","20198","Chevron U.S.A. Inc.","FIXED","Y","G01367","UNIT","S","1965-01-01","2000-06-16","35.5","30","29.406148","-89.051267"
"GA","2","20198","Chevron U.S.A. Inc.","CAIS","N","G01367","UNIT","S","1965-01-01","2000-06-16","35.5","30","29.405819","-89.050847"
"CT","1","20205","Chevron U.S.A. Inc.","WP","N","00595","UNIT","S","1962-01-01","1984-12-31","23","56","29.005698","-90.141901"
"TEST-OIL","1","20250","Chevron U.S.A. Inc.","FIXED","N","00691","TERMIN","N","1963-01-01","1995-07-28","32.6","30","29.177834","-89.541229"
"14","1","20253","Chevron U.S.A. Inc.","CAIS","N","G01331","TERMIN","N","1967-01-01","1997-05-27","30.4","30","29.17788","-89.564731"
"13(Removed)","1","20254","Chevron U.S.A. Inc.","CAIS","N","G01331","TERMIN","N","1967-01-01","1997-09-20","30.7","30","29.183079","-89.562759"
"12(Removed)","1","20255","Chevron U.S.A. Inc.","CAIS","N","G01331","TERMIN","N","1967-01-01","1997-09-18","30.7","30","29.178328","-89.557202"
"9(Removed)","1","20258","Chevron U.S.A. Inc.","CAIS","N","G01331","TERMIN","N","1964-01-01","1997-09-19","33.7","30","29.185945","-89.571327"
"9(Removed)","1","20259","Chevron U.S.A. Inc.","FIXED","N","00691","TERMIN","N","1964-01-01","1997-09-18","33.7","30","29.176823","-89.537706"
"8(Removed)","1","20260","Chevron U.S.A. Inc.","CAIS","N","G01331","TERMIN","N","1964-01-01","1997-09-17","33.7","30","29.180909","-89.548852"
"8","1","20261","Chevron U.S.A. Inc.","CAIS","N","00691","TERMIN","N","1962-01-01","1985-12-31","24","30","29.180101","-89.539872"
"7(Removed)","1","20262","Chevron U.S.A. Inc.","CAIS","N","G01331","TERMIN","N","1964-01-01","1997-09-17","33.7","30","29.181662","-89.549622"
"6(Removed)","1","20263","Chevron U.S.A. Inc.","CAIS","N","G01331","TERMIN","N","1964-01-01","1997-09-18","33.7","30","29.183258","-89.555736"
"6","1","20264","Chevron U.S.A. Inc.","CAIS","N","00691","TERMIN","N","1962-01-01","1985-12-31","24","30","29.177998","-89.537152"
"5","1","20265","Chevron U.S.A. Inc.","CAIS","N","00691","TERMIN","N","1962-01-01","1995-07-28","33.6","30","29.176437","-89.539593"
"3(Removed)","1","20267","Chevron U.S.A. Inc.","CAIS","N","00691","TERMIN","N","1962-01-01","1997-09-16","35.7","30","29.175102","-89.543935"
"1","1","20270","Chevron U.S.A. Inc.","CAIS","N","G01331","TERMIN","N","1962-01-01","1985-12-31","24","30","29.17517204","-89.54763794"
"FLR STACK","4","20271","Chevron U.S.A. Inc.","FIXED","N","","","","1962-01-01","2002-10-11","40.8","87","29.09031544","-89.7586893"
"AUX","2","20271","Chevron U.S.A. Inc.","FIXED","Y","","","","1964-01-01","","","87","29.09298873","-89.75846901"
"4","1","20377","Chevron U.S.A. Inc.","CAIS","N","G01373","UNIT","S","1967-01-01","1992-05-16","25.4","45","29.450078","-88.971906"
"H","1","20382","Chevron U.S.A. Inc.","FIXED","Y","00375","UNIT","S","1965-01-01","2005-03-24","40.2","37","29.392883","-89.02605"
"HA(N)","2","20382","Chevron U.S.A. Inc.","WP","N","00375","UNIT","S","1971-01-01","2004-08-26","33.7","37","29.393362","-89.025779"
"KA","1","20384","Chevron U.S.A. Inc.","WP","N","G01452","UNIT","S","1966-01-01","1976-12-31","11","23","29.4088","-89.073782"
"DA","1","20395","Chevron U.S.A. Inc.","WP","N","00375","UNIT","S","1963-01-01","1999-06-16","36.5","35","29.409358","-89.034636"
"A","1","20459","Chevron U.S.A. Inc.","FIXED","Y","G01302","RELINQ","N","1971-01-01","1988-06-27","17.5","51","29.5422311","-88.72712283"
"6","2","20459","Chevron U.S.A. Inc.","CAIS","N","G01302","RELINQ","N","1971-01-01","1988-06-26","17.5","51","29.5422311","-88.72712283"
"A","1","20465","Chevron U.S.A. Inc.","FIXED","Y","G01312","UNIT","S","1971-01-01","2000-06-12","29.4","58","29.440591","-88.869842"
"2","2","20465","Chevron U.S.A. Inc.","CAIS","N","G01312","UNIT","S","1970-01-01","1999-06-29","29.5","58","29.440597","-88.870153"
"6","1","20472","Chevron U.S.A. Inc.","CAIS","N","G01367","UNIT","S","1965-01-01","1992-05-18","27.4","27","29.410487","-89.05828"
"1","1","20489","Chevron U.S.A. Inc.","CAIS","N","00691","TERMIN","N","1959-01-01","1985-12-31","27","30","29.175921","-89.534056"
"4","1","20490","Chevron U.S.A. Inc.","CAIS","N","00691","TERMIN","N","1962-01-01","1985-12-31","24","30","29.178772","-89.543406"
"E","1","20563","Chevron U.S.A. Inc.","FIXED","Y","00456","PROD","S","1963-01-01","1997-07-02","34.5","144","28.67684","-90.165734"
"D","1","20576","Chevron U.S.A. Inc.","FIXED","Y","00461","UNIT","S","1959-01-01","1990-09-07","31.7","130","28.626446","-90.238978"
"N","1","20577","Chevron U.S.A. Inc.","FIXED","Y","00461","UNIT","S","1967-01-01","1997-07-12","30.5","130","28.649008","-90.232814"
"T","1","20579","Chevron U.S.A. Inc.","FIXED","Y","00461","UNIT","S","1968-01-01","1997-07-12","29.5","130","28.642667","-90.232195"
"F","1","20580","Chevron U.S.A. Inc.","FIXED","Y","00461","UNIT","S","1962-01-01","1994-07-28","32.6","137","28.632745","-90.232399"
"A","1","20583","Chevron U.S.A. Inc.","FIXED","Y","00456","PROD","S","1958-01-01","1994-05-09","36.4","136","28.686296","-90.152864"
"G","1","20584","Chevron U.S.A. Inc.","FIXED","Y","00457","PROD","S","1966-01-01","2008-11-07","42.9","145","28.693582","-90.137073"
"A","1","20586","Chevron U.S.A. Inc.","FIXED","Y","G01259","TERMIN","N","1963-01-01","2009-06-02","46.4","140","28.510531","-90.385706"
"M","1","20606","Chevron U.S.A. Inc.","FIXED","Y","00462","UNIT","S","1966-01-01","2012-11-02","46.8","116","28.635033","-90.281892"
"K","1","20610","Chevron U.S.A. Inc.","FIXED","Y","00463","UNIT","S","1964-01-01","2007-11-17","43.9","137","28.616278","-90.256227"
"H","2","20610","Chevron U.S.A. Inc.","FIXED","Y","00463","UNIT","S","1964-01-01","1994-05-09","30.4","137","28.616677","-90.256257"
"O","1","20612","Chevron U.S.A. Inc.","FIXED","Y","00463","UNIT","S","1967-01-01","2009-05-16","42.4","137","28.615441","-90.252425"
"L","2","20614","Chevron U.S.A. Inc.","FIXED","N","00463","UNIT","S","1966-01-01","2000-06-07","34.4","140","28.616944","-90.262573"
"J","1","20614","Chevron U.S.A. Inc.","FIXED","Y","00463","UNIT","S","1962-01-01","2009-01-02","47","140","28.617575","-90.26338"
"I","1","20615","Chevron U.S.A. Inc.","FIXED","Y","00463","UNIT","S","1963-01-01","2012-11-14","49.9","128","28.625668","-90.272229"
"A-AUX","1","20634","Chevron U.S.A. Inc.","FIXED","N","00498","UNIT","S","1968-01-01","1994-09-07","26.7","103","28.67011793","-90.26396489"
"A","2","20634","Chevron U.S.A. Inc.","FIXED","N","00498","UNIT","S","1968-01-01","1988-09-26","20.7","103","28.67062337","-90.2639003"
"D","1","20649","Chevron U.S.A. Inc.","WP","N","G01259","TERMIN","N","1966-01-01","1993-05-01","27.3","137","28.512378","-90.402321"
"B","1","20650","Chevron U.S.A. Inc.","FIXED","Y","G01260","PROD","S","1965-01-01","1994-08-27","29.7","140","28.513183","-90.37242"
"B-AUX","2","20650","Chevron U.S.A. Inc.","FIXED","Y","G01260","PROD","S","1965-01-01","1994-08-27","29.7","140","28.51346","-90.372729"
"B-QRTRS","3","20650","Chevron U.S.A. Inc.","FIXED","N","G01260","PROD","S","1971-01-01","1994-08-27","23.7","140","28.513185","-90.372732"
"C","1","20651","Chevron U.S.A. Inc.","FIXED","Y","G01260","PROD","S","1966-01-01","1991-11-26","25.9","140","28.525452","-90.361691"
"A","1","20654","Chevron U.S.A. Inc.","FIXED","Y","G01572","PROD","S","1967-01-01","1999-09-05","32.7","142","28.500841","-90.39557"
"14","1","20671","Chevron U.S.A. Inc.","CAIS","N","00390","UNIT","S","1973-01-01","2004-07-19","31.5","24","29.064345","-90.119725"
"4","1","20726","Chevron U.S.A. Inc.","CAIS","N","G01240","PROD","S","1976-01-01","2015-12-10","39.9","58","28.875523","-90.487492"
"17","1","21044","Chevron U.S.A. Inc.","CAIS","N","G01443","RELINQ","N","1968-01-01","1997-06-05","29.4","49","28.982143","-90.230893"
"5","1","21046","Chevron U.S.A. Inc.","CAIS","N","G01443","RELINQ","N","1966-01-01","1997-06-10","31.4","48","28.989544","-90.227997"
"2","1","21047","Chevron U.S.A. Inc.","CAIS","N","G01443","RELINQ","N","1966-01-01","1997-06-09","31.4","48","28.989615","-90.236441"
"11","1","21048","Chevron U.S.A. Inc.","CAIS","N","G01443","RELINQ","N","1966-01-01","1997-06-05","31.4","50","28.98714","-90.236468"
"14","1","21053","Chevron U.S.A. Inc.","CAIS","N","G01443","RELINQ","N","1966-01-01","1974-12-31","9","45","28.986539","-90.219026"
"9","1","21056","Chevron U.S.A. Inc.","CAIS","N","G01443","RELINQ","N","1966-01-01","1997-06-07","31.4","48","28.989496","-90.222368"
"3","1","21058","Chevron U.S.A. Inc.","CAIS","N","G01443","RELINQ","N","1966-01-01","1997-06-11","31.4","48","28.989591","-90.233626"
"7","1","21060","Chevron U.S.A. Inc.","WP","N","G01443","RELINQ","N","1966-01-01","1997-06-07","31.4","48","28.989467","-90.218993"
"1","1","21061","Chevron U.S.A. Inc.","WP","N","G01443","RELINQ","N","1966-01-01","1997-06-07","31.4","48","28.989639","-90.239255"
"3","1","21231","Chevron U.S.A. Inc.","WP","N","G01623","UNIT","S","1970-01-01","1999-06-24","29.5","51","29.436914","-88.884236"
"FLR","3","21269","Chevron U.S.A. Inc.","FIXED","N","00392","UNIT","S","1962-01-01","1995-11-14","33.9","50","29.02743047","-90.11900905"
"Z","1","21269","Chevron U.S.A. Inc.","FIXED","Y","00392","UNIT","S","1984-01-01","2011-07-12","27.5","50","29.027441","-90.12026"
"CZ","2","21269","Chevron U.S.A. Inc.","WP","N","00392","UNIT","S","1962-01-01","1984-12-31","23","50","29.027438","-90.119948"
"FLARE","3","21271","Chevron U.S.A. Inc.","FIXED","N","G01331","TERMIN","N","1963-01-01","1995-08-07","32.6","28","29.191163","-89.576877"
"S/POWER/PROD.","1","21271","Chevron U.S.A. Inc.","FIXED","Y","G01331","TERMIN","N","1962-01-01","1995-09-08","33.7","28","29.191162","-89.577003"
"PWR","2","21271","Chevron U.S.A. Inc.","FIXED","Y","G01331","TERMIN","N","1963-01-01","1995-09-08","32.7","28","29.19116","-89.576877"
"F","3","21273","Chevron U.S.A. Inc.","FIXED","Y","00385","RELINQ","N","1955-01-01","","","23","29.142439","-89.610574"
"E","4","21273","Chevron U.S.A. Inc.","FIXED","Y","00385","RELINQ","N","1956-01-01","","","23","29.139644","-89.610496"
"H","5","21273","Chevron U.S.A. Inc.","FIXED","Y","00385","RELINQ","N","1956-01-01","","","23","29.142743","-89.611311"
"I-QRT","2","21273","Chevron U.S.A. Inc.","FIXED","N","00385","RELINQ","N","1956-01-01","","","23","29.14078","-89.607986"
"A","1","21273","Chevron U.S.A. Inc.","FIXED","Y","00385","RELINQ","N","1952-01-01","","","23","29.140784","-89.608299"
"9","1","21489","Chevron U.S.A. Inc.","CAIS","N","00369","UNIT","S","1961-01-01","2000-06-14","39.4","50","29.04718","-90.139823"
"42","1","21490","Chevron U.S.A. Inc.","CAIS","N","00369","UNIT","S","1973-01-01","2004-07-21","31.6","45","29.046752","-90.132965"
"6","1","21673","Chevron U.S.A. Inc.","CAIS","N","00386","UNIT","S","1963-01-01","1973-12-31","11","48","29.019667","-90.156018"
"16","1","21674","Chevron U.S.A. Inc.","CAIS","N","00386","UNIT","S","1965-01-01","1999-07-15","34.5","46","29.023831","-90.163056"
"12","1","21874","Chevron U.S.A. Inc.","CAIS","N","00370","UNIT","S","1971-01-01","1999-07-15","28.5","30","29.044418","-90.163615"
"A","1","21895","Chevron U.S.A. Inc.","FIXED","Y","G02445","RELINQ","N","1975-01-01","","","340","29.084538","-88.704538"
"B","1","21905","Chevron U.S.A. Inc.","WP","N","G01609","RELINQ","N","1975-01-01","1980-12-31","6","230","29.031224","-88.953744"
"V","1","21980","Chevron U.S.A. Inc.","FIXED","Y","00462","UNIT","S","1975-01-01","1994-08-12","19.6","122","28.636681","-90.266802"
"CH","1","21994","Chevron U.S.A. Inc.","FIXED","N","G01240","PROD","S","1977-01-01","2012-12-03","35.9","62","28.872729","-90.475338"
"P","1","21999","Chevron U.S.A. Inc.","WP","N","00390","UNIT","S","1956-01-01","2013-12-09","57.9","40","29.087258","-90.116064"
"31","1","22002","Chevron U.S.A. Inc.","CAIS","N","00369","UNIT","S","1956-01-01","1984-12-31","29","30","29.062509","-90.130117"
"10","1","22008","Chevron U.S.A. Inc.","WP","N","G01241","PROD","S","1977-01-01","2015-12-15","39","58","28.859907","-90.477556"
"24","1","22043","Chevron U.S.A. Inc.","CAIS","N","G01443","RELINQ","N","1977-01-01","1997-06-03","20.4","51","28.982516","-90.226197"
"12","1","22067","Chevron U.S.A. Inc.","WP","N","G01241","PROD","S","1977-01-01","1993-09-16","16.7","60","28.859494","-90.484181"
"A","1","22123","Chevron U.S.A. Inc.","FIXED","Y","G02184","RELINQ","N","1977-01-01","","","220","28.83066825","-89.40606141"
"B","1","22211","Chevron U.S.A. Inc.","FIXED","Y","G02444","RELINQ","N","1977-01-01","1990-07-20","13.5","395","29.062831","-88.742832"
"17","1","22318","Chevron U.S.A. Inc.","WP","N","00392","UNIT","S","1979-01-01","2000-06-20","21.5","54","29.0136574","-90.12497195"
"18","1","22326","Chevron U.S.A. Inc.","CAIS","N","00387","UNIT","S","1980-01-01","2010-05-20","30.4","48","29.025565","-90.137782"
"F","1","22356","Chevron U.S.A. Inc.","FIXED","Y","G02621","TERMIN","N","1980-01-01","1990-05-28","10.4","53","28.96703877","-90.31909686"
"B","1","22445","Chevron U.S.A. Inc.","FIXED","Y","G02955","TERMIN","N","1977-01-01","2022-12-16","46","180","29.405377","-88.584387"
"A","1","22564","Chevron U.S.A. Inc.","FIXED","Y","G02937","RELINQ","N","1977-01-01","","","184","28.834041","-89.453156"
"G","1","22573","Chevron U.S.A. Inc.","FIXED","Y","G02624","PROD","S","1982-01-01","2004-07-11","22.5","47","28.949845","-90.423678"
"D","1","22602","Chevron U.S.A. Inc.","FIXED","N","G02941","RELINQ","N","1981-01-01","","","180","28.839175","-89.412629"
"17","1","22648","Chevron U.S.A. Inc.","CAIS","N","G01241","PROD","S","1982-01-01","2012-10-09","30.8","60","28.858265","-90.478663"
"CC","1","22733","Chevron U.S.A. Inc.","WP","N","G02949","TERMIN","N","1982-01-01","2000-06-21","18.5","178","29.39172","-88.64556"
"C","1","22763","Chevron U.S.A. Inc.","FIXED","Y","G02184","RELINQ","N","1980-01-01","","","240","28.822233","-89.394955"
"B","1","22776","Chevron U.S.A. Inc.","FIXED","Y","G02940","RELINQ","N","1980-01-01","","","194","28.84389378","-89.39659466"
"B","1","22846","Chevron U.S.A. Inc.","FIXED","Y","G03206","TERMIN","N","1983-01-01","2011-10-12","28.8","480","28.901681","-89.023531"
"28","1","22893","Chevron U.S.A. Inc.","CAIS","N","00370","UNIT","S","1984-01-01","1999-07-10","15.5","42","29.03158338","-90.16733382"
"50","1","22984","Chevron U.S.A. Inc.","CAIS","N","00369","UNIT","S","1984-01-01","2010-05-16","26.4","50","29.03503922","-90.13835827"
"10","1","23002","Chevron U.S.A. Inc.","WP","N","G01240","PROD","S","1984-01-01","2015-10-30","31.8","60","28.882216","-90.485774"
"A","1","23005","Chevron U.S.A. Inc.","FIXED","Y","G04481","RELINQ","N","1983-01-01","","","160","29.180795","-88.90307"
"A","1","23022","Chevron U.S.A. Inc.","FIXED","Y","G04473","RELINQ","N","1984-01-01","","","39","29.121449","-89.547345"
"A","1","23070","Chevron U.S.A. Inc.","FIXED","Y","G05734","TERMIN","N","1984-01-01","2009-07-30","25.6","40","29.822753","-88.763206"
"7","1","23087","Chevron U.S.A. Inc.","CAIS","N","00373","UNIT","S","1985-01-01","2011-10-21","26.8","53","29.39712035","-88.95799638"
"36","1","23088","Chevron U.S.A. Inc.","CAIS","N","00374","UNIT","S","1985-01-01","2014-03-18","29.2","53","29.400632","-88.967887"
"A","1","23111","Chevron U.S.A. Inc.","FIXED","Y","G05730","TERMIN","N","1985-01-01","1996-09-17","11.7","250","29.239382","-88.692859"
"20","1","23148","Chevron U.S.A. Inc.","CAIS","N","00387","UNIT","S","1984-01-01","2010-11-11","26.9","47","29.029436","-90.134075"
"5","1","23214","Chevron U.S.A. Inc.","CAIS","N","G01312","UNIT","S","1985-01-01","1999-06-19","14.5","55","29.446672","-88.847388"
"34","1","23215","Chevron U.S.A. Inc.","CAIS","N","00374","UNIT","S","1985-01-01","2014-03-21","29.2","40","29.40477","-88.968575"
"11","1","23221","Chevron U.S.A. Inc.","CAIS","N","G01372","UNIT","S","1984-01-01","2011-10-24","27.8","20","29.430049","-89.056265"
"CD","1","23242","Chevron U.S.A. Inc.","FIXED","Y","G04263","TERMIN","N","1985-01-01","1993-11-18","8.9","96","29.497962","-88.67869"
"AA","1","23266","Chevron U.S.A. Inc.","FIXED","Y","G05660","TERMIN","N","1986-01-01","2016-10-15","30.8","219","28.670031","-90.129214"
"4 (29 & 29D)","1","23269","Chevron U.S.A. Inc.","CAIS","N","G01240","PROD","S","1986-01-01","2008-11-18","22.9","58","28.908321","-90.490279"
"5 (30 & 30D)","2","23269","Chevron U.S.A. Inc.","CAIS","N","G01240","PROD","S","1987-01-01","2008-11-20","21.9","58","28.908357","-90.490382"
"7","1","23424","Chevron U.S.A. Inc.","CAIS","N","G01312","UNIT","S","1987-01-01","1999-07-03","12.5","60","29.446689","-88.841024"
"6","1","23425","Chevron U.S.A. Inc.","CAIS","N","G01312","UNIT","S","1987-01-01","1999-07-03","12.5","60","29.442903","-88.851723"
"1","1","23431","Chevron U.S.A. Inc.","CAIS","N","G05063","TERMIN","N","1987-01-01","1999-06-13","12.4","55","30.115473","-88.404616"
"A","1","23448","Chevron U.S.A. Inc.","CAIS","N","G08778","TERMIN","N","1988-01-01","2007-03-20","19.2","119","29.701045","-88.182664"
"EZ","1","23493","Chevron U.S.A. Inc.","CAIS","N","G03336","PROD","S","1988-01-01","2009-09-01","21.7","50","28.914036","-90.467408"
"5(Removed)","1","23511","Chevron U.S.A. Inc.","CAIS","N","G03336","PROD","S","1987-01-01","1997-09-27","10.7","48","28.944489","-90.464902"
"6","1","23544","Chevron U.S.A. Inc.","CAIS","N","G03336","PROD","S","1987-01-01","1997-09-28","10.7","50","28.927851","-90.467233"
"1","1","23854","Chevron U.S.A. Inc.","CAIS","N","G07849","RELINQ","N","1990-01-01","2007-04-18","17.3","69","30.049804","-88.53343"
"1","1","23855","Chevron U.S.A. Inc.","CAIS","N","G07847","TERMIN","N","1990-01-01","2004-10-09","14.8","65","30.053182","-88.646178"
"A","1","23856","Chevron U.S.A. Inc.","FIXED","Y","","","","1990-01-01","2016-04-21","26.3","89","29.97623171","-88.60469272"
"14","1","23863","Chevron U.S.A. Inc.","FIXED","N","00384","RELINQ","N","1991-01-01","","","35","29.131147","-89.579021"
"A","1","23870","Chevron U.S.A. Inc.","CAIS","N","","","","1991-01-01","2015-04-27","24.3","77","29.972976","-88.604173"
"2","1","23884","Chevron U.S.A. Inc.","WP","N","G05070","TERMIN","N","1991-01-01","1992-12-20","2","181","30.078916","-88.420397"
"A","1","24109","Chevron U.S.A. Inc.","CAIS","N","G06868","TERMIN","N","1991-01-01","2004-09-27","13.7","102","29.940088","-88.376851"
"8","1","24164","Chevron U.S.A. Inc.","CAIS","N","G01373","UNIT","S","1975-01-01","2008-10-26","33.8","41","29.415942","-89.011032"
"7","1","20520","Chevron U.S.A. Inc.","WP","N","00820","TERMIN","N","1968-01-01","2008-09-20","40.7","65","28.652416","-90.996067"
"D","1","20522","Chevron U.S.A. Inc.","FIXED","Y","00420","TERMIN","N","1957-01-01","1992-12-24","36","57","28.697978","-91.231334"
"B","1","20536","Chevron U.S.A. Inc.","FIXED","Y","G00983","PROD","S","1965-01-01","1999-06-12","34.4","148","28.512465","-91.529461"
"A-AUX1","2","20678","Chevron U.S.A. Inc.","WP","N","00820","TERMIN","N","1960-01-01","2007-07-26","47.6","54","28.660051","-91.008043"
"A","1","20678","Chevron U.S.A. Inc.","FIXED","Y","00820","TERMIN","N","1961-01-01","2006-11-11","45.9","54","28.660052","-91.008358"
"7","1","20690","Chevron U.S.A. Inc.","CAIS","N","00260","EXPIR","N","1963-01-01","1976-12-31","14","11","29.308565","-91.520445"
"A","1","20691","Chevron U.S.A. Inc.","CAIS","N","00260","EXPIR","N","1950-01-01","1976-12-31","27","11","29.311004","-91.518934"
"1","1","20720","Chevron U.S.A. Inc.","CAIS","N","G01234","RELINQ","N","1964-01-01","1975-12-31","12","55","28.880043","-90.509233"
"2","1","20763","Chevron U.S.A. Inc.","CAIS","N","G01007","TERMIN","N","1962-01-01","1993-01-28","31.1","20","28.865594","-91.120925"
"3","1","20764","Chevron U.S.A. Inc.","CAIS","N","G01007","TERMIN","N","1962-01-01","1975-12-31","14","20","28.865602","-91.12561"
"4","1","20765","Chevron U.S.A. Inc.","CAIS","N","G01007","TERMIN","N","1962-01-01","1975-12-31","14","20","28.865586","-91.11624"
"A","1","20766","Chevron U.S.A. Inc.","WP","N","00814","RELINQ","N","1957-01-01","1990-12-31","34","21","28.85478489","-91.14054033"
"16","1","20767","Chevron U.S.A. Inc.","CAIS","N","00814","RELINQ","N","1961-01-01","1995-08-23","34.6","22","28.853806","-91.109475"
"18","1","20768","Chevron U.S.A. Inc.","CAIS","N","00814","RELINQ","N","1961-01-01","1988-05-17","27.4","20","28.855606","-91.136441"
"19","1","20769","Chevron U.S.A. Inc.","CAIS","N","00814","RELINQ","N","1962-01-01","1993-11-19","31.9","21","28.84811","-91.124085"
"22","1","20771","Chevron U.S.A. Inc.","CAIS","N","00814","RELINQ","N","1962-01-01","1993-11-19","31.9","20","28.861848","-91.127242"
"23","1","20772","Chevron U.S.A. Inc.","CAIS","N","00814","RELINQ","N","1962-01-01","2007-03-17","45.2","21","28.843683","-91.131208"
"25","1","20773","Chevron U.S.A. Inc.","CAIS","N","00814","RELINQ","N","1963-01-01","1993-11-19","30.9","21","28.848158","-91.130019"
"26","1","20774","Chevron U.S.A. Inc.","CAIS","N","00814","RELINQ","N","1963-01-01","1984-12-31","22","23","28.841603","-91.126597"
"27","1","20775","Chevron U.S.A. Inc.","CAIS","N","00814","RELINQ","N","1963-01-01","1993-11-19","30.9","20","28.86042","-91.130375"
"28","1","20776","Chevron U.S.A. Inc.","CAIS","N","00814","RELINQ","N","1963-01-01","1993-11-19","30.9","22","28.846457","-91.12708"
"30","1","20777","Chevron U.S.A. Inc.","CAIS","N","00814","RELINQ","N","1964-01-01","1984-12-31","21","22","28.845912","-91.120067"
"31","1","20778","Chevron U.S.A. Inc.","CAIS","N","00814","RELINQ","N","1964-01-01","1993-11-19","29.9","22","28.83789068","-91.13378677"
"32","1","20779","Chevron U.S.A. Inc.","CAIS","N","00814","RELINQ","N","1964-01-01","2007-03-22","43.2","21","28.84692816","-91.13477141"
"33","1","20780","Chevron U.S.A. Inc.","CAIS","N","00814","RELINQ","N","1964-01-01","1988-05-20","24.4","22","28.85009432","-91.11982703"
"34","1","20781","Chevron U.S.A. Inc.","CAIS","N","00814","RELINQ","N","1965-01-01","2002-09-18","37.7","25","28.856537","-91.128275"
"36","1","20782","Chevron U.S.A. Inc.","CAIS","N","00814","RELINQ","N","1967-01-01","1995-08-23","28.6","22","28.85223959","-91.12688726"
"38","1","20784","Chevron U.S.A. Inc.","CAIS","N","00814","RELINQ","N","1967-01-01","1988-05-19","21.4","21","28.845037","-91.128323"
"37","1","20785","Chevron U.S.A. Inc.","CAIS","N","00814","RELINQ","N","1967-01-01","1979-12-31","13","22","28.853539","-91.131538"
"39","1","20786","Chevron U.S.A. Inc.","CAIS","N","00814","RELINQ","N","1969-01-01","1997-06-16","28.5","21","28.84412449","-91.12496449"
"9","1","20791","Chevron U.S.A. Inc.","CAIS","N","00814","RELINQ","N","1961-01-01","1993-11-19","32.9","20","28.845342","-91.112692"
"20","1","20913","Chevron U.S.A. Inc.","CAIS","N","00814","RELINQ","N","1962-01-01","1995-08-23","33.6","20","28.861802","-91.122451"
"29","2","20913","Chevron U.S.A. Inc.","CAIS","N","00814","RELINQ","N","1973-01-01","1988-05-19","15.4","20","28.861934","-91.122376"
"15","4","20914","Chevron U.S.A. Inc.","CAIS","N","00814","RELINQ","N","1961-01-01","1995-08-23","34.6","20","28.85814881","-91.11339445"
"10","1","20914","Chevron U.S.A. Inc.","CAIS","N","00814","RELINQ","N","1961-01-01","2003-09-28","42.7","20","28.858142","-91.112867"
"12","2","20914","Chevron U.S.A. Inc.","CAIS","N","00814","RELINQ","N","1961-01-01","","","20","28.857987","-91.113401"
"CE-MAN","3","20914","Chevron U.S.A. Inc.","FIXED","N","00814","RELINQ","N","1961-01-01","2003-09-24","42.7","20","28.857987","-91.113401"
"CA","1","20919","Chevron U.S.A. Inc.","WP","N","G00980","RELINQ","N","1968-01-01","2008-10-20","40.8","111","28.597691","-91.455006"
"A-PRD","2","20919","Chevron U.S.A. Inc.","FIXED","Y","G00980","RELINQ","N","1970-01-01","2008-10-19","38.8","111","28.5976909","-91.45516476"
"CB","1","20921","Chevron U.S.A. Inc.","WP","N","G00980","RELINQ","N","1971-01-01","2004-10-26","33.8","106","28.602009","-91.472732"
"12","1","21113","Chevron U.S.A. Inc.","CAIS","N","G01238","TERMIN","N","1965-01-01","1984-12-31","20","60","28.836722","-90.635146"
"CB","1","21114","Chevron U.S.A. Inc.","WP","N","G01238","TERMIN","N","1962-01-01","1984-12-31","23","61","28.835028","-90.621911"
"8","1","21507","Chevron U.S.A. Inc.","CAIS","N","00260","EXPIR","N","1963-01-01","1976-12-31","14","11","29.305666","-91.52044"
"9","1","21508","Chevron U.S.A. Inc.","CAIS","N","00260","EXPIR","N","1966-01-01","1976-12-31","11","12","29.296934","-91.520424"
"11","1","21509","Chevron U.S.A. Inc.","CAIS","N","00260","EXPIR","N","1967-01-01","1976-12-31","10","11","29.317995","-91.502421"
"1","1","21516","Chevron U.S.A. Inc.","CAIS","N","G02098","TERMIN","N","1971-01-01","2003-10-09","32.8","25","29.182525","-91.609498"
"2","1","21518","Chevron U.S.A. Inc.","CAIS","N","G02099","TERMIN","N","1972-01-01","2012-09-09","40.7","16","29.140762","-91.639243"
"A","2","21518","Chevron U.S.A. Inc.","FIXED","Y","G02099","TERMIN","N","1975-01-01","2012-09-09","37.7","16","29.140763","-91.63893"
"BH","3","21518","Chevron U.S.A. Inc.","FIXED","N","G02099","TERMIN","N","1975-01-01","2012-09-04","37.7","16","29.140761","-91.639556"
"3","1","21519","Chevron U.S.A. Inc.","CAIS","N","G02099","TERMIN","N","1972-01-01","2012-08-23","40.6","18","29.136275","-91.635524"
"4","1","21520","Chevron U.S.A. Inc.","CAIS","N","G02099","TERMIN","N","1972-01-01","1995-09-17","23.7","18","29.136839","-91.629105"
"A","1","21582","Chevron U.S.A. Inc.","FIXED","Y","G02118","PROD","S","1972-01-01","2010-10-15","38.8","253","28.206843","-91.685848"
"B","1","21583","Chevron U.S.A. Inc.","FIXED","Y","G02318","PROD","S","1973-01-01","2012-09-24","39.7","260","28.200863","-91.656393"
"A","1","23152","Southland Royalty Company","FIXED","Y","G05405","TERMIN","N","1985-01-01","1990-07-27","5.6","35","29.221837","-92.308026"
"B","1","20177","Apache Corporation","FIXED","Y","G01072","TERMIN","N","1969-01-01","2014-11-10","45.9","90","29.069291","-89.805534"
"A","1","20178","Apache Corporation","FIXED","N","G01072","TERMIN","N","1966-01-01","2014-10-27","48.8","90","29.094009","-89.78398"
"E","1","20222","Apache Corporation","FIXED","Y","G01106","TERMIN","N","1967-01-01","1999-06-02","32.4","292","28.722232","-89.68657"
"B","1","20233","Apache Corporation","FIXED","Y","G01073","TERMIN","N","1964-01-01","2014-11-04","50.8","83","29.099368","-89.767935"
"3","1","20442","Apache Corporation","CAIS","N","G01963","TERMIN","N","1970-01-01","2004-07-14","34.5","37","29.573595","-88.890176"
"4","1","20443","Apache Corporation","CAIS","N","G01963","TERMIN","N","1970-01-01","2004-08-17","34.6","37","29.582639","-88.873749"
"A","1","20956","Apache Corporation","FIXED","N","G01249","TERMIN","N","1966-01-01","2012-12-03","46.9","120","28.55726379","-90.43533296"
"B","1","20958","Apache Corporation","FIXED","Y","G01248","PROD","S","1969-01-01","2007-11-17","38.9","120","28.553215","-90.426095"
"D","2","20958","Apache Corporation","FIXED","Y","G01248","PROD","S","1979-01-01","2007-11-21","28.9","120","28.552977","-90.426661"
"A","1","20959","Apache Corporation","FIXED","Y","G01248","PROD","S","1964-01-01","2008-08-29","44.7","117","28.569312","-90.408951"
"2","1","21481","Apache Corporation","CAIS","N","G01622","TERMIN","N","1970-01-01","1991-09-16","21.7","38","29.560421","-88.877781"
"5","1","21585","Apache Corporation","CAIS","N","G01622","TERMIN","N","1971-01-01","2004-08-04","33.6","39","29.569708","-88.895651"
"A","1","21591","Apache Corporation","FIXED","Y","G01667","TERMIN","N","1968-01-01","2008-06-14","40.5","289","29.256359","-88.451533"
"C","1","21817","Apache Corporation","FIXED","Y","G01073","TERMIN","N","1964-01-01","1994-10-28","30.8","83","29.104504","-89.753015"
"A","1","22583","Apache Corporation","FIXED","Y","G02640","TERMIN","N","1980-01-01","2015-09-15","35.7","651","28.795115","-89.176848"
"A","1","22612","Apache Corporation","FIXED","N","G03596","TERMIN","N","1982-01-01","2008-09-22","26.7","60","29.122874","-89.896939"
"A","1","22742","Apache Corporation","FIXED","Y","G02951","TERMIN","N","1982-01-01","2008-10-02","26.8","174","29.188639","-88.886551"
"1","1","22818","Apache Corporation","CAIS","N","G03596","TERMIN","N","1983-01-01","2008-09-05","25.7","40","29.1181686","-89.89910785"
"A","1","23435","Apache Corporation","WP","N","G05716","TERMIN","N","1988-01-01","1995-12-12","7.9","170","29.471196","-88.464165"
"A","1","23453","Apache Corporation","FIXED","Y","G04010","TERMIN","N","1988-01-01","2000-10-13","12.8","95","29.391999","-88.814417"
"A","1","23803","Apache Corporation","FIXED","Y","G12965","TERMIN","N","1989-01-01","1992-09-13","3.7","89","28.593912","-90.596108"
"A","1","23818","Apache Corporation","FIXED","Y","G05618","TERMIN","N","1989-01-01","2001-09-09","12.7","156","28.395183","-90.493364"
"A","1","23819","Apache Corporation","FIXED","Y","G05659","TERMIN","N","1989-01-01","2007-08-28","18.7","203","28.685636","-89.959244"
"A","3","23820","Apache Corporation","WP","N","G06767","TERMIN","N","1990-01-01","1992-09-11","2.7","75","28.59596056","-90.62227178"
"B","1","23820","Apache Corporation","FIXED","N","G06767","TERMIN","N","1992-12-12","2000-09-08","7.7","75","28.596018","-90.622268"
"A-PRD","2","23820","Apache Corporation","FIXED","Y","G06767","TERMIN","N","1990-01-01","2000-09-08","10.7","75","28.595974","-90.622244"
"A","1","23891","Apache Corporation","FIXED","Y","","","","1991-01-01","2016-07-03","25.5","531","28.84125","-89.139573"
"H","1","24113","Apache Corporation","CAIS","N","G01085","RELINQ","N","1991-01-01","2007-10-29","16.8","205","28.987546","-89.650474"
"C","1","24131","Apache Corporation","WP","N","G12965","TERMIN","N","1992-10-14","2000-09-03","7.9","89","28.593948","-90.596114"
"A","1","20069","Apache Corporation","FIXED","Y","G02109","TERMIN","N","1972-01-01","2012-09-28","40.7","225","28.32315","-91.606751"
"D","1","20324","Apache Corporation","FIXED","Y","00438","TERMIN","N","1969-01-01","2023-05-17","54.4","83","28.801976","-91.717542"
"A","1","20591","Apache Corporation","FIXED","Y","G02105","TERMIN","N","1972-01-01","2011-08-31","39.7","210","28.34688","-91.559587"
"C","1","20688","Apache Corporation","FIXED","Y","00443","TERMIN","N","1967-01-01","2011-08-23","44.6","65","28.749229","-91.395832"
"A","1","20745","Apache Corporation","FIXED","N","","","","1958-01-01","","","70","28.75362","-91.389472"
"A-QTR","2","20745","Apache Corporation","FIXED","N","","","","1958-01-01","1996-07-03","38.5","70","28.75362","-91.38916"
"P-VALVE","3","20745","Apache Corporation","FIXED","N","","","","1995-07-22","","","70","28.753825","-91.389207"
"2","1","20747","Apache Corporation","WP","N","00423","TERMIN","N","1959-01-01","2005-08-01","46.6","65","28.750987","-91.372997"
"3","1","20748","Apache Corporation","WP","N","00423","TERMIN","N","1959-01-01","2005-08-03","46.6","65","28.750988","-91.368878"
"6","1","20750","Apache Corporation","WP","N","00423","TERMIN","N","1959-01-01","2005-07-31","46.6","65","28.752669","-91.375057"
"8","1","20751","Apache Corporation","WP","N","00423","TERMIN","N","1960-01-01","2005-08-04","45.6","65","28.754509","-91.373179"
"15","1","20802","Apache Corporation","CAIS","N","00071","RELINQ","N","1969-01-01","2011-01-20","42.1","30","28.906304","-90.725391"
"14","1","20803","Apache Corporation","CAIS","N","00071","RELINQ","N","1969-01-01","1978-12-31","10","24","28.904364","-90.722278"
"10","1","20804","Apache Corporation","CAIS","N","00071","RELINQ","N","1967-01-01","2001-12-04","34.9","35","28.92588","-90.713396"
"7","1","20805","Apache Corporation","CAIS","N","00071","RELINQ","N","1966-01-01","2011-02-06","45.1","28","28.924244","-90.710281"
"4","1","20812","Apache Corporation","CAIS","N","00049","TERMIN","N","1962-01-01","2012-07-17","50.5","35","28.98887571","-91.48897668"
"15","1","20821","Apache Corporation","CAIS","N","00049","TERMIN","N","1964-01-01","2012-09-05","48.7","35","28.99685389","-91.48507935"
"26","1","20825","Apache Corporation","CAIS","N","00049","TERMIN","N","1967-01-01","2012-09-04","45.7","37","28.97999081","-91.49121454"
"27","1","20826","Apache Corporation","CAIS","N","00049","TERMIN","N","1968-01-01","2012-07-15","44.5","45","28.99114307","-91.49007482"
"2","1","20831","Apache Corporation","CAIS","N","00051","TERMIN","N","1960-01-01","2022-12-11","62.9","41","28.962401","-91.470958"
"F","1","20840","Apache Corporation","FIXED","Y","00049","TERMIN","N","1953-01-01","2023-06-30","70.5","39","28.982538","-91.483651"
"I-8","2","20842","Apache Corporation","CAIS","N","00049","TERMIN","N","2003-01-01","2023-06-08","20.4","40","28.99046165","-91.47518049"
"I","1","20842","Apache Corporation","FIXED","Y","00049","TERMIN","N","1955-01-01","2023-06-06","68.4","40","28.990335","-91.475262"
"K","1","20844","Apache Corporation","FIXED","Y","00049","TERMIN","N","1990-01-01","2023-07-20","33.5","38","28.978686","-91.482951"
"M","1","20845","Apache Corporation","WP","N","00049","TERMIN","N","1956-01-01","1989-10-26","33.8","38","28.975571","-91.484747"
"M-4","2","20845","Apache Corporation","FIXED","N","00049","TERMIN","N","1989-01-01","2023-07-10","34.5","38","28.97552718","-91.48471264"
"A","1","20863","Apache Corporation","FIXED","Y","00051","TERMIN","N","1949-01-01","2023-06-29","74.5","39","28.960943","-91.47376"
"B","1","21006","Apache Corporation","FIXED","Y","G00987","TERMIN","N","1970-01-01","2015-09-05","45.7","184","28.42598132","-91.60190891"
"4","1","21190","Apache Corporation","CAIS","N","G01524","TERMIN","N","1969-01-01","2005-05-05","36.3","107","28.501671","-90.966412"
"1","1","21209","Apache Corporation","CAIS","N","G01520","TERMIN","N","1968-01-01","2008-05-20","40.4","103","28.52204","-91.097744"
"B","1","21228","Apache Corporation","FIXED","Y","G01523","TERMIN","N","1968-01-01","2009-01-24","41.1","100","28.537078","-90.963613"
"WF","2","21228","Apache Corporation","FIXED","Y","G01523","TERMIN","N","1972-01-01","2008-06-24","36.5","100","28.537077","-90.963301"
"7","1","21342","Apache Corporation","CAIS","N","00046","TERMIN","N","1970-01-01","1980-12-31","11","20","29.078629","-91.703494"
"2","1","21351","Apache Corporation","CAIS","N","00228","TERMIN","N","1959-01-01","1994-10-13","35.8","22","29.081239","-91.758402"
"5 & 8","1","21356","Apache Corporation","WP","N","00797","TERMIN","N","1961-01-01","2012-07-07","51.5","24","29.043606","-91.448019"
"B","1","21434","Apache Corporation","FIXED","Y","G01043","TERMIN","N","1970-01-01","2017-05-07","47.3","236","28.281722","-91.201497"
"10","1","21445","Apache Corporation","WP","N","G01220","TERMIN","N","1969-01-01","2011-07-05","42.5","82","28.815343","-91.752318"
"14","1","21446","Apache Corporation","FIXED","Y","G01220","TERMIN","N","1969-01-01","2023-09-15","54.7","82","28.81869561","-91.73558977"
"JB","1","21447","Apache Corporation","FIXED","Y","G01220","TERMIN","N","1968-01-01","2023-10-18","55.8","80","28.815222","-91.726725"
"JC","1","21451","Apache Corporation","FIXED","N","","","","1968-01-01","2009-08-14","41.6","83","28.805711","-91.760438"
"6","1","21531","Apache Corporation","WP","N","00228","TERMIN","N","1959-01-01","1992-12-17","34","22","29.087363","-91.760923"
"3","1","21532","Apache Corporation","CAIS","N","00046","TERMIN","N","1967-01-01","1993-11-10","26.9","17","29.068879","-91.699155"
"12","1","21533","Apache Corporation","CAIS","N","00046","TERMIN","N","1971-01-01","1993-11-08","22.9","19","29.074372","-91.701679"
"B","1","21578","Apache Corporation","FIXED","Y","G02109","TERMIN","N","1973-01-01","2012-07-26","39.6","225","28.301003","-91.603181"
"B","1","21772","Apache Corporation","FIXED","Y","G02317","TERMIN","N","1974-01-01","2023-06-29","49.5","240","28.24831164","-91.84840639"
"A","1","21870","Apache Corporation","FIXED","Y","G02327","TERMIN","N","1976-01-01","2011-05-29","35.4","337","28.032706","-91.7641"
"9","1","21926","Apache Corporation","CAIS","N","00050","TERMIN","N","1976-01-01","2023-06-15","47.5","37","28.987465","-91.457778"
"2A","1","22088","Apache Corporation","CAIS","N","G02925","TERMIN","N","1976-01-01","2022-12-08","46.9","35","28.945913","-90.704832"
"10-8","2","22088","Apache Corporation","CAIS","N","G02925","TERMIN","N","1979-01-01","2022-12-08","43.9","35","28.94597","-90.704672"
"9-1-A","3","22088","Apache Corporation","CAIS","N","G02925","TERMIN","N","1979-01-01","2022-12-08","43.9","35","28.945959","-90.704741"
"C","4","22088","Apache Corporation","FIXED","Y","G02925","TERMIN","N","1979-01-01","2022-12-08","43.9","35","28.9459127","-90.70476664"
"3A","1","22089","Apache Corporation","CAIS","N","G02925","TERMIN","N","1976-01-01","2022-12-27","47","35","28.94541","-90.744373"
"D","3","22089","Apache Corporation","FIXED","Y","G02925","TERMIN","N","1980-01-01","2022-12-27","43","35","28.945451","-90.744336"
"16","4","22089","Apache Corporation","CAIS","N","G02925","TERMIN","N","1984-01-01","2022-12-27","39","35","28.945581","-90.744417"
"7","2","22089","Apache Corporation","CAIS","N","G02925","TERMIN","N","1978-01-01","2022-12-27","45","35","28.945543","-90.744445"
"17","1","22191","Apache Corporation","CAIS","N","00071","RELINQ","N","1978-01-01","2022-11-06","44.8","40","28.930671","-90.74869"
"18","1","22197","Apache Corporation","CAIS","N","00071","RELINQ","N","1978-01-01","2001-11-15","23.9","40","28.93054","-90.711555"
"1","1","22301","Apache Corporation","CAIS","N","G02917","RELINQ","N","1979-01-01","2013-09-29","34.7","30","28.944943","-90.760391"
"4","1","22357","Apache Corporation","CAIS","N","G02924","TERMIN","N","1980-01-01","2011-06-26","31.5","40","28.941749","-90.656189"
"6","1","22358","Apache Corporation","CAIS","N","G02924","TERMIN","N","1980-01-01","2022-11-08","42.9","40","28.940847","-90.699862"
"A","1","22422","Apache Corporation","FIXED","Y","G04234","TERMIN","N","1980-01-01","2022-12-04","42.9","30","28.982174","-90.741561"
"14","2","22442","Apache Corporation","CAIS","N","G02925","TERMIN","N","1981-01-01","2023-01-02","42","30","28.958229","-90.709814"
"2(2924)","3","22442","Apache Corporation","CAIS","N","G02925","TERMIN","N","1981-01-01","2023-01-02","42","30","28.958174","-90.709758"
"11","1","22442","Apache Corporation","CAIS","N","G02925","TERMIN","N","1980-01-01","2023-01-02","43","30","28.958174","-90.709758"
"7","1","22468","Apache Corporation","CAIS","N","G02924","TERMIN","N","1981-01-01","2022-11-09","41.9","35","28.9412654","-90.68928106"
"H","1","22532","Apache Corporation","WP","Y","00802","RELINQ","N","1981-01-01","2007-08-14","26.6","93","28.714819","-91.632242"
"C","1","22575","Apache Corporation","WP","N","G00987","TERMIN","N","1982-01-01","2015-07-27","33.6","184","28.432529","-91.572549"
"C-PRD","2","22575","Apache Corporation","FIXED","Y","G00987","TERMIN","N","1982-01-01","2015-07-30","33.6","184","28.432529","-91.572549"
"E","1","22627","Apache Corporation","FIXED","Y","G02925","TERMIN","N","1982-01-01","2022-11-27","40.9","30","28.961971","-90.71742"
"23","3","22627","Apache Corporation","CAIS","N","G02925","TERMIN","N","1990-01-01","2022-11-27","32.9","30","28.962092","-90.717376"
"12","2","22627","Apache Corporation","CAIS","N","G02925","TERMIN","N","1981-01-01","2022-11-27","41.9","30","28.962095","-90.71741"
"9","1","22639","Apache Corporation","CAIS","N","00228","TERMIN","N","1982-01-01","1998-08-23","16.6","23","29.085048","-91.758477"
"JA","1","22678","Apache Corporation","FIXED","Y","00443","TERMIN","N","1982-01-01","2011-07-14","29.5","70","28.744165","-91.408124"
"15","1","22731","Apache Corporation","CAIS","N","G02925","TERMIN","N","1983-01-01","2011-07-20","28.5","35","28.973744","-90.732333"
"19","1","22770","Apache Corporation","CAIS","N","G02925","TERMIN","N","1983-01-01","2022-11-16","39.9","35","28.954259","-90.745851"
"F","1","22797","Apache Corporation","WP","N","G03996","RELINQ","N","1983-01-01","1998-05-31","15.4","172","28.443086","-91.372546"
"8","1","22814","Apache Corporation","CAIS","N","G02924","TERMIN","N","1982-01-01","2011-06-26","29.5","40","28.941727","-90.656092"
"22","1","22959","Apache Corporation","CAIS","N","00071","RELINQ","N","1984-01-01","2022-11-07","38.9","37","28.940812","-90.702051"
"G","1","23003","Apache Corporation","FIXED","N","G13622","TERMIN","N","1986-07-30","2023-09-07","37.1","79","28.8","-91.66"
"17","1","23060","Apache Corporation","CAIS","N","G02925","TERMIN","N","1984-01-01","2023-01-04","39","40","28.942918","-90.711103"
"7","1","23075","Apache Corporation","CAIS","N","G03811","TERMIN","N","1985-01-01","2013-07-05","28.5","26","29.02881426","-91.57995367"
"9","1","23128","Apache Corporation","CAIS","N","G02924","TERMIN","N","1985-01-01","1994-08-29","9.7","40","28.940816","-90.692379"
"24","1","23134","Apache Corporation","CAIS","N","00071","RELINQ","N","1985-01-01","2011-06-29","26.5","35","28.939757","-90.740935"
"A","1","23173","Apache Corporation","FIXED","Y","G05503","TERMIN","N","1985-01-01","2023-08-09","38.6","86","28.650326","-91.33622"
"9","1","23310","Apache Corporation","CAIS","N","G03811","TERMIN","N","1987-01-01","2012-07-14","25.5","26","29.032791","-91.574857"
"11","1","23323","Apache Corporation","CAIS","N","00050","TERMIN","N","1988-01-01","2023-06-18","35.5","36","28.987888","-91.467142"
"18","1","23545","Apache Corporation","CAIS","N","G02925","TERMIN","N","1987-01-01","1993-07-11","6.5","35","28.944495","-90.738619"
"20","1","23555","Apache Corporation","CAIS","N","G02925","TERMIN","N","1988-01-01","2022-11-17","34.9","40","28.97775029","-90.74057818"
"30","1","23571","Apache Corporation","FIXED","N","00049","TERMIN","N","1989-01-01","2023-08-16","34.6","36","28.98266648","-91.47942262"
"R","1","23572","Apache Corporation","FIXED","N","00051","TERMIN","N","1989-01-01","2022-12-17","34","40","28.964861","-91.471183"
"2","1","23584","Apache Corporation","CAIS","N","G02917","RELINQ","N","1989-01-01","2023-05-07","34.3","41","28.971546","-90.759693"
"F","2","23584","Apache Corporation","FIXED","Y","G02917","RELINQ","N","1991-01-01","2023-05-09","32.4","41","28.971552","-90.759653"
"4","3","23584","Apache Corporation","CAIS","N","G02917","RELINQ","N","1991-01-01","2023-05-09","32.4","41","28.971579","-90.759621"
"21","4","23584","Apache Corporation","CAIS","N","G02917","RELINQ","N","1990-01-01","1992-12-31","3","41","28.971579","-90.75959"
"05","5","23584","Apache Corporation","CAIS","N","G02917","RELINQ","N","1992-01-01","2023-05-09","31.4","41","28.97157844","-90.75949326"
"A","1","23914","Apache Corporation","FIXED","Y","G10775","TERMIN","N","1990-01-01","2008-06-22","18.5","76","28.583747","-90.891041"
"13","1","23923","Apache Corporation","CAIS","N","G03811","TERMIN","N","1990-01-01","2012-08-16","22.6","25","29.03957802","-91.58051823"
"A","1","23952","Apache Corporation","FIXED","Y","G11952","TERMIN","N","1992-01-01","2013-06-27","21.5","62","28.822177","-91.542565"
"31","1","23967","Apache Corporation","CAIS","N","00052","TERMIN","N","1991-01-01","2023-07-05","32.5","50","28.9692652","-91.4851066"
"M-7","1","23971","Apache Corporation","CAIS","N","00049","TERMIN","N","1989-01-01","2024-07-01","35.5","38","28.97557114","-91.4847471"
"11","1","26002","Apache Corporation","CAIS","N","G03811","TERMIN","N","1992-11-20","2012-08-14","19.7","26","29.04728279","-91.58080626"
"JC","1","26013","Apache Corporation","FIXED","Y","G10736","TERMIN","N","1993-04-02","2023-09-23","30.5","76","28.740623","-91.449609"
"26","1","26029","Apache Corporation","CAIS","N","G02925","TERMIN","N","1993-03-06","2022-11-18","29.7","32","28.97928243","-90.72929462"
"23","1","26034","Apache Corporation","CAIS","N","00071","RELINQ","N","1993-06-02","2012-06-08","19","36","28.940048","-90.742476"
"H","1","20215","Apache Corporation","FIXED","Y","00768","TERMIN","N","1967-01-01","2007-09-30","40.7","47","29.420362","-92.963242"
"C","1","20218","Apache Corporation","FIXED","Y","00768","TERMIN","N","1960-01-01","2007-10-05","47.8","49","29.412921","-92.960266"
"A","1","20452","Apache Corporation","FIXED","Y","00161","EXPIR","N","1955-01-01","2016-08-02","61.6","52","29.364773","-92.917359"
"B","1","20506","Apache Corporation","FIXED","N","G01440","TERMIN","N","1971-01-01","2023-09-21","52.7","32","29.605714","-92.901848"
"B","1","20557","Apache Corporation","FIXED","Y","G02045","TERMIN","N","1971-01-01","2016-07-26","45.6","174","28.443328","-92.663785"
"C","1","20703","Apache Corporation","FIXED","Y","G01193","TERMIN","N","1967-01-01","2005-10-16","38.8","130","28.66831","-92.114198"
"B","1","20704","Apache Corporation","FIXED","Y","G01194","PROD","S","1966-01-01","2012-11-02","46.8","130","28.664765","-92.075451"
"K","1","20901","Apache Corporation","WP","N","G01182","TERMIN","N","1970-01-01","2008-12-22","39","68","28.963725","-91.976426"
"A","1","21441","Apache Corporation","FIXED","Y","G00972","RELINQ","N","1970-01-01","1990-09-10","20.7","162","28.432589","-92.871456"
"A-AUX1","2","21441","Apache Corporation","FIXED","Y","G00972","RELINQ","N","1970-01-01","1990-12-31","21","162","28.432781","-92.871459"
"B","1","21454","Apache Corporation","WP","N","00780","TERMIN","N","1969-01-01","2011-08-01","42.6","92","28.81585721","-91.93433087"
"4","1","21456","Apache Corporation","CAIS","N","00780","TERMIN","N","1973-01-01","1989-01-16","16","89","28.833884","-91.944075"
"A","1","21460","Apache Corporation","WP","N","00780","TERMIN","N","1969-01-01","1989-01-12","20","92","28.817147","-91.972464"
"A","1","21875","Apache Corporation","FIXED","Y","G02589","TERMIN","N","1976-01-01","2023-09-27","47.7","217","28.273888","-92.104091"
"I","1","21947","Apache Corporation","FIXED","Y","00768","TERMIN","N","1975-01-01","2017-10-19","42.8","50","29.408445","-92.966318"
"A","1","22213","Apache Corporation","WP","N","G02089","TERMIN","N","1978-01-01","1998-05-25","20.4","213","28.27052","-92.543907"
"J","1","22325","Apache Corporation","FIXED","N","00767","TERMIN","N","1980-01-01","2013-11-04","33.8","48","29.440582","-92.979302"
"JP","2","22325","Apache Corporation","FIXED","Y","00767","TERMIN","N","1980-01-01","2013-09-28","33.7","48","29.440641","-92.977681"
"A","1","22404","Apache Corporation","FIXED","Y","G03388","TERMIN","N","1980-01-01","2011-10-26","31.8","277","28.112793","-92.934281"
"A","1","22434","Apache Corporation","FIXED","Y","G02566","TERMIN","N","1981-01-01","1994-11-02","13.8","280","28.105157","-92.734352"
"D","1","22456","Apache Corporation","FIXED","Y","00780","TERMIN","N","1981-01-01","2011-10-13","30.8","90","28.827852","-91.947776"
"D-PRD","2","22456","Apache Corporation","FIXED","Y","00780","TERMIN","N","1983-01-01","2011-10-13","28.8","90","28.827329","-91.947355"
"A","1","22759","Apache Corporation","FIXED","Y","00790","RELINQ","N","1983-01-01","2007-11-13","24.9","180","28.462035","-91.863268"
"A","1","22986","Apache Corporation","FIXED","Y","G04809","PROD","S","1984-01-01","2007-10-08","23.8","270","28.14913","-91.955832"
"A","1","23015","Apache Corporation","FIXED","Y","G05391","TERMIN","N","1984-01-01","2016-06-15","32.5","185","28.301407","-92.983317"
"B","2","23015","Apache Corporation","WP","N","G05391","TERMIN","N","1985-01-01","2016-05-31","31.4","185","28.300946","-92.984086"
"B","2","23370","Apache Corporation","FIXED","N","G09508","TERMIN","N","1995-01-01","2009-01-27","14.1","186","28.42951879","-92.48986041"
"A","1","23370","Apache Corporation","FIXED","Y","G09508","TERMIN","N","1990-01-01","2010-10-09","20.8","186","28.42984","-92.489886"
"12","1","23387","Apache Corporation","CAIS","N","G01440","TERMIN","N","1990-01-01","2023-10-16","33.8","32","29.594023","-92.907313"
"B (REMOVED)","1","24037","Apache Corporation","FIXED","Y","G02089","TERMIN","N","1992-07-24","1998-01-17","5.5","213","28.252036","-92.547623"
"15","1","24047","Apache Corporation","CAIS","N","G10659","TERMIN","N","1993-02-28","2009-08-09","16.4","53","29.092308","-92.204229"
"K","1","24049","Apache Corporation","CAIS","Y","00768","TERMIN","N","1993-01-01","2008-02-09","15.1","50","29.428063","-92.927343"
"A","1","24052","Apache Corporation","WP","N","G08671","RELINQ","N","1993-08-26","2000-08-13","7","150","28.543794","-92.42523"
"1 (REMOVED)","1","24054","Apache Corporation","CAIS","N","G09489","TERMIN","N","1993-08-28","1997-11-11","4.2","45","29.373386","-92.592254"
"A","1","10003","Apache Corporation","FIXED","Y","00509","TERMIN","N","1955-01-01","2015-11-06","60.8","44","29.44884","-94.157704"
"A","1","10062","Apache Corporation","FIXED","Y","G02428","RELINQ","N","1976-01-01","2016-07-09","40.5","305","28.018835","-93.458538"
"C","1","10073","Apache Corporation","FIXED","Y","G02392","TERMIN","N","1976-01-01","2010-04-27","34.3","295","27.945742","-93.971435"
"A","1","10232","Apache Corporation","FIXED","Y","G04734","TERMIN","N","1980-09-01","2009-01-12","28.4","59","29.150203","-94.047436"
"9","1","10246","Apache Corporation","WP","N","G01848","TERMIN","N","1984-01-01","2005-08-12","21.6","50","29.262841","-93.817417"
"C","1","10270","Apache Corporation","FIXED","N","G02391","PROD","S","1985-01-01","2007-07-08","22.5","292","27.946461","-93.999609"
"A","1","10435","Apache Corporation","WP","N","G09104","RELINQ","N","1987-01-01","1997-02-16","10.1","60","29.156633","-93.833119"
"JA","1","10445","Apache Corporation","FIXED","Y","G06166","TERMIN","N","1989-07-21","2014-10-20","25.2","55","29.129526","-94.466885"
"1","1","10455","Apache Corporation","CAIS","N","G07279","TERMIN","N","1988-01-01","1997-02-19","9.1","55","29.203508","-93.950803"
"1","1","10463","Apache Corporation","CAIS","N","G06168","TERMIN","N","1989-01-01","2011-09-29","22.7","53","29.12703275","-94.37351859"
"A","1","10469","Apache Corporation","FIXED","Y","G06071","TERMIN","N","1989-01-01","2005-07-09","16.5","84","28.413234","-95.714775"
"D","1","10480","Apache Corporation","FIXED","N","G02698","TERMIN","N","1989-01-01","2013-05-26","24.4","215","28.037959","-94.394491"
"A","1","10539","Apache Corporation","FIXED","Y","G06104","TERMIN","N","1991-01-01","2012-10-10","21.8","66","28.78479137","-95.20656195"
"JB","1","10145","Apache Corporation","WP","N","G04143","RELINQ","N","1980-01-01","1985-12-31","6","39","29.533015","-93.796312"
"E","1","21137","Apache Corporation","FIXED","Y","00244","TERMIN","N","1970-01-01","2006-07-06","36.5","37","29.608013","-93.134742"
"E-FLR","2","21137","Apache Corporation","CAIS","N","00244","TERMIN","N","1970-01-01","2006-07-06","36.5","37","29.6082888","-93.13470636"
"D","1","21138","Apache Corporation","FIXED","Y","00244","TERMIN","N","1970-01-01","2023-05-31","53.4","38","29.592809","-93.148724"
"QTR","2","21138","Apache Corporation","FIXED","N","00244","TERMIN","N","1982-01-01","2023-05-17","41.4","38","29.592809","-93.148724"
"D-AUX","3","21138","Apache Corporation","FIXED","Y","00244","TERMIN","N","1985-01-01","2023-05-08","38.3","38","29.592809","-93.148724"
"28","4","21138","Apache Corporation","FIXED","Y","00244","TERMIN","N","1986-01-01","2023-05-08","37.3","38","29.592441","-93.148638"
"B","1","21267","Apache Corporation","FIXED","Y","00526","TERMIN","N","1961-01-01","2009-05-19","48.4","33","29.6313309","-93.04941561"
"E","1","21402","Apache Corporation","FIXED","Y","00081","TERMIN","N","1969-01-01","2023-10-17","54.8","41","29.496524","-93.281199"
"A","1","21442","Apache Corporation","FIXED","Y","G01953","TERMIN","N","1971-01-01","2019-07-23","48.6","45","29.42184914","-93.16507478"
"B","2","21442","Apache Corporation","FIXED","Y","G01953","TERMIN","N","1971-01-01","2022-10-12","51.8","45","29.422795","-93.165092"
"9","3","21442","Apache Corporation","CAIS","N","G01953","TERMIN","N","1979-01-01","2019-07-23","40.6","45","29.42304076","-93.16485979"
"C","4","21442","Apache Corporation","FIXED","N","G01953","TERMIN","N","1985-01-01","2019-07-23","34.6","45","29.422676","-93.165112"
"1","1","21466","Apache Corporation","CAIS","N","G01953","TERMIN","N","1970-01-01","2005-05-03","35.3","45","29.41615","-93.166073"
"6","1","21701","Apache Corporation","FIXED","Y","00247","TERMIN","N","1972-01-01","2011-11-01","39.8","39","29.552277","-93.136955"
"2","1","21702","Apache Corporation","FIXED","Y","00247","TERMIN","N","1972-01-01","2023-08-30","51.7","39","29.561879","-93.126259"
"3","1","21703","Apache Corporation","FIXED","N","00247","TERMIN","N","1972-01-01","2011-11-22","39.9","39","29.557947","-93.130627"
"12","1","21949","Apache Corporation","FIXED","N","00244","TERMIN","N","1978-01-01","2012-08-23","34.6","39","29.612035","-93.148273"
"25","2","21949","Apache Corporation","FIXED","Y","00244","TERMIN","N","1985-01-01","2012-08-23","27.6","39","29.611757","-93.14806"
"F(FMR.18)","1","22150","Apache Corporation","FIXED","Y","00244","TERMIN","N","1978-01-01","2023-08-04","45.6","42","29.600351","-93.152262"
"D","1","22182","Apache Corporation","FIXED","Y","","","","1979-01-01","","","32","29.660009","-93.102165"
"A","1","22240","Apache Corporation","FIXED","Y","G03283","TERMIN","N","1979-01-01","2014-10-29","35.8","192","28.271418","-93.169418"
"C","1","22285","Apache Corporation","FIXED","Y","G01860","TERMIN","N","1988-02-02","2023-10-16","35.7","31","29.648896","-93.131215"
"10","1","22438","Apache Corporation","CAIS","N","00081","TERMIN","N","1980-01-01","2023-10-02","43.8","43","29.504561","-93.277111"
"11","1","22540","Apache Corporation","FIXED","N","00247","TERMIN","N","1981-01-01","2011-08-14","30.6","40","29.542958","-93.139627"
"14","1","22635","Apache Corporation","FIXED","Y","00247","TERMIN","N","1982-01-01","2006-05-10","24.4","43","29.548343","-93.122129"
"A","1","22705","Apache Corporation","FIXED","Y","G03973","TERMIN","N","1982-01-01","2016-08-03","34.6","432","27.946965","-93.059965"
"A","1","22899","Apache Corporation","FIXED","Y","G03970","TERMIN","N","1984-01-01","2001-09-08","17.7","216","28.314275","-93.444201"
"2","1","23628","Apache Corporation","CAIS","N","G04397","TERMIN","N","1986-01-01","2016-08-12","30.6","46","29.355167","-93.547648"
"A","1","23653","Apache Corporation","FIXED","N","G04844","TERMIN","N","1986-01-01","2016-06-24","30.5","200","28.232419","-93.20716"
"A-AUX","2","23653","Apache Corporation","WP","N","G04844","TERMIN","N","1986-01-01","2016-06-24","30.5","200","28.232419","-93.20716"
"2","1","23667","Apache Corporation","CAIS","N","G05016","TERMIN","N","1988-01-01","1997-11-19","9.9","68","28.858794","-93.490629"
"3 (REMOVED)","1","23682","Apache Corporation","CAIS","N","G05016","TERMIN","N","1988-01-01","1997-11-22","9.9","68","28.850291","-93.479576"
"CAIS.B","1","23685","Apache Corporation","CAIS","N","G03970","TERMIN","N","1988-01-01","2001-09-08","13.7","221","28.339546","-93.425315"
"1","1","23716","Apache Corporation","FIXED","Y","G06581","TERMIN","N","1989-01-01","1994-11-09","5.9","53","29.324506","-93.529114"
"5","2","23716","Apache Corporation","CAIS","N","G06581","TERMIN","N","1989-01-01","1994-11-09","5.9","53","29.324613","-93.529129"
"A","1","23717","Apache Corporation","FIXED","Y","G10602","TERMIN","N","1990-01-01","2000-09-12","10.7","295","28.08242","-93.241409"
"A","1","23724","Apache Corporation","FIXED","Y","G05357","TERMIN","N","1989-01-01","1996-07-25","7.6","344","28.00472","-93.216582"
"11","1","23759","Apache Corporation","CAIS","N","00081","TERMIN","N","1991-08-01","2025-09-16","34.1","39","29.514337","-93.277973"
"3","1","23776","Apache Corporation","CAIS","N","G04398","RELINQ","N","1993-01-01","2013-08-17","20.6","42","29.30832546","-93.60379303"
"12","1","23777","Apache Corporation","CAIS","N","00081","TERMIN","N","1993-04-09","2023-09-27","30.5","40","29.513206","-93.291289"
"A","1","10165","Apache Corporation","FIXED","Y","G03021","TERMIN","N","1981-01-01","2012-08-23","31.6","150","27.696446","-96.580375"
"B","1","10193","Apache Corporation","FIXED","N","G03019","TERMIN","N","1981-01-01","2010-12-16","30","144","27.7223","-96.601195"
"A","1","10238","Apache Corporation","FIXED","Y","G03088","TERMIN","N","1983-01-01","2010-08-30","27.7","63","28.120962","-96.401459"
"A-PRD","2","10238","Apache Corporation","FIXED","N","G03088","TERMIN","N","1983-01-01","2010-08-30","27.7","63","28.120631","-96.40179"
"A","1","10273","Apache Corporation","FIXED","Y","G04704","TERMIN","N","1985-01-01","2012-07-06","27.5","77","27.88594","-96.743939"
"JA","1","10288","Apache Corporation","WP","N","G04701","TERMIN","N","1985-01-01","1992-08-15","7.6","97","28.038541","-96.366727"
"B","1","10289","Apache Corporation","FIXED","Y","G03061","TERMIN","N","1986-01-01","2006-10-03","20.8","260","27.712063","-96.181439"
"E","1","10295","Apache Corporation","FIXED","N","G05000","TERMIN","N","1986-01-01","2013-08-15","27.6","86","28.09405","-96.379648"
"1","1","10312","Apache Corporation","CAIS","N","G06032","TERMIN","N","1987-01-01","2014-08-18","27.6","65","28.373995","-96.088173"
"A","1","10319","Apache Corporation","FIXED","Y","G05001","TERMIN","N","1988-01-01","1992-08-18","4.6","90","28.083384","-96.355914"
"A","1","10323","Apache Corporation","CAIS","N","G05983","TERMIN","N","1988-01-01","1997-12-10","9.9","87","27.710115","-96.858908"
"4","1","10363","Apache Corporation","CAIS","N","G03088","TERMIN","N","1990-01-01","2009-08-23","19.6","80","28.107799","-96.391418"
"JA","1","10366","Apache Corporation","FIXED","Y","G08958","TERMIN","N","1990-01-01","2012-10-12","22.8","190","27.154721","-96.847436"
"2","1","10373","Apache Corporation","CAIS","N","G06032","TERMIN","N","1991-01-01","2014-08-14","23.6","60","28.362714","-96.102001"
"B","1","10378","Apache Corporation","FIXED","Y","G13290","TERMIN","N","1992-10-04","2015-09-20","23","124","27.918583","-96.417056"
"A","1","10379","Apache Corporation","FIXED","Y","G05993","TERMIN","N","1992-11-12","1997-12-16","5.1","130","27.623652","-96.739225"
"A","1","10383","Apache Corporation","FIXED","Y","G11221","RELINQ","N","1993-12-06","2010-10-09","16.8","151","27.57715773","-96.70798222"
"22","1","26037","Apache Corporation","CAIS","N","G02925","TERMIN","N","1993-06-18","2023-01-06","29.6","35","28.94167691","-90.73736022"
"B","1","26044","Apache Corporation","WP","N","G02923","TERMIN","N","1993-11-08","2009-09-27","15.9","235","28.278517","-91.135663"
"3","1","23794","Apache Corporation","CAIS","N","G04397","TERMIN","N","1993-01-01","2016-10-03","23.8","47","29.34353196","-93.53415972"
"JB","1","24063","Apache Corporation","WP","N","G12891","TERMIN","N","1993-12-17","2006-03-03","12.2","127","28.671222","-92.046376"
"JB","1","24062","Apache Corporation","FIXED","Y","G11871","TERMIN","N","1994-01-15","2003-10-10","9.7","100","28.877788","-92.477046"
"JD","1","26041","Apache Corporation","FIXED","N","G10736","TERMIN","N","1993-11-11","2023-09-18","29.9","77","28.741341","-91.464613"
"2","1","24084","Apache Corporation","CAIS","N","G07699","TERMIN","N","1994-05-05","1999-07-13","5.2","95","28.790003","-91.879959"
"3","1","26064","Apache Corporation","CAIS","N","G11952","TERMIN","N","1994-02-17","2013-07-02","19.4","47","28.816173","-91.534394"
"2","1","23795","Apache Corporation","FIXED","Y","G06581","TERMIN","N","1994-07-11","2005-06-06","10.9","38","29.311223","-93.563474"
"A","1","24068","Apache Corporation","FIXED","Y","G11922","TERMIN","N","1994-07-01","2001-10-04","7.3","300","28.112443","-91.964506"
"E","1","24069","Apache Corporation","FIXED","Y","00780","TERMIN","N","1994-01-01","2010-07-24","16.6","89","28.83726497","-91.93550765"
"JC","1","24093","Apache Corporation","WP","N","G11911","TERMIN","N","1994-07-20","2011-07-06","17","130","28.60971871","-92.15288002"
"JC","1","27013","Apache Corporation","WP","N","G11871","TERMIN","N","1995-01-08","2003-10-10","8.8","103","28.860734","-92.475944"
"5","1","24202","Apache Corporation","CAIS","N","G01963","TERMIN","N","1994-07-23","2004-08-17","10.1","40","29.58452759","-88.87688474"
"6","1","24207","Apache Corporation","CAIS","N","G01963","TERMIN","N","1994-08-21","2004-08-07","10","40","29.57698513","-88.87452731"
"JA","1","26094","Apache Corporation","WP","N","G12000","RELINQ","N","1994-11-21","2007-03-20","12.3","241","28.263729","-91.17513"
"JA","1","26107","Apache Corporation","WP","N","00445","TERMIN","N","1994-12-19","2006-07-09","11.6","88","28.78382486","-91.76015827"
"#3","1","26081","Apache Corporation","FIXED","N","G10775","TERMIN","N","1994-01-01","2007-10-13","13.8","80","28.56154124","-90.88051827"
"1","1","27023","Apache Corporation","CAIS","N","G14456","RELINQ","N","1995-03-30","2005-05-15","10.1","40","29.08847369","-91.90019756"
"1","1","26119","Apache Corporation","CAIS","N","G11953","TERMIN","N","1995-05-31","2007-01-11","11.6","56","28.77913241","-91.3441007"
"5","1","26116","Apache Corporation","CAIS","N","G02924","TERMIN","N","1995-01-01","2023-05-01","28.3","35","28.95552992","-90.66647279"
"25","1","26109","Apache Corporation","CAIS","N","00071","RELINQ","N","1994-01-01","2022-11-11","28.9","30","28.94103777","-90.72049286"
"A","1","26141","Apache Corporation","FIXED","Y","G09580","TERMIN","N","1995-09-15","2009-08-17","13.9","20","29.10755498","-91.62964466"
"JA","1","32013","Apache Corporation","FIXED","Y","G14532","TERMIN","N","1995-01-23","2013-05-29","18.3","35","29.007476","-90.657355"
"B","1","26110","Apache Corporation","FIXED","N","G10775","TERMIN","N","1995-01-09","2023-07-08","28.5","76","28.57571889","-90.87315078"
"20","1","20808","Apache Corporation","CAIS","N","00071","RELINQ","N","1979-01-01","2011-07-03","32.5","30","28.93106225","-90.70461224"
"D","1","24230","Apache Corporation","WP","N","G06767","TERMIN","N","1995-01-01","2000-09-03","5.7","81","28.59649516","-90.60855714"
"H","1","26105","Apache Corporation","FIXED","N","00438","TERMIN","N","1995-01-01","2023-08-17","28.6","75","28.79599718","-91.72429307"
"I","1","26136","Apache Corporation","CAIS","Y","00438","TERMIN","N","1995-07-14","2023-08-29","28.1","75","28.80196263","-91.72209977"
"3","1","29044","Apache Corporation","CAIS","N","G02819","TERMIN","N","1996-07-24","2016-07-24","20","29","29.68557672","-93.13649471"
"B-1","1","80005","Apache Corporation","CAIS","N","G15241","TERMIN","N","1996-05-29","2017-08-08","21.2","35","29.01050772","-91.56666114"
"A","1","28022","Apache Corporation","FIXED","Y","G12502","TERMIN","N","1996-01-01","2014-09-08","18.7","61","28.85575899","-94.94223459"
"B","1","27060","Apache Corporation","FIXED","N","G14576","TERMIN","N","1996-02-17","2009-09-29","13.6","35","29.65322068","-88.8647945"
"A","1","24260","Apache Corporation","CAIS","Y","G14576","TERMIN","N","1996-03-13","","","37","29.65291839","-88.84936577"
"JA","1","50000","Apache Corporation","CAIS","N","G14319","TERMIN","N","1996-11-11","2002-08-29","5.8","55","29.31342486","-93.16855722"
"2","1","32042","Apache Corporation","CAIS","N","00768","TERMIN","N","1996-11-19","2010-09-02","13.8","46","29.42765439","-92.95609077"
"A","1","29047","Apache Corporation","FIXED","Y","G15118","TERMIN","N","1996-10-20","2011-03-19","14.4","293","28.06238487","-93.38586625"
"JA","1","50004","Apache Corporation","FIXED","Y","G14324","TERMIN","N","1997-02-17","2003-10-10","6.6","79","28.85240948","-93.13107404"
"12","1","70014","Apache Corporation","CAIS","N","G01500","TERMIN","N","1997-01-25","2006-09-08","9.6","34","29.61645921","-88.86571981"
"5","1","32016","Apache Corporation","FIXED","N","00816","TERMIN","N","1995-11-01","1997-04-15","1.5","51","28.67955232","-91.00377084"
"3","1","40009","Apache Corporation","CAIS","N","00511","TERMIN","N","1997-01-21","2014-06-29","17.4","44","29.44139254","-94.14583069"
"2","1","40010","Apache Corporation","CAIS","N","00512","TERMIN","N","1997-04-18","2014-06-25","17.2","44","29.42481001","-94.1181157"
"D","1","1649","Apache Corporation","FIXED","Y","G00972","RELINQ","N","2005-03-06","2022-10-20","17.6","174","28.44398591","-92.87869426"
"CF#2","1","27044","Apache Corporation","FIXED","N","G13572","TERMIN","N","1995-08-15","","","34","29.58838265","-92.89972007"
"B","1","32035","Apache Corporation","FIXED","Y","G12940","TERMIN","N","1996-08-01","2023-07-15","27","40","28.81866421","-91.25777614"
"A2","1","90000","Apache Corporation","FIXED","Y","G13617","TERMIN","N","1997-02-17","2007-01-23","9.9","21","29.28117262","-91.79227961"
"CAIS.#3","1","28060","Apache Corporation","FIXED","N","G06071","TERMIN","N","1997-01-07","2005-05-27","8.4","84","28.41377498","-95.71540893"
"2","1","80009","Apache Corporation","CAIS","N","00046","TERMIN","N","1997-01-22","2005-08-06","8.5","20","29.05096933","-91.69837633"
"B","1","80011","Apache Corporation","FIXED","N","G13917","TERMIN","N","1997-04-10","2007-12-03","10.6","86","28.56955733","-91.00943943"
"B","1","80019","Apache Corporation","FIXED","Y","G09614","TERMIN","N","1997-01-05","2023-07-23","26.5","35","28.83054978","-91.26419036"
"A","1","50011","Apache Corporation","FIXED","N","G15083","TERMIN","N","1997-05-17","2005-06-10","8.1","78","28.92724465","-93.35027228"
"CAIS.A(PLTF.A)","1","70025","Apache Corporation","FIXED","Y","G16461","TERMIN","N","1997-06-03","2012-09-15","15.3","114","28.9626198","-89.91465468"
"A","1","80030","Apache Corporation","CAIS","Y","G09614","TERMIN","N","1997-09-01","2023-09-28","26.1","35","28.82900082","-91.28000073"
"12","1","80034","Apache Corporation","CAIS","N","00050","TERMIN","N","1997-07-23","2023-06-10","25.9","35","28.98472072","-91.44927173"
"C","1","3","Apache Corporation","FIXED","Y","G06164","TERMIN","N","1997-02-28","2013-08-08","16.4","54","29.17514789","-94.37177567"
"CAIS.#1","1","40017","Apache Corporation","CAIS","N","G17147","TERMIN","N","1997-07-22","2004-07-08","7","43","29.3157789","-93.90512409"
"9","1","5","Apache Corporation","CAIS","N","G01072","TERMIN","N","1997-07-22","2007-11-04","10.3","97","29.06806773","-89.79500979"
"A","1","61","Apache Corporation","FIXED","Y","G13960","RELINQ","N","1997-08-16","2013-11-22","16.3","46","29.56760165","-88.8346269"
"A","1","90","Apache Corporation","CAIS","N","G16390","TERMIN","N","1997-09-29","2005-05-11","7.6","78","28.58136118","-90.96439773"
"JA","1","94","Apache Corporation","FIXED","N","G15244","TERMIN","N","1997-11-10","2005-05-14","7.5","72","28.85770807","-91.6712399"
"15","1","117","Apache Corporation","CAIS","N","00050","TERMIN","N","1997-12-15","2023-06-08","25.5","35","28.98330919","-91.45020204"
"10","1","20518","Tenneco Oil Company","FIXED","Y","00758","TERMIN","N","1972-01-01","1979-12-31","8","50","29.380273","-93.541356"
"3","1","20519","Tenneco Oil Company","CAIS","N","00758","TERMIN","N","1970-01-01","1976-12-31","7","49","29.383156","-93.560632"
"4","1","20552","Tenneco Oil Company","CAIS","N","00758","TERMIN","N","1970-01-01","1979-12-31","10","49","29.383291","-93.54748"
"1","1","21710","Tenneco Oil Company","CAIS","N","G00898","TERMIN","N","1967-01-01","1980-12-31","14","48","29.36984328","-93.1444709"
"A","1","22161","Tenneco Oil Company","WP","N","G03518","TERMIN","N","1978-01-01","1981-12-31","4","150","28.475984","-93.451687"
"B","1","22554","Tenneco Oil Company","FIXED","Y","G03518","TERMIN","N","1981-01-01","1986-12-31","6","150","28.498348","-93.440357"
"1","1","23693","Tenneco Oil Company","CAIS","N","G05272","RELINQ","N","1988-01-01","1988-12-31","1","33","29.646837","-93.539138"
"A","1","22274","The Louisiana Land and Exploration Company","FIXED","Y","G03159","TERMIN","N","1979-01-01","2005-02-23","26.1","431","28.048014","-91.521379"
"A","1","22312","The Louisiana Land and Exploration Company","FIXED","Y","G03561","TERMIN","N","1979-01-01","1996-10-26","17.8","19","29.255978","-91.642413"
"B","2","22312","The Louisiana Land and Exploration Company","CAIS","N","G03561","TERMIN","N","1983-01-01","1996-10-11","13.8","19","29.255799","-91.642657"
"C","3","22312","The Louisiana Land and Exploration Company","CAIS","N","G03561","TERMIN","N","1985-01-01","1996-10-01","11.7","19","29.255803","-91.642208"
"1","1","23562","The Louisiana Land and Exploration Company","CAIS","N","G05489","TERMIN","N","1989-01-01","1996-12-15","8","25","29.05224","-91.596498"
"B","1","20645","The Louisiana Land and Exploration Company","CAIS","N","G01954","TERMIN","N","1972-01-01","1995-01-26","23.1","66","29.1526","-92.546077"
"B","2","20645","The Louisiana Land and Exploration Company","CAIS","N","G01954","TERMIN","N","1992-02-03","1995-01-26","3","66","29.152599","-92.546171"
"A","1","23285","The Louisiana Land and Exploration Company","WP","N","G06663","TERMIN","N","1985-01-01","1996-09-16","11.7","42","29.133533","-92.274415"
"B","2","23285","The Louisiana Land and Exploration Company","FIXED","Y","G06663","TERMIN","N","1985-01-01","1996-09-16","11.7","42","29.133434","-92.274026"
"A(Removed)","1","23352","The Louisiana Land and Exploration Company","FIXED","Y","G06673","TERMIN","N","1989-01-01","1997-10-21","8.8","105","28.810594","-92.385875"
"A","1","23614","The Louisiana Land and Exploration Company","FIXED","Y","G13883","EXPIR","N","1986-01-01","1999-08-21","13.6","67","29.12643551","-92.53292115"
"A","1","10557","The Louisiana Land and Exploration Company","FIXED","Y","G11313","TERMIN","N","1991-01-01","1999-09-18","8.7","69","28.809299","-95.106558"
"5","1","21039","The Louisiana Land and Exploration Company","CAIS","N","00224","TERMIN","N","1973-01-01","1994-12-20","22","32","29.686563","-93.345947"
"A-AUX","2","21041","The Louisiana Land and Exploration Company","FIXED","Y","00224","TERMIN","N","1974-01-01","1994-12-20","21","33","29.658737","-93.383235"
"A","1","21041","The Louisiana Land and Exploration Company","CAIS","N","00224","TERMIN","N","1974-01-01","1994-12-20","21","33","29.658732","-93.383549"
"A","1","21943","The Louisiana Land and Exploration Company","FIXED","Y","G02231","TERMIN","N","1976-01-01","2000-07-23","24.6","300","28.07682","-93.163398"
"A","1","10330","The Louisiana Land and Exploration Company","FIXED","Y","G04542","TERMIN","N","1989-01-01","2001-09-22","12.7","113","28.054475","-96.19516"
"A","1","24087","The Louisiana Land and Exploration Company","FIXED","Y","G11901","TERMIN","N","1995-04-08","2005-06-25","10.2","420","28.0001257","-92.37043677"
"10","1","23945","The Louisiana Land and Exploration Company","FIXED","N","G03811","TERMIN","N","1996-08-13","1998-04-13","1.7","31","29.02694344","-91.58412898"
"2","1","22504","Homestake Sulphur Company","CAIS","N","G03258","TERMIN","N","1981-01-01","1987-11-07","6.8","40","29.574089","-93.609405"
"4","1","22378","Kerr-McGee Corporation","CAIS","N","G04119","TERMIN","N","1980-01-01","1993-11-03","13.8","55","28.902276","-90.456506"
"C","1","22427","Kerr-McGee Corporation","WP","N","G04119","TERMIN","N","1980-01-01","1993-11-24","13.9","58","28.872387","-90.470505"
"7","1","22511","Kerr-McGee Corporation","CAIS","N","G04119","TERMIN","N","1981-01-01","1991-09-24","10.7","58","28.89431","-90.450489"
"2","1","22807","Kerr-McGee Corporation","WP","N","G04842","TERMIN","N","1983-01-01","1993-11-26","10.9","52","28.919643","-90.473992"
"6","1","22809","Kerr-McGee Corporation","CAIS","N","G04842","TERMIN","N","1983-01-01","1993-11-04","10.8","52","28.919036","-90.490593"
"9","1","22962","Kerr-McGee Corporation","CAIS","N","G04842","TERMIN","N","1984-01-01","1993-11-04","9.8","53","28.913407","-90.4944"
"#1(A)","1","23471","Kerr-McGee Corporation","CAIS","N","G07804","TERMIN","N","1988-01-01","1995-04-26","7.3","60","29.530557","-88.690473"
"2","1","20529","Kerr-McGee Corporation","CAIS","N","G01021","TERMIN","N","1966-01-01","1989-09-01","23.7","114","28.496031","-91.040321"
"A","1","21391","Kerr-McGee Corporation","FIXED","Y","00828","PROD","S","1961-01-01","1989-09-01","28.7","100","28.515755","-90.863512"
"B","1","21393","Kerr-McGee Corporation","FIXED","Y","00828","PROD","S","1965-01-01","1993-09-25","28.7","110","28.503551","-90.86308"
"G","2","21393","Kerr-McGee Corporation","FIXED","Y","00828","PROD","S","1965-01-01","1993-09-23","28.7","110","28.503276","-90.863081"
"C","1","21394","Kerr-McGee Corporation","FIXED","Y","00828","PROD","S","1966-01-01","1993-09-22","27.7","100","28.507245","-90.858192"
"I","1","21399","Kerr-McGee Corporation","FIXED","Y","00828","PROD","S","1970-01-01","1985-12-31","16","115","28.511287","-90.862101"
"7","1","21401","Kerr-McGee Corporation","FIXED","Y","00828","PROD","S","1970-01-01","1985-12-31","16","107","28.504358","-90.854352"
"1","1","21575","Kerr-McGee Corporation","CAIS","N","G00992","TERMIN","N","1965-01-01","1984-12-31","20","190","28.409984","-91.615633"
"D","1","21621","Kerr-McGee Corporation","WP","N","00336","TERMIN","N","1950-01-01","1993-08-13","43.6","17","29.09228318","-91.25773353"
"1","1","21622","Kerr-McGee Corporation","CAIS","N","00344","RELINQ","N","1959-01-01","1976-12-31","18","13","29.092827","-91.165684"
"3","1","21850","Kerr-McGee Corporation","CAIS","N","00336","TERMIN","N","1975-01-01","1988-01-16","13","17","29.066324","-91.277343"
"10","1","21985","Kerr-McGee Corporation","CAIS","N","00336","TERMIN","N","1976-01-01","1996-08-14","20.6","19","29.07148","-91.265552"
"14","1","21129","Murphy Exploration & Production Company","WP","N","00072","RELINQ","N","1968-01-01","1990-02-14","22.1","30","28.90096","-90.693532"
"12","1","21130","Murphy Exploration & Production Company","WP","N","00072","RELINQ","N","1964-01-01","1993-09-02","29.7","25","28.90543","-90.695522"
"10","1","21131","Murphy Exploration & Production Company","CAIS","N","00072","RELINQ","N","1965-01-01","1988-11-13","23.9","26","28.907274","-90.695854"
"7","1","21132","Murphy Exploration & Production Company","CAIS","N","00072","RELINQ","N","1963-01-01","1993-08-23","30.6","26","28.909352","-90.695729"
"4","1","21133","Murphy Exploration & Production Company","WP","N","00072","RELINQ","N","1963-01-01","1993-09-02","30.7","30","28.90572","-90.694708"
"2","1","21134","Murphy Exploration & Production Company","CAIS","N","00072","RELINQ","N","1963-01-01","1979-12-31","17","30","28.901691","-90.695765"
"9","1","21594","Murphy Exploration & Production Company","CAIS","N","00072","RELINQ","N","1964-01-01","1975-12-31","12","24","28.912067","-90.696833"
"22","1","22146","Murphy Exploration & Production Company","CAIS","N","00072","RELINQ","N","1978-01-01","2003-11-12","25.9","35","28.937249","-90.699616"
"23","1","22232","Murphy Exploration & Production Company","CAIS","N","00072","RELINQ","N","1978-01-01","2003-11-22","25.9","36","28.933675","-90.693643"
"24-C (24E)","1","22233","Murphy Exploration & Production Company","CAIS","N","00072","RELINQ","N","1979-01-01","2003-11-21","24.9","36","28.937569","-90.690824"
"27","1","22234","Murphy Exploration & Production Company","CAIS","N","00072","RELINQ","N","1979-01-01","2004-12-17","26","36","28.932818","-90.689963"
"29","1","22253","Murphy Exploration & Production Company","CAIS","N","00072","RELINQ","N","1979-01-01","2003-11-15","24.9","32","28.937792","-90.69363"
"30","1","22254","Murphy Exploration & Production Company","CAIS","N","00072","RELINQ","N","1979-01-01","2003-11-16","24.9","32","28.93776","-90.696737"
"21","1","22360","Murphy Exploration & Production Company","WP","N","00072","RELINQ","N","1979-01-01","1995-08-29","16.7","30","28.921426","-90.694362"
"33","1","22362","Murphy Exploration & Production Company","WP","N","00072","RELINQ","N","1979-01-01","2003-11-12","24.9","35","28.93586","-90.700131"
"16","1","22418","Murphy Exploration & Production Company","WP","N","00072","RELINQ","N","1980-01-01","1993-09-11","13.7","25","28.923984","-90.695864"
"25","1","22467","Murphy Exploration & Production Company","CAIS","N","00072","RELINQ","N","1981-01-01","2004-11-29","23.9","30","28.931606","-90.693981"
"8","1","22480","Murphy Exploration & Production Company","CAIS","N","00317","TERMIN","N","1981-01-01","1997-08-22","16.6","23","29.274891","-91.814209"
"9","1","22502","Murphy Exploration & Production Company","CAIS","N","00317","TERMIN","N","1981-01-01","1997-08-22","16.6","23","29.277034","-91.833144"
"A","1","22527","Murphy Exploration & Production Company","FIXED","Y","G03164","TERMIN","N","1981-01-01","2000-11-28","19.9","46","28.780883","-90.968787"
"B","2","22527","Murphy Exploration & Production Company","FIXED","Y","G03164","TERMIN","N","1984-01-01","1987-12-31","4","46","28.781174","-90.968602"
"1","3","22527","Murphy Exploration & Production Company","CAIS","N","G03164","TERMIN","N","1981-01-01","1998-10-06","17.8","46","28.78063","-90.968791"
"3","1","22594","Murphy Exploration & Production Company","CAIS","N","G03164","TERMIN","N","1982-01-01","2000-08-11","18.6","50","28.78525","-90.962941"
"5","1","22646","Murphy Exploration & Production Company","CAIS","N","G03164","TERMIN","N","1982-01-01","2000-08-09","18.6","45","28.775346","-90.967066"
"4","1","22745","Murphy Exploration & Production Company","CAIS","N","G03164","TERMIN","N","1983-01-01","2000-08-18","17.6","45","28.761102","-90.99072"
"6","1","22815","Murphy Exploration & Production Company","CAIS","N","G03164","TERMIN","N","1983-01-01","2000-08-21","17.6","46","28.7666","-90.99244"
"7","1","22816","Murphy Exploration & Production Company","CAIS","N","G03164","TERMIN","N","1983-01-01","2000-08-19","17.6","65","28.773231","-90.985989"
"8","1","22817","Murphy Exploration & Production Company","CAIS","N","G03164","TERMIN","N","1983-01-01","2000-08-07","17.6","113","28.784558","-90.983159"
"1","1","22821","Murphy Exploration & Production Company","CAIS","N","G05201","TERMIN","N","1983-01-01","2000-09-11","17.7","43","28.749923","-91.009735"
"2","1","22822","Murphy Exploration & Production Company","CAIS","N","G05201","TERMIN","N","1983-01-01","2000-09-11","17.7","45","28.761678","-91.015148"
"3","1","22823","Murphy Exploration & Production Company","CAIS","N","G05201","TERMIN","N","1983-01-01","2000-08-24","17.6","43","28.771988","-91.005108"
"4","1","22824","Murphy Exploration & Production Company","CAIS","N","G05201","TERMIN","N","1983-01-01","1997-08-22","14.6","43","28.759309","-91.025868"
"5","1","22825","Murphy Exploration & Production Company","CAIS","N","G05201","TERMIN","N","1983-01-01","2000-08-26","17.7","45","28.783282","-91.015018"
"6","1","22826","Murphy Exploration & Production Company","CAIS","N","G05201","TERMIN","N","1983-01-01","2000-08-28","17.7","44","28.76947","-91.013982"
"10","1","22850","Murphy Exploration & Production Company","CAIS","N","G03164","TERMIN","N","1983-01-01","2000-08-15","17.6","53","28.762601","-90.977684"
"12","1","22851","Murphy Exploration & Production Company","CAIS","N","G03164","TERMIN","N","1983-01-01","2000-08-13","17.6","55","28.763769","-90.97074"
"4","1","22868","Murphy Exploration & Production Company","CAIS","N","G05545","TERMIN","N","1983-01-01","1997-08-22","14.6","40","28.803394","-90.970953"
"1","1","22871","Murphy Exploration & Production Company","CAIS","N","G03790","TERMIN","N","1983-01-01","1993-09-17","10.7","56","28.779959","-90.930502"
"1","1","22880","Murphy Exploration & Production Company","CAIS","N","G05545","TERMIN","N","1983-01-01","2000-08-04","17.6","40","28.811435","-90.980678"
"3","1","22883","Murphy Exploration & Production Company","CAIS","N","G05545","TERMIN","N","1984-01-01","1997-08-22","13.6","35","28.791503","-90.988017"
"2","1","22897","Murphy Exploration & Production Company","CAIS","N","G05545","TERMIN","N","1983-01-01","2000-08-06","17.6","35","28.799056","-90.990788"
"B","2","22900","Murphy Exploration & Production Company","FIXED","Y","G05201","TERMIN","N","1984-01-01","2001-06-28","17.5","65","28.759101","-91.011702"
"A","1","22900","Murphy Exploration & Production Company","FIXED","Y","G05201","TERMIN","N","1984-01-01","2000-11-29","16.9","65","28.759523","-91.011021"
"9","1","22903","Murphy Exploration & Production Company","CAIS","N","G05201","TERMIN","N","1984-01-01","2000-09-05","16.7","45","28.758272","-91.017793"
"8","1","22907","Murphy Exploration & Production Company","CAIS","N","G05201","TERMIN","N","1983-01-01","2000-08-22","17.6","45","28.76665","-90.994209"
"10","1","22908","Murphy Exploration & Production Company","CAIS","N","G05201","TERMIN","N","1984-01-01","2000-09-12","16.7","45","28.753992","-91.014839"
"13","1","22939","Murphy Exploration & Production Company","CAIS","N","G03164","TERMIN","N","1984-01-01","2000-08-17","16.6","55","28.749965","-90.987654"
"7","1","22969","Murphy Exploration & Production Company","CAIS","N","G05201","TERMIN","N","1983-01-01","2000-08-21","17.6","60","28.762697","-91.000426"
"11","1","22970","Murphy Exploration & Production Company","CAIS","N","G05201","TERMIN","N","1983-01-01","1997-08-22","14.6","60","28.757471","-91.020812"
"12","1","22971","Murphy Exploration & Production Company","CAIS","N","G05201","TERMIN","N","1984-01-01","2000-09-11","16.7","60","28.750882","-91.02282"
"13","1","22972","Murphy Exploration & Production Company","CAIS","N","G05201","TERMIN","N","1984-01-01","2000-09-01","16.7","60","28.761527","-91.017611"
"14","1","22973","Murphy Exploration & Production Company","CAIS","N","G05201","TERMIN","N","1984-01-01","1997-08-22","13.6","60","28.780807","-91.021798"
"32","1","22976","Murphy Exploration & Production Company","CAIS","N","00072","RELINQ","N","1984-01-01","2004-11-22","20.9","30","28.937509","-90.689355"
"5","1","22988","Murphy Exploration & Production Company","CAIS","N","G05545","TERMIN","N","1984-01-01","2000-08-05","16.6","47","28.80491","-90.986348"
"18","1","22997","Murphy Exploration & Production Company","CAIS","N","G05201","TERMIN","N","1984-01-01","2000-08-31","16.7","60","28.771064","-91.039523"
"28","1","23041","Murphy Exploration & Production Company","CAIS","N","00072","RELINQ","N","1984-01-01","2004-11-21","20.9","34","28.93642658","-90.69792064"
"18","1","23048","Murphy Exploration & Production Company","CAIS","N","00072","RELINQ","N","1985-01-01","2004-11-25","19.9","37","28.934186","-90.686963"
"C","1","23092","Murphy Exploration & Production Company","WP","N","00072","RELINQ","N","1985-01-01","1999-08-21","14.6","32","28.935276","-90.682649"
"20","1","23102","Murphy Exploration & Production Company","CAIS","N","G05201","TERMIN","N","1985-01-01","1993-06-30","8.5","60","28.763787","-91.009406"
"19","1","23106","Murphy Exploration & Production Company","CAIS","N","00072","RELINQ","N","1985-01-01","1993-09-22","8.7","30","28.937733","-90.681798"
"16","1","23122","Murphy Exploration & Production Company","CAIS","N","G05201","TERMIN","N","1984-01-01","2000-08-29","16.7","60","28.768804","-91.018365"
"20","1","23144","Murphy Exploration & Production Company","CAIS","N","00072","RELINQ","N","1985-01-01","2004-11-26","19.9","30","28.934491","-90.690156"
"32","1","23216","Murphy Exploration & Production Company","CAIS","N","00074","TERMIN","N","1985-01-01","1999-09-02","14.7","30","28.897148","-90.708339"
"31","1","23249","Murphy Exploration & Production Company","CAIS","N","00074","TERMIN","N","1986-01-01","1988-12-05","2.9","30","28.88947","-90.718088"
"2","1","23251","Murphy Exploration & Production Company","CAIS","N","G05540","TERMIN","N","1986-01-01","1997-08-22","11.6","33","28.90345","-90.831201"
"2","1","23508","Murphy Exploration & Production Company","CAIS","N","G03790","TERMIN","N","1987-01-01","1999-09-02","12.7","50","28.768951","-90.919711"
"34","1","23535","Murphy Exploration & Production Company","CAIS","N","00074","TERMIN","N","1987-01-01","1988-12-05","1.9","30","28.897943","-90.707653"
"43","1","23536","Murphy Exploration & Production Company","CAIS","N","00072","RELINQ","N","1987-01-01","1993-09-22","6.7","28","28.901422","-90.695276"
"3","1","23541","Murphy Exploration & Production Company","CAIS","N","G03790","TERMIN","N","1987-01-01","1993-08-08","6.6","50","28.751108","-90.939094"
"17","1","23918","Murphy Exploration & Production Company","CAIS","N","G05201","TERMIN","N","1990-01-01","2000-08-25","10.6","24","28.773705","-91.010485"
"A","1","23943","Murphy Exploration & Production Company","WP","N","G06720","TERMIN","N","1991-01-01","1995-05-16","4.4","174","28.471572","-91.728996"
"15","1","23944","Murphy Exploration & Production Company","CAIS","N","G05201","TERMIN","N","1991-01-01","2000-09-04","9.7","43","28.754725","-91.020375"
"56","1","23947","Murphy Exploration & Production Company","CAIS","N","G05540","TERMIN","N","1991-01-01","1999-09-02","8.7","24","28.905176","-90.832445"
"44","1","23963","Murphy Exploration & Production Company","CAIS","N","00072","RELINQ","N","1991-01-01","1999-08-21","8.6","35","28.93162208","-90.68112821"
"47","1","26010","Murphy Exploration & Production Company","CAIS","N","00072","RELINQ","N","1993-03-05","2004-11-20","11.7","26","28.902356","-90.696729"
"1","1","20675","Murphy Exploration & Production Company","CAIS","N","G14400","TERMIN","N","1958-01-01","1996-01-11","38","42","29.218973","-92.42554"
"A-PRD","5","20684","Murphy Exploration & Production Company","FIXED","Y","","","","1976-01-01","1995-12-17","20","42","29.226431","-92.424965"
"A","1","20684","Murphy Exploration & Production Company","CAIS","N","","","","1958-01-01","1995-12-17","38","42","29.226424","-92.425765"
"A-GEN","3","20684","Murphy Exploration & Production Company","FIXED","N","","","","1958-01-01","1995-12-17","38","42","29.226631","-92.425767"
"A-WELLS","4","20684","Murphy Exploration & Production Company","WP","N","","","","1958-01-01","1995-12-17","38","42","29.22621658","-92.42595984"
"A","2","20684","Murphy Exploration & Production Company","FIXED","N","","","","1958-01-01","1995-12-17","38","42","29.226427","-92.425451"
"B","1","22132","Murphy Exploration & Production Company","FIXED","Y","G14400","TERMIN","N","1978-01-01","1996-01-10","18","42","29.228879","-92.411304"
"A","1","23711","Murphy Exploration & Production Company","FIXED","Y","G05290","TERMIN","N","1989-01-01","1996-08-02","7.6","53","29.326985","-93.509514"
"2","1","23728","Murphy Exploration & Production Company","CAIS","N","G05290","TERMIN","N","1989-01-01","1995-11-23","6.9","50","29.329584","-93.517759"
"3","1","23729","Murphy Exploration & Production Company","CAIS","N","G05290","TERMIN","N","1989-01-01","1995-11-23","6.9","50","29.329256","-93.50639"
"A","1","23732","Murphy Exploration & Production Company","FIXED","Y","G05344","TERMIN","N","1990-01-01","1994-07-30","4.6","185","28.351255","-93.31192"
"4","1","22074","Kerr-McGee Corporation","CAIS","N","00336","TERMIN","N","1975-01-01","1996-08-14","21.6","12","29.064805","-91.281328"
"A","1","22548","Kerr-McGee Corporation","WP","N","G03168","TERMIN","N","1981-01-01","1990-09-17","9.7","131","28.438149","-90.813385"
"B","1","22098","Kerr-McGee Corporation","FIXED","Y","G02855","TERMIN","N","1978-01-01","1991-07-03","13.5","40","29.500913","-92.772856"
"A","2","22098","Kerr-McGee Corporation","FIXED","Y","G02855","TERMIN","N","1978-01-01","1991-07-03","13.5","40","29.502841","-92.772883"
"6","3","22098","Kerr-McGee Corporation","CAIS","N","G02855","TERMIN","N","1979-01-01","1991-07-03","12.5","40","29.50288","-92.772853"
"1","1","22873","Kerr-McGee Corporation","CAIS","N","G04412","TERMIN","N","1984-01-01","1989-08-10","5.6","23","29.665827","-93.014002"
"A","1","23113","Kerr-McGee Corporation","FIXED","Y","G05191","TERMIN","N","1985-01-01","1998-10-11","13.8","70","29.129029","-92.274025"
"B","2","23113","Kerr-McGee Corporation","FIXED","Y","G05191","TERMIN","N","1985-01-01","1997-06-13","12.4","70","29.128559","-92.274021"
"A","1","23619","Kerr-McGee Corporation","CAIS","N","G04415","TERMIN","N","1986-01-01","1990-06-25","4.5","49","29.440089","-92.869888"
"C","1","23634","Kerr-McGee Corporation","FIXED","Y","G05191","TERMIN","N","1985-01-01","1997-06-11","12.4","70","29.103361","-92.268538"
"A","1","10076","Kerr-McGee Corporation","FIXED","Y","G02380","TERMIN","N","1976-01-01","1997-06-07","21.4","191","28.098773","-94.511864"
"A","1","10207","Kerr-McGee Corporation","FIXED","Y","G03245","TERMIN","N","1980-01-01","1987-11-29","7.9","184","28.169117","-94.561276"
"A","1","10302","Kerr-McGee Corporation","CAIS","N","G06137","TERMIN","N","1986-01-01","1998-09-04","12.7","42","29.500727","-94.0236"
"A(REMOVED)","1","10305","Kerr-McGee Corporation","FIXED","Y","G07245","TERMIN","N","1986-01-01","1997-05-28","11.4","70","28.800022","-94.749553"
"A","1","21713","Kerr-McGee Corporation","FIXED","Y","G02010","TERMIN","N","1973-01-01","1991-06-21","18.5","185","28.344581","-93.489667"
"B","2","21713","Kerr-McGee Corporation","WP","N","G02010","TERMIN","N","1977-01-01","1991-06-21","14.5","185","28.344889","-93.489677"
"A","1","22160","Kerr-McGee Corporation","FIXED","Y","G03274","RELINQ","N","1978-01-01","1984-12-31","7","98","29.086427","-93.41035"
"A","1","22852","Kerr-McGee Corporation","FIXED","Y","G04754","TERMIN","N","1983-01-01","1997-05-26","14.4","37","29.471526","-93.421951"
"A","1","23743","Kerr-McGee Corporation","FIXED","Y","G06569","TERMIN","N","1990-01-01","1994-10-21","4.8","44","29.535206","-93.217061"
"1","1","24118","Kerr-McGee Corporation","CAIS","N","G09704","TERMIN","N","1993-01-29","1998-08-16","5.5","45","29.653422","-88.797089"
"1","1","22179","Texaco Inc.","CAIS","N","G03151","TERMIN","N","1979-01-01","1989-11-12","10.9","22","29.138539","-91.75429"
"A","1","21457","Texaco Inc.","FIXED","Y","00788","TERMIN","N","1969-01-01","1993-12-16","25","100","28.731844","-91.878818"
"A-PRD","2","21457","Texaco Inc.","FIXED","Y","00788","TERMIN","N","1969-01-01","1983-12-31","15","100","28.731844","-91.878818"
"B","1","21738","Texaco Inc.","FIXED","Y","00788","TERMIN","N","1973-01-01","1993-12-19","21","105","28.727263","-91.866742"
"B-PRD","2","21738","Texaco Inc.","FIXED","Y","00788","TERMIN","N","1975-01-01","1993-12-19","19","105","28.726862","-91.866737"
"1","1","21833","Texaco Inc.","CAIS","N","G02309","TERMIN","N","1973-01-01","1983-12-31","11","24","29.14363","-91.875757"
"2","1","22481","Texaco Inc.","CAIS","N","00554","EXPIR","N","1980-01-01","1990-08-29","10.7","28","29.334346","-92.436181"
"23","1","23132","Texaco Inc.","CAIS","N","G02868","RELINQ","N","1985-01-01","1986-12-31","2","15","29.450221","-92.200738"
"A","1","10001","Texaco Inc.","WP","N","G01733","EXPIR","N","1972-01-01","1979-12-31","8","110","28.296692","-95.464728"
"1","1","10024","Texaco Inc.","CAIS","N","G01819","TERMIN","N","1968-01-01","1976-12-31","9","38","29.370923","-93.982704"
"1","1","10038","Texaco Inc.","CAIS","N","G01817","RELINQ","N","1968-01-01","1976-12-31","9","43","29.328031","-93.878915"
"3","1","10041","Texaco Inc.","CAIS","N","G01846","RELINQ","N","1970-01-01","1975-12-31","6","50","29.293393","-93.815256"
"A","1","22772","Texaco Inc.","FIXED","Y","G04408","TERMIN","N","1983-01-01","1988-10-24","5.8","195","28.299413","-93.43011"
"B","1","20017","Conoco Inc.","WP","N","00838","UNIT","S","1960-01-01","1978-12-31","19","145","28.955268","-89.786554"
"F","1","20028","Conoco Inc.","FIXED","Y","00181","UNIT","S","1965-01-01","1996-09-29","31.7","135","28.952043","-89.835557"
"1","1","20037","Conoco Inc.","CAIS","N","00838","UNIT","S","1960-01-01","1976-12-31","17","144","28.965032","-89.775116"
"A","1","20038","Conoco Inc.","FIXED","Y","G01054","TERMIN","N","1967-01-01","1989-03-03","22.2","60","28.80898","-90.076345"
"W","1","20044","Conoco Inc.","FIXED","Y","G01580","TERMIN","N","1972-01-01","1980-12-31","9","92","29.035319","-89.89193"
"3","1","21955","Conoco Inc.","CAIS","N","G01582","TERMIN","N","1976-01-01","1989-02-24","13.1","90","28.961669","-89.925997"
"A","1","22284","Conoco Inc.","FIXED","Y","G03176","TERMIN","N","1979-01-01","1995-05-24","16.4","97","28.607399","-90.49229"
"A","1","22890","Conoco Inc.","FIXED","Y","G04894","TERMIN","N","1983-01-01","1991-03-24","8.2","100","29.05107545","-89.82571516"
"6","1","23501","Conoco Inc.","CAIS","N","00133","UNIT","S","1986-01-01","1991-03-24","5.2","100","28.942751","-90.01128"
"A","1","21000","Conoco Inc.","FIXED","Y","G01522","TERMIN","N","1968-01-01","1989-06-06","21.4","100","28.530577","-90.994368"
"A","1","21431","Conoco Inc.","FIXED","Y","00816","TERMIN","N","1960-01-01","1986-12-31","27","46","28.698094","-90.996669"
"B","1","21563","Conoco Inc.","FIXED","Y","00577","TERMIN","N","1958-01-01","1983-12-31","26","90","28.68283236","-91.51292292"
"2","1","21656","Conoco Inc.","CAIS","N","00816","TERMIN","N","1961-01-01","1976-12-31","16","45","28.690318","-91.005376"
"G","1","21770","Conoco Inc.","FIXED","Y","00577","TERMIN","N","1974-01-01","1981-12-31","8","100","28.687805","-91.516034"
"C","1","22374","Conoco Inc.","FIXED","Y","00816","TERMIN","N","1980-01-01","1993-07-19","13.5","50","28.673235","-91.022463"
"A","1","22562","Conoco Inc.","FIXED","Y","G03413","TERMIN","N","1980-01-01","1993-07-24","13.6","110","28.442683","-90.923077"
"A","1","23588","Conoco Inc.","FIXED","Y","G07733","TERMIN","N","1989-01-01","1993-09-10","4.7","127","28.614712","-91.784195"
"A","1","20137","Conoco Inc.","FIXED","Y","G00934","TERMIN","N","1965-01-01","1993-09-26","28.7","58","29.276852","-92.740803"
"B","2","20137","Conoco Inc.","WP","N","G00934","TERMIN","N","1977-01-01","1993-09-26","16.7","58","29.277007","-92.740972"
"H","1","20208","Conoco Inc.","WP","N","00187","TERMIN","N","1968-01-01","1995-04-18","27.3","57","29.26704","-93.001086"
"A","1","21020","Conoco Inc.","FIXED","Y","00494","RELINQ","N","1957-01-01","1980-12-31","24","71","29.088977","-92.53069"
"G","1","21154","Conoco Inc.","FIXED","Y","00160","TERMIN","N","1966-01-01","1983-12-31","18","49","29.376372","-92.950348"
"A","1","22054","Conoco Inc.","FIXED","Y","G03294","TERMIN","N","1977-01-01","1991-08-17","14.6","63","29.217568","-92.827458"
"A","1","22099","Conoco Inc.","FIXED","Y","G03133","TERMIN","N","1978-01-01","1989-06-15","11.5","123","28.592315","-92.612466"
"A","1","22446","Conoco Inc.","WP","N","G02880","TERMIN","N","1981-01-01","1988-04-14","7.3","190","28.39482","-91.925298"
"F","1","20116","Conoco Inc.","FIXED","Y","00193","TERMIN","N","1966-01-01","1992-11-22","26.9","64","29.278819","-93.097483"
"2","1","20117","Conoco Inc.","CAIS","N","00190","TERMIN","N","1971-01-01","1979-12-31","9","57","29.305251","-93.015166"
"E","1","20210","Conoco Inc.","WP","N","00190","TERMIN","N","1956-01-01","1979-12-31","24","56","29.293901","-93.037696"
"4","1","20211","Conoco Inc.","FIXED","Y","00193","TERMIN","N","1971-01-01","1983-12-31","13","60","29.288743","-93.075948"
"1","1","21013","Conoco Inc.","FIXED","Y","00190","TERMIN","N","1971-01-01","1979-12-31","9","57","29.301724","-93.041757"
"G","1","21014","Conoco Inc.","FIXED","Y","00766","TERMIN","N","1966-01-01","1992-10-13","26.8","58","29.249108","-93.138889"
"A","1","21141","Conoco Inc.","FIXED","Y","G01470","TERMIN","N","1970-01-01","1988-11-15","18.9","44","29.477796","-93.282878"
"A","1","21699","Conoco Inc.","FIXED","Y","G02126","TERMIN","N","1972-01-01","1990-08-15","18.6","35","29.606822","-93.033433"
"A","1","22410","Conoco Inc.","FIXED","Y","G03383","TERMIN","N","1980-01-01","1991-08-24","11.6","129","28.58276","-93.047642"
"F","1","22414","Conoco Inc.","FIXED","Y","G02820","TERMIN","N","1980-01-01","1988-01-27","8.1","30","29.681034","-93.167962"
"A","1","22534","Conoco Inc.","FIXED","Y","G03501","TERMIN","N","1981-01-01","1988-09-24","7.7","78","28.970596","-93.058928"
"CJ","1","23734","Conoco Inc.","WP","N","G03383","TERMIN","N","1990-01-01","1996-12-12","6.9","128","28.587021","-93.079744"
"A","1","22448","Atlantic Richfield Company","FIXED","Y","G04194","TERMIN","N","1981-01-01","1985-12-31","5","50","29.329079","-93.195047"
"A-AUX","2","22448","Atlantic Richfield Company","CAIS","N","G04194","TERMIN","N","1982-01-01","1985-12-31","4","50","29.328804","-93.195042"
"1","1","23488","Union Oil Company of California","CAIS","N","G05752","TERMIN","N","1988-01-01","2008-10-10","20.8","50","30.077761","-87.963757"
"1","1","23489","Union Oil Company of California","CAIS","N","G05753","UNIT","S","1987-01-01","1999-11-11","12.9","53","30.081812","-87.886439"
"1","1","23490","Union Oil Company of California","CAIS","N","G05761","UNIT","S","1987-01-01","2009-08-10","22.6","50","30.055442","-87.871166"
"C","1","20073","Union Oil Company of California","FIXED","Y","G01031","TERMIN","N","1969-01-01","2025-06-02","56.4","186","28.369678","-91.087129"
"C","1","20483","Union Oil Company of California","WP","N","G01230","SOP","S","1962-01-01","1993-11-29","31.9","110","28.506726","-90.902617"
"1","1","20521","Union Oil Company of California","CAIS","N","00817","TERMIN","N","1965-01-01","1981-12-31","17","46","28.707182","-90.989646"
"1","1","20657","Union Oil Company of California","CAIS","N","00196","RELINQ","N","1957-01-01","1983-12-31","27","12","29.309828","-91.541626"
"D","1","20658","Union Oil Company of California","WP","N","00196","RELINQ","N","1954-01-01","1980-12-31","27","14","29.31453165","-91.53585271"
"D-HEL","2","20658","Union Oil Company of California","FIXED","N","00196","RELINQ","N","1954-01-01","1980-12-31","27","14","29.31425665","-91.53585216"
"D-MET","3","20658","Union Oil Company of California","FIXED","N","00196","RELINQ","N","1954-01-01","1980-12-31","27","14","29.31425665","-91.53585216"
"6","1","20659","Union Oil Company of California","CAIS","N","00196","RELINQ","N","1964-01-01","1995-12-15","32","12","29.305461","-91.539013"
"7","1","20660","Union Oil Company of California","CAIS","N","00196","RELINQ","N","1964-01-01","1983-12-31","20","12","29.317431","-91.533546"
"19","1","20661","Union Oil Company of California","CAIS","N","00196","RELINQ","N","1969-01-01","1995-12-15","27","12","29.295965","-91.526539"
"8","1","20662","Union Oil Company of California","CAIS","N","00196","RELINQ","N","1964-01-01","","","12","29.311445","-91.527196"
"18","1","20663","Union Oil Company of California","CAIS","N","00196","RELINQ","N","1965-01-01","1995-12-14","30.9","12","29.297332","-91.531561"
"16","1","20664","Union Oil Company of California","CAIS","N","00196","RELINQ","N","1964-01-01","","","12","29.302503","-91.529297"
"17","1","20665","Union Oil Company of California","CAIS","N","00196","RELINQ","N","1965-01-01","1995-12-15","31","12","29.305705","-91.539499"
"22","1","20674","Union Oil Company of California","CAIS","N","00196","RELINQ","N","1973-01-01","","","12","29.310026","-91.532113"
"12","1","20692","Union Oil Company of California","FIXED","N","00196","RELINQ","N","1957-01-01","","","12","29.307643","-91.531268"
"H","1","20693","Union Oil Company of California","CAIS","N","00196","RELINQ","N","1957-01-01","","","12","29.307211","-91.525714"
"9","1","20694","Union Oil Company of California","CAIS","N","00196","RELINQ","N","1965-01-01","1995-12-16","31","12","29.31576","-91.52893"
"20","1","20695","Union Oil Company of California","CAIS","N","00196","RELINQ","N","1972-01-01","","","12","29.30696","-91.529698"
"10","1","20696","Union Oil Company of California","CAIS","N","00196","RELINQ","N","1965-01-01","","","12","29.31244457","-91.52289982"
"4","1","20697","Union Oil Company of California","CAIS","N","00196","RELINQ","N","1958-01-01","1983-12-31","26","12","29.309924","-91.533249"
"15","1","20698","Union Oil Company of California","CAIS","N","00196","RELINQ","N","1964-01-01","1995-12-16","32","12","29.304767","-91.523262"
"21","1","20699","Union Oil Company of California","CAIS","N","00196","RELINQ","N","1972-01-01","1983-12-31","12","12","29.305561","-91.545451"
"5","1","20700","Union Oil Company of California","CAIS","N","00196","RELINQ","N","1959-01-01","","","12","29.310919","-91.529705"
"E-CRANE","3","20701","Union Oil Company of California","FIXED","N","00196","RELINQ","N","1954-01-01","1991-07-05","37.5","12","29.30076972","-91.52999921"
"E","1","20701","Union Oil Company of California","FIXED","N","00196","RELINQ","N","1954-01-01","","","12","29.30077019","-91.52968549"
"E-PRD","2","20701","Union Oil Company of California","FIXED","Y","00196","RELINQ","N","1954-01-01","","","12","29.30104519","-91.52968603"
"27","4","20701","Union Oil Company of California","CAIS","N","00196","RELINQ","N","1994-01-01","","","12","29.30053659","-91.52949682"
"14","1","20702","Union Oil Company of California","CAIS","N","00196","RELINQ","N","1958-01-01","1995-12-15","38","14","29.299374","-91.543016"
"F-CMP","2","20721","Union Oil Company of California","FIXED","Y","00196","RELINQ","N","1972-01-01","","","12","29.306604","-91.534356"
"F-TANK","3","20721","Union Oil Company of California","FIXED","Y","00196","RELINQ","N","1954-01-01","","","12","29.306603","-91.53467"
"F-TRT","4","20721","Union Oil Company of California","FIXED","N","00196","RELINQ","N","1954-01-01","","","12","29.306604","-91.534042"
"F PROD","1","20721","Union Oil Company of California","FIXED","Y","00196","RELINQ","N","1954-01-01","","","12","29.30707667","-91.53463606"
"A","1","20725","Union Oil Company of California","FIXED","Y","00817","TERMIN","N","1968-01-01","1981-12-31","14","46","28.697546","-90.981889"
"A-AUX","2","20725","Union Oil Company of California","FIXED","Y","00817","TERMIN","N","1972-01-01","1981-12-31","10","46","28.697318","-90.98189"
"A","3","20725","Union Oil Company of California","CAIS","N","00817","TERMIN","N","1978-01-01","1981-12-31","4","46","28.697832","-90.982025"
"B-PRD","1","21571","Union Oil Company of California","FIXED","Y","G00989","PROD","S","1965-01-01","2010-07-23","45.6","172","28.44477","-91.471467"
"B-QTR","3","21571","Union Oil Company of California","FIXED","N","G00989","PROD","S","1972-01-01","2009-11-15","37.9","172","28.444099","-91.472048"
"B-AUX","2","21571","Union Oil Company of California","FIXED","Y","G00989","PROD","S","1971-01-01","2009-11-15","38.9","172","28.44477","-91.471156"
"D","1","21573","Union Oil Company of California","FIXED","Y","G00989","PROD","S","1968-01-01","2010-09-02","42.7","176","28.428485","-91.465847"
"1","1","21658","Union Oil Company of California","CAIS","N","00827","SOP","S","1960-01-01","1975-12-31","16","100","28.519723","-90.864944"
"3","1","21659","Union Oil Company of California","CAIS","N","00827","SOP","S","1966-01-01","1998-08-01","32.6","100","28.527759","-90.877821"
"5","1","21660","Union Oil Company of California","CAIS","N","00827","SOP","S","1966-01-01","1989-11-02","23.8","97","28.523069","-90.858899"
"A","1","21798","Union Oil Company of California","FIXED","Y","00196","RELINQ","N","1949-01-01","","","10","29.31081","-91.536375"
"24","6","21798","Union Oil Company of California","CAIS","N","00196","RELINQ","N","1979-01-01","","","10","29.311301","-91.535692"
"30","9","21798","Union Oil Company of California","CAIS","N","00196","RELINQ","N","1999-02-12","","","10","29.31140241","-91.53568011"
"A-PRD","2","21798","Union Oil Company of California","FIXED","Y","00196","RELINQ","N","1949-01-01","","","10","29.310809","-91.536689"
"A-TNK","3","21798","Union Oil Company of California","FIXED","N","00196","RELINQ","N","1949-01-01","","","10","29.31081","-91.536062"
"A-QRT","4","21798","Union Oil Company of California","FIXED","N","00196","RELINQ","N","1949-01-01","","","10","29.310535","-91.536375"
"23","5","21798","Union Oil Company of California","CAIS","N","00196","RELINQ","N","1979-01-01","","","10","29.311223","-91.53584"
"25","7","21798","Union Oil Company of California","CAIS","N","00196","RELINQ","N","1979-01-01","","","10","29.311405","-91.535548"
"26","8","21798","Union Oil Company of California","FIXED","N","00196","RELINQ","N","1993-01-01","","","10","29.31151009","-91.53540109"
"2","1","22342","Union Oil Company of California","CAIS","N","G02893","RELINQ","N","1980-01-01","2004-11-06","24.8","14","29.359826","-91.771613"
"3","1","22550","Union Oil Company of California","CAIS","N","G02893","RELINQ","N","1981-01-01","2000-07-10","19.5","14","29.357538","-91.786956"
"A","1","22558","Union Oil Company of California","FIXED","Y","G03570","TERMIN","N","1981-01-01","1985-12-31","5","200","28.368218","-91.385106"
"1","1","22638","Union Oil Company of California","CAIS","N","G03560","TERMIN","N","1983-01-01","2007-02-11","24.1","10","29.316495","-91.515151"
"7","1","22680","Union Oil Company of California","CAIS","N","G02893","RELINQ","N","1982-01-01","1999-08-11","17.6","13","29.36635","-91.799104"
"5","1","22681","Union Oil Company of California","CAIS","N","G02893","RELINQ","N","1982-01-01","1999-09-02","17.7","12","29.36642","-91.792584"
"A","1","23121","Union Oil Company of California","FIXED","Y","G03990","TERMIN","N","1984-01-01","1997-11-03","13.8","21","29.252673","-91.664904"
"A-AUX","2","23121","Union Oil Company of California","FIXED","Y","G03990","TERMIN","N","1987-01-01","1997-11-03","10.8","21","29.252398","-91.664903"
"7","3","23121","Union Oil Company of California","CAIS","N","G03990","TERMIN","N","1987-01-01","1997-11-03","10.8","21","29.252629","-91.664816"
"A","1","23163","Union Oil Company of California","FIXED","Y","G04225","TERMIN","N","1985-01-01","2009-09-17","24.7","200","28.361175","-91.487081"
"B (#4)","1","23191","Union Oil Company of California","CAIS","N","G03990","TERMIN","N","1984-01-01","1997-11-04","13.8","21","29.254758","-91.675225"
"2","1","23288","Union Oil Company of California","CAIS","N","G03560","TERMIN","N","1986-01-01","2007-02-08","21.1","10","29.327597","-91.518755"
"3","1","23320","Union Oil Company of California","CAIS","N","G03560","TERMIN","N","1988-01-01","2007-02-12","19.1","10","29.324898","-91.519672"
"3","2","20509","Union Oil Company of California","CAIS","N","00204","TERMIN","N","1977-01-01","2024-09-21","47.7","39","29.43124","-92.523611"
"2","1","20509","Union Oil Company of California","CAIS","N","00204","TERMIN","N","1957-01-01","2024-09-29","67.7","39","29.431308","-92.523373"
"C-3","2","20528","Union Oil Company of California","CAIS","Y","00208","TERMIN","N","1979-01-01","1999-08-26","20.6","39","29.410844","-92.559746"
"C","1","20528","Union Oil Company of California","WP","Y","00208","TERMIN","N","1955-01-01","1999-08-26","44.6","39","29.410844","-92.559746"
"A","1","20533","Union Oil Company of California","FIXED","Y","G01177","TERMIN","N","1962-01-01","2005-07-16","43.5","65","28.995896","-92.016082"
"A-QRT","2","20533","Union Oil Company of California","FIXED","N","G01177","TERMIN","N","1973-01-01","2005-07-16","32.5","65","28.995897","-92.015769"
"A-RSR","6","20639","Union Oil Company of California","FIXED","N","","","","1950-01-01","2026-07-13","76.5","39","29.443075","-92.534044"
"A-PRD","2","20639","Union Oil Company of California","FIXED","Y","","","","1953-01-01","2026-07-20","73.5","39","29.44278","-92.536221"
"H","1","20639","Union Oil Company of California","FIXED","Y","","","","1948-01-01","2026-07-17","78.5","39","29.443047","-92.536224"
"A-CMP","3","20639","Union Oil Company of California","FIXED","Y","","","","1953-01-01","2026-07-07","73.5","39","29.442786","-92.535527"
"A-QTR","4","20639","Union Oil Company of California","FIXED","N","","","","1978-01-01","2025-08-05","47.6","39","29.443061","-92.53553"
"A-AUX","5","20639","Union Oil Company of California","FIXED","N","","","","1948-01-01","2025-08-06","77.6","39","29.443075","-92.534044"
"B","1","20640","Union Oil Company of California","FIXED","Y","00205","TERMIN","N","1954-01-01","2012-09-26","58.7","39","29.44989","-92.511968"
"3","2","20640","Union Oil Company of California","CAIS","N","00205","TERMIN","N","1954-01-01","2012-09-22","58.7","39","29.449568","-92.5117"
"2","1","20761","Union Oil Company of California","WP","N","00341","TERMIN","N","1953-01-01","1994-01-28","41.1","41","29.429042","-92.542289"
"1","1","20762","Union Oil Company of California","CAIS","N","00341","TERMIN","N","1953-01-01","1994-01-29","41.1","41","29.420804","-92.547777"
"J","1","20877","Union Oil Company of California","FIXED","Y","00341","TERMIN","N","1953-01-01","1994-01-28","41.1","40","29.429886","-92.537869"
"J-AUX","2","20877","Union Oil Company of California","FIXED","Y","00341","TERMIN","N","1953-01-01","1994-01-28","41.1","40","29.429883","-92.538121"
"4","1","20900","Union Oil Company of California","CAIS","N","G01182","TERMIN","N","1965-01-01","1985-12-31","21","68","28.974747","-92.00576"
"I","1","20902","Union Oil Company of California","WP","N","G01182","TERMIN","N","1967-01-01","2003-06-21","36.5","68","28.964539","-91.986437"
"48","1","20903","Union Oil Company of California","CAIS","N","G01182","TERMIN","N","1972-01-01","1999-01-15","27","70","28.961976","-91.99722"
"H","1","20905","Union Oil Company of California","WP","N","G01182","TERMIN","N","1967-01-01","1999-01-10","32","68","28.96340164","-91.99076194"
"G","1","20906","Union Oil Company of California","WP","N","G01182","TERMIN","N","1967-01-01","1998-12-16","32","68","28.967021","-91.993751"
"F","1","20907","Union Oil Company of California","WP","N","G01182","TERMIN","N","1967-01-01","1998-12-06","31.9","68","28.96952026","-91.99923059"
"E","1","20908","Union Oil Company of California","WP","N","G01182","TERMIN","N","1967-01-01","1999-01-11","32","68","28.96544562","-91.99121107"
"N","1","20909","Union Oil Company of California","FIXED","N","G01182","TERMIN","N","1966-01-01","2003-08-06","37.6","68","28.96749195","-91.9968252"
"1","1","20926","Union Oil Company of California","CAIS","N","00557","TERMIN","N","1958-01-01","1979-12-31","22","30","29.314258","-92.398126"
"C","1","21211","Union Oil Company of California","FIXED","Y","G01177","TERMIN","N","1962-01-01","1975-12-31","14","65","29.00991","-92.015511"
"B","1","21212","Union Oil Company of California","FIXED","Y","G01177","TERMIN","N","1962-01-01","2005-07-16","43.5","68","28.983665","-92.012656"
"1","1","21598","Union Oil Company of California","CAIS","N","G01182","TERMIN","N","1962-01-01","1999-01-13","37","70","28.960158","-91.986909"
"1","1","21601","Union Oil Company of California","FIXED","Y","00781","RELINQ","N","1962-01-01","1983-12-31","22","62","28.853454","-91.879316"
"3","2","21601","Union Oil Company of California","WP","N","00781","RELINQ","N","1967-01-01","1983-12-31","17","62","28.853539","-91.879298"
"1","1","21792","Union Oil Company of California","CAIS","N","G02565","EXPIR","N","1974-01-01","1979-12-31","6","50","29.4399","-92.629912"
"E-AUX1","1","21902","Union Oil Company of California","FIXED","Y","","","","1975-01-01","2025-08-28","50.7","36","29.43991533","-92.49564876"
"E","2","21902","Union Oil Company of California","FIXED","Y","","","","1975-01-01","2025-08-24","50.6","36","29.439912","-92.49596"
"E-7","3","21902","Union Oil Company of California","CAIS","N","","","","1981-01-01","2025-09-26","44.7","36","29.44018244","-92.49561102"
"E-AUX2","4","21902","Union Oil Company of California","FIXED","N","","","","1990-01-01","2025-08-10","35.6","36","29.43972414","-92.49704774"
"2","1","22022","Union Oil Company of California","CAIS","N","G02068","TERMIN","N","1976-01-01","1985-12-31","10","41","29.310015","-92.509128"
"A","1","22044","Union Oil Company of California","FIXED","N","G02081","TERMIN","N","1977-01-01","2004-07-17","27.5","160","28.508672","-92.612009"
"A-AUX","2","22044","Union Oil Company of California","CAIS","Y","G02081","TERMIN","N","1977-01-01","2004-07-17","27.5","160","28.508675","-92.611695"
"1","1","22083","Union Oil Company of California","CAIS","N","00208","TERMIN","N","1976-01-01","1999-08-23","23.6","30","29.408211","-92.544748"
"L","2","22083","Union Oil Company of California","WP","N","00208","TERMIN","N","1988-01-01","1999-08-23","11.6","30","29.408209","-92.545062"
"A","1","22365","Union Oil Company of California","WP","N","G04208","RELINQ","N","1980-01-01","2005-08-10","25.6","17","29.466509","-92.310863"
"3","1","22568","Union Oil Company of California","FIXED","Y","G02068","TERMIN","N","1982-01-01","1985-12-31","4","44","29.308507","-92.513446"
"2","1","22620","Union Oil Company of California","CAIS","N","G02869","TERMIN","N","1982-01-01","1999-10-30","17.8","38","29.450897","-92.611863"
"A","1","22715","Union Oil Company of California","FIXED","Y","G04261","TERMIN","N","1982-01-01","2008-11-11","26.9","217","28.248711","-92.307414"
"6","1","23202","Union Oil Company of California","CAIS","N","00206","TERMIN","N","1979-01-01","1996-06-04","17.4","39","29.44284958","-92.53615552"
"M","1","23282","Union Oil Company of California","FIXED","N","00204","TERMIN","N","1986-01-01","2026-06-25","40.5","23","29.42383","-92.511219"
"K-1","1","23676","Union Oil Company of California","CAIS","N","00204","TERMIN","N","1987-01-01","2026-07-02","39.5","45","29.425915","-92.502341"
"K","2","23676","Union Oil Company of California","FIXED","Y","00204","TERMIN","N","1988-01-01","2026-06-30","38.5","45","29.425954","-92.502561"
"A","1","10071","Union Oil Company of California","FIXED","Y","G01757","TERMIN","N","1975-01-01","","","188","27.902779","-95.987635"
"A","1","10080","Union Oil Company of California","FIXED","Y","G02732","TERMIN","N","1976-01-01","2001-10-18","25.8","212","28.241042","-93.877419"
"A","1","10127","Union Oil Company of California","FIXED","Y","G02427","TERMIN","N","1979-01-01","1995-10-23","16.8","239","28.094364","-93.866509"
"A-AUX","2","10127","Union Oil Company of California","FIXED","Y","G02427","TERMIN","N","1980-01-01","1995-10-23","15.8","239","28.094489","-93.866193"
"A","1","10212","Union Oil Company of California","FIXED","Y","G02646","TERMIN","N","1982-01-01","","","924","27.827395","-94.626023"
"A","1","10505","Union Oil Company of California","WP","N","G09093","TERMIN","N","1990-01-01","2004-07-13","14.5","56","29.109513","-94.054779"
"B","1","10572","Union Oil Company of California","FIXED","Y","G01757","TERMIN","N","1994-12-30","","","188","27.882169","-95.965506"
"A-AUX","2","23736","Union Oil Company of California","FIXED","Y","G05292","TERMIN","N","1994-07-11","2013-12-02","19.4","57","29.307871","-93.315013"
"A","1","23736","Union Oil Company of California","FIXED","Y","G05292","TERMIN","N","1990-05-22","2013-12-02","23.5","57","29.307574","-93.315518"
"4","1","23766","Union Oil Company of California","CAIS","N","G03264","TERMIN","N","1991-01-01","2013-12-16","23","65","29.305476","-93.286593"
"A","1","10218","Union Oil Company of California","FIXED","Y","G04549","TERMIN","N","1982-01-01","1997-04-20","15.3","112","27.882367","-96.536595"
"A","1","10341","Union Oil Company of California","FIXED","Y","G06048","TERMIN","N","1989-01-01","1999-11-05","10.8","114","27.987118","-96.354198"
"5","1","26056","Union Oil Company of California","CAIS","N","G03560","TERMIN","N","1993-10-12","2007-01-27","13.3","10","29.31857324","-91.47866244"
"28","1","26053","Union Oil Company of California","CAIS","N","00196","RELINQ","N","1994-01-01","2026-07-10","32.5","12","29.320128","-91.547596"
"B","1","24176","Union Oil Company of California","FIXED","Y","G05753","UNIT","S","1994-12-05","2007-07-22","12.6","52","30.10017449","-87.90224463"
"CAIS.#2","1","33031","Union Oil Company of California","CAIS","N","G12863","TERMIN","N","1996-07-12","2000-08-06","4.1","23","29.28732527","-92.30870514"
"1","1","28058","Union Oil Company of California","FIXED","N","G15769","TERMIN","N","1996-08-29","2008-07-23","11.9","38","29.47220511","-93.89678774"
"CAIS.#29","1","32038","Union Oil Company of California","FIXED","N","00196","RELINQ","N","1996-08-15","","","10","29.31148501","-91.53561753"
"A","1","80025","Union Oil Company of California","WP","Y","G03560","TERMIN","N","1997-04-03","2007-01-23","9.8","12","29.29873221","-91.48432133"
"B","1","230","Union Oil Company of California","WP","N","G13574","TERMIN","N","1998-06-25","2004-03-26","5.8","53","29.39021823","-92.9080795"
"CAIS.#2","1","275","Union Oil Company of California","CAIS","N","G05752","TERMIN","N","1998-08-26","2008-10-07","10.1","50","30.07314664","-87.94230624"
"CAIS.#3","1","286","Union Oil Company of California","CAIS","N","G05754","UNIT","S","1998-11-11","2011-10-04","12.9","55","30.0726488","-87.84649912"
"A","1","306","Union Oil Company of California","FIXED","N","G19711","EXPIR","N","1999-03-01","2004-07-16","5.4","90","28.8125906","-93.06429175"
"A","1","311","Union Oil Company of California","CAIS","N","G12114","UNIT","S","1999-02-20","2011-03-25","12.1","60","30.0772939","-87.82935053"
"C","1","432","Union Oil Company of California","FIXED","N","G05749","UNIT","S","2000-05-25","2009-07-26","9.2","61","30.09479501","-88.50740229"
"1","1","1023","Union Oil Company of California","CAIS","N","G16123","TERMIN","N","2001-08-11","2006-10-10","5.2","58","29.2920302","-93.33904592"
"1","1","21253","Four Star Oil & Gas Company","CAIS","N","G01868","TERMIN","N","1969-01-01","1975-12-31","7","9","29.11665643","-91.05707396"
"4","1","21403","Four Star Oil & Gas Company","CAIS","N","G01868","TERMIN","N","1970-01-01","1979-12-31","10","9","29.11413","-91.064981"
"4-HTR","2","21403","Four Star Oil & Gas Company","FIXED","N","G01868","TERMIN","N","1970-01-01","1979-12-31","10","9","29.113855","-91.064982"
"2","1","21213","Dixilyn Corporation","FIXED","Y","G01183","EXPIR","N","1966-01-01","1977-12-31","12","84","28.899741","-92.118112"
"C","1","20648","Energy Resource Technology, Inc.","FIXED","Y","G01984","TERMIN","N","1971-01-01","1994-11-19","23.9","146","28.471784","-91.269236"
"JD","1","21548","Energy Resource Technology, Inc.","WP","N","00442","TERMIN","N","1959-01-01","2002-08-07","43.6","51","28.947273","-91.606484"
"6","1","21550","Energy Resource Technology, Inc.","CAIS","N","00442","TERMIN","N","1959-01-01","2002-04-21","43.3","56","28.94515","-91.608966"
"JA7","1","23295","Energy Resource Technology, Inc.","FIXED","Y","00442","TERMIN","N","1959-01-01","2002-10-24","43.8","55","28.942302","-91.609965"
"B","1","23965","Energy Resource Technology, Inc.","CAIS","N","","","","1992-08-01","2010-07-19","18","17","28.97853291","-91.1814194"
"A - AUX","1","21501","Energy Resource Technology, Inc.","FIXED","Y","G02037","TERMIN","N","1973-01-01","2007-06-20","34.5","110","28.647901","-92.790746"
"PROD","2","21501","Energy Resource Technology, Inc.","CAIS","Y","G02037","TERMIN","N","1973-11-06","2007-06-19","33.6","110","28.647897","-92.791058"
"A","1","21723","Energy Resource Technology, Inc.","FIXED","Y","G02071","TERMIN","N","1972-01-01","2003-08-21","31.6","82","28.986277","-92.380448"
"A-AUX","2","21723","Energy Resource Technology, Inc.","FIXED","Y","G02071","TERMIN","N","1982-01-01","2003-08-21","21.6","82","28.98594","-92.38097"
"A","1","21724","Energy Resource Technology, Inc.","FIXED","Y","G02075","TERMIN","N","1972-01-01","2008-12-08","36.9","83","28.787875","-92.608532"
"A","1","21906","Energy Resource Technology, Inc.","FIXED","Y","G02038","TERMIN","N","1975-01-01","2008-07-04","33.5","120","28.614648","-92.792981"
"F","2","21906","Energy Resource Technology, Inc.","WP","N","G02038","TERMIN","N","1986-01-01","2008-08-11","22.6","120","28.615189","-92.79354"
"A","1","21973","Energy Resource Technology, Inc.","FIXED","Y","G02562","TERMIN","N","1980-01-01","2006-07-07","26.5","45","29.467181","-92.639715"
"B","1","22239","Energy Resource Technology, Inc.","FIXED","Y","G02038","TERMIN","N","1979-01-01","2007-07-11","28.5","122","28.60029","-92.777354"
"E","1","22669","Energy Resource Technology, Inc.","WP","N","G02038","TERMIN","N","1982-01-01","2002-05-29","20.4","119","28.622119","-92.805935"
"C","1","22670","Energy Resource Technology, Inc.","FIXED","Y","G02038","TERMIN","N","1981-01-01","2007-07-13","26.5","121","28.595177","-92.794326"
"5","1","22671","Energy Resource Technology, Inc.","WP","N","G02075","TERMIN","N","1982-01-01","2002-09-17","20.7","105","28.763296","-92.598729"
"4","1","22684","Energy Resource Technology, Inc.","CAIS","N","G02562","TERMIN","N","1982-01-01","2005-12-26","24","40","29.475891","-92.625264"
"4","1","23345","Energy Resource Technology, Inc.","CAIS","N","G09534","TERMIN","N","1989-01-01","2005-05-08","16.3","82","28.896209","-92.151699"
"7","1","23630","Energy Resource Technology, Inc.","CAIS","N","G01130","TERMIN","N","1987-01-01","1995-02-07","8.1","85","28.926632","-92.162854"
"8","1","24041","Energy Resource Technology, Inc.","CAIS","N","G01130","TERMIN","N","1992-11-26","2005-03-05","12.3","89","28.914133","-92.162469"
"B","1","24050","Energy Resource Technology, Inc.","FIXED","Y","G02037","TERMIN","N","1993-06-27","2007-06-21","14","118","28.653597","-92.773153"
"B","1","10004","Energy Resource Technology, Inc.","FIXED","Y","00511","TERMIN","N","1969-01-01","1989-11-25","20.9","45","29.44225437","-94.1397835"
"2","1","10168","Energy Resource Technology, Inc.","FIXED","N","G04140","TERMIN","N","1981-01-01","2004-08-04","23.6","60","28.522001","-95.673279"
"7","1","10263","Energy Resource Technology, Inc.","FIXED","Y","G22056","","","1985-01-01","2009-09-05","24.7","60","28.516346","-95.6435"
"1","1","10426","Energy Resource Technology, Inc.","CAIS","N","G12363","TERMIN","N","1988-01-01","2008-03-30","20.2","73","28.507622","-95.652007"
"A","1","10436","Energy Resource Technology, Inc.","FIXED","Y","G07281","TERMIN","N","1988-01-01","1994-09-11","6.7","50","29.182674","-94.30338"
"3","1","10542","Energy Resource Technology, Inc.","CAIS","N","G07300","TERMIN","N","1991-01-01","2007-07-21","16.6","84","28.815856","-94.260801"
"3","1","21801","Energy Resource Technology, Inc.","FIXED","Y","G01471","TERMIN","N","1975-01-01","1999-12-31","25","51","29.371881","-93.029777"
"A","1","23082","Energy Resource Technology, Inc.","FIXED","Y","G05182","TERMIN","N","1985-01-01","2004-06-24","19.5","58","29.258489","-93.173814"
"A(Removed)","1","23670","Energy Resource Technology, Inc.","FIXED","Y","G01471","TERMIN","N","1988-01-01","1997-06-23","9.5","51","29.369432","-93.056806"
"A","1","23691","Energy Resource Technology, Inc.","FIXED","Y","G04761","TERMIN","N","1988-01-01","2000-04-29","12.3","88","28.825917","-93.137644"
"7","1","10327","Energy Resource Technology, Inc.","CAIS","N","G06037","TERMIN","N","1989-07-22","2005-06-23","15.9","86","28.137382","-96.227382"
"A","1","24056","Energy Resource Technology, Inc.","FIXED","Y","G11896","TERMIN","N","1994-02-03","2008-06-20","14.4","217","28.246144","-92.419494"
"2","1","24078","Energy Resource Technology, Inc.","WP","N","G10632","TERMIN","N","1994-04-24","2000-04-20","6","123","28.63451","-92.816136"
"7","1","29020","Energy Resource Technology, Inc.","CAIS","N","G03275","TERMIN","N","1994-01-01","2001-05-27","7.4","69","29.08316592","-93.37652172"
"C","1","27027","Energy Resource Technology, Inc.","WP","N","G02037","TERMIN","N","1995-01-01","2007-06-23","12.5","118","28.67097667","-92.79482026"
"A","1","24234","Energy Resource Technology, Inc.","WP","Y","G10842","RELINQ","N","1995-08-30","2003-10-25","8.2","213","28.32383943","-90.38004043"
"3","1","28052","Energy Resource Technology, Inc.","CAIS","N","G13330","TERMIN","N","1996-07-02","1999-09-29","3.2","59","28.9969453","-94.21992631"
"A","1","80006","Energy Resource Technology, Inc.","FIXED","N","G12950","TERMIN","N","1997-03-07","2006-07-10","9.3","123","28.49363648","-91.14977721"
"CAIS..#3","1","179","Energy Resource Technology, Inc.","CAIS","N","G04761","TERMIN","N","1998-05-13","2004-03-30","5.9","85","28.83325374","-93.12215065"
"2","1","40005","Energy Resource Technology, Inc.","FIXED","N","G13330","TERMIN","N","1998-01-18","1999-09-29","1.7","59","29.01271962","-94.20092675"
"A","1","208","Energy Resource Technology, Inc.","FIXED","Y","G18041","TERMIN","N","1998-05-09","2008-12-18","10.6","96","28.59608154","-90.48010278"
"A","1","285","Energy Resource Technology, Inc.","FIXED","Y","G15066","TERMIN","N","1998-11-08","2002-12-03","4.1","57","29.28743277","-93.25923683"
"A","1","576","Energy Resource Technology, Inc.","FIXED","Y","G14544","TERMIN","N","1999-10-28","2008-07-07","8.7","181","28.35915535","-90.38312416"
"A (Typhoon TLP)","1","735","Energy Resource Technology, Inc.","MTLP","Y","G15563","PROD","S","2001-07-10","2006-06-29","5","2107","27.73156398","-91.11114852"
"B","1","10200","Seagull Natural Gas Company","FIXED","N","","","","1981-01-01","1999-07-15","18.5","68","28.30565322","-96.23468527"
"TC","2","10200","Seagull Natural Gas Company","WP","N","","","","1983-01-01","1999-07-15","16.5","68","28.308605","-96.228377"
"D","1","20955","Matrix Oil & Gas, Inc.","FIXED","Y","00191","TERMIN","N","1956-01-01","1988-01-31","32.1","57","29.274456","-93.013725"
"2","1","23421","Murphy Exploration & Production Company","CAIS","N","G08749","TERMIN","N","1987-01-01","1993-10-12","6.8","58","29.5657","-88.746425"
"1","1","23426","Murphy Exploration & Production Company","CAIS","N","G08749","TERMIN","N","1987-01-01","1993-10-12","6.8","53","29.566149","-88.741288"
"A","1","23432","Murphy Exploration & Production Company","FIXED","N","G08749","TERMIN","N","1988-01-01","1993-10-12","5.8","55","29.54060273","-88.73307874"
"B","2","23432","Murphy Exploration & Production Company","FIXED","N","G08749","TERMIN","N","1988-01-01","1993-12-31","6","55","29.540607","-88.733289"
"4","1","23440","Murphy Exploration & Production Company","CAIS","N","G08749","TERMIN","N","1988-01-01","1993-10-12","5.8","54","29.558232","-88.741392"
"D","1","20896","Murphy Exploration & Production Company","FIXED","Y","00072","RELINQ","N","1955-01-01","1988-12-16","34","29","28.925505","-90.697961"
"24","1","21109","Murphy Exploration & Production Company","CAIS","N","00074","TERMIN","N","1971-01-01","1995-08-29","24.7","30","28.893833","-90.702204"
"21","1","21110","Murphy Exploration & Production Company","CAIS","N","00074","TERMIN","N","1969-01-01","1988-12-05","19.9","29","28.897603","-90.70279"
"17","1","21111","Murphy Exploration & Production Company","CAIS","N","00074","TERMIN","N","1970-01-01","1993-09-22","23.7","31","28.897572","-90.706015"
"15","1","21112","Murphy Exploration & Production Company","WP","N","00074","TERMIN","N","1968-01-01","1993-09-02","25.7","28","28.897719","-90.712632"
"13","1","21117","Murphy Exploration & Production Company","CAIS","N","00074","TERMIN","N","1968-01-01","1999-08-21","31.6","29","28.896491","-90.70889"
"9","1","21118","Murphy Exploration & Production Company","WP","N","00074","TERMIN","N","1967-01-01","1993-09-10","26.7","29","28.896035","-90.705612"
"8","1","21119","Murphy Exploration & Production Company","WP","N","00074","TERMIN","N","1963-01-01","1993-09-22","30.7","32","28.893567","-90.706877"
"6","1","21120","Murphy Exploration & Production Company","CAIS","N","00074","TERMIN","N","1963-01-01","1988-12-01","25.9","30","28.895804","-90.707304"
"4","1","21121","Murphy Exploration & Production Company","CAIS","N","00074","TERMIN","N","1962-01-01","1981-12-31","20","28","28.896345","-90.703766"
"60","1","21330","Chevron U.S.A. Inc.","CAIS","N","00310","UNIT","S","1967-01-01","1986-12-31","20","14","29.441585","-92.058101"
"57","1","21331","Chevron U.S.A. Inc.","CAIS","N","00310","UNIT","S","1967-01-01","1997-10-21","30.8","14","29.434331","-92.064322"
"17","1","21332","Chevron U.S.A. Inc.","CAIS","N","00310","UNIT","S","1961-01-01","2013-06-27","52.5","14","29.448097","-92.06561"
"15 (REMOVED)","1","21333","Chevron U.S.A. Inc.","CAIS","N","00310","UNIT","S","1960-01-01","1997-11-04","37.8","14","29.460553","-92.051039"
"69","1","21334","Chevron U.S.A. Inc.","CAIS","N","00310","UNIT","S","1972-01-01","2013-06-28","41.5","15","29.459025","-92.066623"
"56","1","21335","Chevron U.S.A. Inc.","CAIS","N","00310","UNIT","S","1967-01-01","1997-10-20","30.8","14","29.417781","-92.066805"
"19","1","21407","Chevron U.S.A. Inc.","CAIS","N","00310","UNIT","S","1961-01-01","2014-06-17","53.5","14","29.445676","-92.073632"
"65","1","21413","Chevron U.S.A. Inc.","CAIS","N","00310","UNIT","S","1971-01-01","2002-11-21","31.9","11","29.426232","-92.085708"
"58","1","21415","Chevron U.S.A. Inc.","CAIS","N","00310","UNIT","S","1966-01-01","1997-01-01","31","14","29.427979","-92.090351"
"54","1","21416","Chevron U.S.A. Inc.","CAIS","N","00310","UNIT","S","1973-01-01","1996-11-21","23.9","14","29.434271","-92.102213"
"47","1","21419","Chevron U.S.A. Inc.","CAIS","N","00310","UNIT","S","1967-01-01","1992-11-17","25.9","14","29.45163282","-92.08609614"
"42","1","21420","Chevron U.S.A. Inc.","CAIS","N","00310","UNIT","S","1966-01-01","2006-07-20","40.5","14","29.460126","-92.081164"
"40","1","21421","Chevron U.S.A. Inc.","CAIS","N","00310","UNIT","S","1965-01-01","1991-12-06","26.9","14","29.440597","-92.086893"
"36","1","21422","Chevron U.S.A. Inc.","CAIS","N","00310","UNIT","S","1962-01-01","2010-11-18","48.9","14","29.43477","-92.08503"
"14","1","21423","Chevron U.S.A. Inc.","CAIS","N","00310","UNIT","S","1960-01-01","1999-11-10","39.9","14","29.445979","-92.089789"
"10","1","21424","Chevron U.S.A. Inc.","CAIS","N","00310","UNIT","S","1960-01-01","1999-11-09","39.9","14","29.454424","-92.0789"
"1","1","21425","Chevron U.S.A. Inc.","CAIS","N","00310","UNIT","S","1958-01-01","1999-11-17","41.9","14","29.443719","-92.080686"
"WATER","4","21438","Chevron U.S.A. Inc.","FIXED","Y","00310","UNIT","S","1985-01-01","1990-07-28","5.6","14","29.446418","-92.07747"
"B-PRD","1","21438","Chevron U.S.A. Inc.","FIXED","Y","00310","UNIT","S","1958-01-01","2006-09-24","48.7","14","29.44614","-92.078097"
"GEN","2","21438","Chevron U.S.A. Inc.","FIXED","Y","00310","UNIT","S","1958-01-01","2006-09-24","48.7","14","29.446143","-92.077468"
"HDR","3","21438","Chevron U.S.A. Inc.","FIXED","Y","00310","UNIT","S","1979-01-01","2006-09-24","27.7","14","29.446417","-92.077785"
"C","1","21467","Chevron U.S.A. Inc.","FIXED","Y","G02047","PROD","S","1972-01-01","2012-02-25","40.2","182","28.427502","-92.630906"
"C-AUX1","2","21467","Chevron U.S.A. Inc.","FIXED","Y","G02047","PROD","S","1972-01-01","2012-02-25","40.2","182","28.427505","-92.630595"
"72","1","21479","Chevron U.S.A. Inc.","CAIS","N","00310","UNIT","S","1973-01-01","2013-05-14","40.4","14","29.439748","-92.061556"
"B","1","21604","Chevron U.S.A. Inc.","FIXED","Y","G01196","TERMIN","N","1973-01-01","2025-07-29","52.6","102","28.663092","-91.953892"
"B-PRD","2","21604","Chevron U.S.A. Inc.","FIXED","Y","G01196","TERMIN","N","1974-01-01","2025-07-15","51.5","102","28.662817","-91.95389"
"67","1","21605","Chevron U.S.A. Inc.","CAIS","N","00310","UNIT","S","1969-01-01","1996-11-21","27.9","14","29.480884","-92.067424"
"28","1","21606","Chevron U.S.A. Inc.","CAIS","N","00310","UNIT","S","1962-01-01","1980-12-31","19","14","29.453691","-92.053064"
"35","1","21607","Chevron U.S.A. Inc.","CAIS","N","00310","UNIT","S","1962-01-01","1979-12-31","18","14","29.427892","-92.038583"
"66","1","21608","Chevron U.S.A. Inc.","CAIS","N","00310","UNIT","S","1970-01-01","1991-12-06","21.9","14","29.423668","-92.075269"
"45","1","21609","Chevron U.S.A. Inc.","CAIS","N","00310","UNIT","S","1968-01-01","1982-12-31","15","14","29.414719","-92.061619"
"A","1","21725","Chevron U.S.A. Inc.","FIXED","Y","G02076","RELINQ","N","1971-01-01","","","127","28.696263","-92.262275"
"D","1","21728","Chevron U.S.A. Inc.","FIXED","Y","G01147","TERMIN","N","1973-01-01","2005-06-14","32.4","128","28.590837","-92.428863"
"D-AUX","2","21728","Chevron U.S.A. Inc.","FIXED","Y","G01147","TERMIN","N","1974-01-01","2005-06-14","31.4","128","28.59084","-92.428551"
"B","1","21731","Chevron U.S.A. Inc.","FIXED","Y","G01149","TERMIN","N","1964-01-01","1994-02-22","30.1","138","28.578792","-92.236093"
"B-AUX1","2","21731","Chevron U.S.A. Inc.","FIXED","Y","G01149","TERMIN","N","1973-01-01","1994-02-22","21.1","138","28.578794","-92.235782"
"3","1","21740","Chevron U.S.A. Inc.","CAIS","N","00310","UNIT","S","1958-01-01","1982-12-31","25","14","29.457853","-92.096635"
"6","1","21783","Chevron U.S.A. Inc.","CAIS","N","00310","UNIT","S","1960-01-01","1997-11-01","37.8","14","29.463868","-92.071108"
"73 (REMOVED)","1","21825","Chevron U.S.A. Inc.","CAIS","N","00310","UNIT","S","1975-01-01","1997-10-22","22.8","14","29.438876","-92.084913"
"74","1","21826","Chevron U.S.A. Inc.","CAIS","N","00310","UNIT","S","1975-01-01","2011-07-14","36.5","14","29.447023","-92.080513"
"75","1","21827","Chevron U.S.A. Inc.","CAIS","N","00310","UNIT","S","1975-01-01","1996-12-30","22","15","29.435436","-92.158879"
"5","1","21828","Chevron U.S.A. Inc.","CAIS","N","G02302","TERMIN","N","1974-01-01","1990-01-01","16","25","29.24644092","-92.01981294"
"6","1","21829","Chevron U.S.A. Inc.","CAIS","N","G02302","TERMIN","N","1975-01-01","1989-12-11","14.9","25","29.23410683","-92.0034008"
"1","1","21863","Chevron U.S.A. Inc.","CAIS","N","G02315","TERMIN","N","1975-01-01","1990-06-26","15.5","60","28.984638","-91.887335"
"76","1","21871","Chevron U.S.A. Inc.","CAIS","N","00310","UNIT","S","1977-01-01","2011-08-03","34.6","11","29.42275945","-92.08083171"
"77 (REMOVED)","1","21872","Chevron U.S.A. Inc.","CAIS","N","00310","UNIT","S","1975-01-01","1997-10-20","22.8","12","29.41898","-92.07232"
"78","1","21873","Chevron U.S.A. Inc.","CAIS","N","00310","UNIT","S","1976-01-01","1999-11-12","23.9","11","29.437106","-92.098625"
"B(Removed)","1","21879","Chevron U.S.A. Inc.","FIXED","Y","G02050","TERMIN","N","1975-01-01","1994-08-17","19.6","175","28.367937","-92.984811"
"B-AUX(Removed)","2","21879","Chevron U.S.A. Inc.","FIXED","Y","G02050","TERMIN","N","1975-01-01","1994-08-17","19.6","175","28.367935","-92.985019"
"C","1","21883","Chevron U.S.A. Inc.","FIXED","Y","G01196","TERMIN","N","1976-01-01","2025-06-27","49.5","126","28.670474","-91.970137"
"C-PRD","2","21883","Chevron U.S.A. Inc.","FIXED","Y","G01196","TERMIN","N","1977-01-01","2025-07-08","48.5","126","28.670141","-91.970758"
"E-CMP","3","21883","Chevron U.S.A. Inc.","FIXED","Y","G01196","TERMIN","N","1980-01-01","2025-06-22","45.5","126","28.670916","-91.969644"
"F","4","21883","Chevron U.S.A. Inc.","FIXED","Y","G01196","TERMIN","N","1984-01-01","2025-07-03","41.5","126","28.670895","-91.970688"
"B","1","21908","Chevron U.S.A. Inc.","FIXED","Y","G02076","RELINQ","N","1975-01-01","","","127","28.689201","-92.266576"
"1","1","21938","Chevron U.S.A. Inc.","WP","N","G02314","RELINQ","N","1976-01-01","1984-12-31","9","55","29.022499","-91.997938"
"1","1","21992","Chevron U.S.A. Inc.","CAIS","N","G02868","RELINQ","N","1975-01-01","","","12","29.43305","-92.18772"
"79","1","22003","Chevron U.S.A. Inc.","CAIS","N","00310","UNIT","S","1977-01-01","2010-04-11","33.3","12","29.44841","-92.078289"
"80","1","22004","Chevron U.S.A. Inc.","CAIS","N","00310","UNIT","S","1977-01-01","1999-11-09","22.9","12","29.460129","-92.079596"
"81","1","22005","Chevron U.S.A. Inc.","CAIS","N","00310","UNIT","S","1977-01-01","2011-07-21","34.5","12","29.450512","-92.080504"
"82","1","22011","Chevron U.S.A. Inc.","CAIS","N","00310","UNIT","S","1977-01-01","2011-07-31","34.6","14","29.446537","-92.078879"
"LP001","1","22078","Chevron U.S.A. Inc.","CAIS","N","00310","UNIT","S","1978-01-01","1999-11-14","21.9","14","29.498221","-92.050975"
"4-LHP","1","22079","Chevron U.S.A. Inc.","CAIS","N","00310","UNIT","S","1978-01-01","1997-10-23","19.8","14","29.508144","-92.059767"
"C","1","22080","Chevron U.S.A. Inc.","FIXED","Y","G02049","TERMIN","N","1978-01-01","1994-06-15","16.5","160","28.419408","-92.98291"
"C-AUX","2","22080","Chevron U.S.A. Inc.","FIXED","Y","G02049","TERMIN","N","1978-01-01","1994-06-15","16.5","160","28.419586","-92.982913"
"84","1","22147","Chevron U.S.A. Inc.","CAIS","N","00310","UNIT","S","1978-01-01","2011-07-24","33.6","14","29.444923","-92.080793"
"85","1","22148","Chevron U.S.A. Inc.","CAIS","N","00310","UNIT","S","1978-01-01","2013-05-27","35.4","14","29.431991","-92.071709"
"86","1","22152","Chevron U.S.A. Inc.","CAIS","N","00310","UNIT","S","1978-01-01","2014-06-24","36.5","12","29.444828","-92.062988"
"A","1","22155","Chevron U.S.A. Inc.","FIXED","Y","G03552","RELINQ","N","1978-01-01","1992-12-12","14.9","180","28.540335","-92.564921"
"A-PRD","1","22156","Chevron U.S.A. Inc.","FIXED","Y","00310","UNIT","S","1978-01-01","1997-06-12","19.4","15","29.434662","-92.158559"
"A-AUX","2","22156","Chevron U.S.A. Inc.","FIXED","Y","00310","UNIT","S","1983-01-01","1992-04-11","9.3","15","29.434248","-92.158367"
"D","1","22250","Chevron U.S.A. Inc.","FIXED","Y","G01196","TERMIN","N","1979-01-01","2004-10-17","25.8","118","28.661615","-91.931179"
"83","1","22320","Chevron U.S.A. Inc.","CAIS","N","00310","UNIT","S","1979-01-01","2011-08-13","32.6","14","29.430175","-92.081587"
"A","1","22363","Chevron U.S.A. Inc.","CAIS","N","G03543","TERMIN","N","1978-01-01","1984-12-31","7","14","29.459172","-92.483152"
"A-AUX","2","22363","Chevron U.S.A. Inc.","FIXED","Y","G03543","TERMIN","N","1978-01-01","1984-12-31","7","14","29.459277","-92.483153"
"3","1","22579","Chevron U.S.A. Inc.","CAIS","N","G03129","TERMIN","N","1982-01-01","1983-12-31","2","126","28.701707","-92.239403"
"3","1","22619","Chevron U.S.A. Inc.","CAIS","N","G02868","RELINQ","N","1982-01-01","","","15","29.447243","-92.193643"
"A","1","22664","Chevron U.S.A. Inc.","FIXED","Y","G02868","RELINQ","N","1982-01-01","","","15","29.447858","-92.192885"
"A-QTR","2","22664","Chevron U.S.A. Inc.","FIXED","Y","G02868","RELINQ","N","1984-01-01","","","15","29.446129","-92.192864"
"A-PRD","3","22664","Chevron U.S.A. Inc.","FIXED","Y","G02868","RELINQ","N","1984-01-01","","","15","29.447586","-92.192877"
"A-CMP","4","22664","Chevron U.S.A. Inc.","FIXED","Y","G02868","RELINQ","N","1984-01-01","","","15","29.447861","-92.192879"
"CA","1","22682","Chevron U.S.A. Inc.","FIXED","Y","G04445","TERMIN","N","1982-01-01","2008-11-27","26.9","61","28.97449","-91.806102"
"A","2","22682","Chevron U.S.A. Inc.","FIXED","Y","G04445","TERMIN","N","1985-01-01","2008-11-23","23.9","61","28.974025","-91.806099"
"B","3","22682","Chevron U.S.A. Inc.","FIXED","N","G04445","TERMIN","N","1985-01-01","2008-11-17","23.9","61","28.974024","-91.806446"
"7","4","22682","Chevron U.S.A. Inc.","CAIS","N","G04445","TERMIN","N","2001-01-25","2008-11-27","7.8","61","28.97438053","-91.85012748"
"301","1","22703","Chevron U.S.A. Inc.","CAIS","N","00310","UNIT","S","1991-10-21","2004-05-12","12.6","23","29.277843","-91.8884"
"6","1","22704","Chevron U.S.A. Inc.","CAIS","N","G02868","RELINQ","N","1982-01-01","","","14","29.447289","-92.18667"
"99 (REMOVED)","1","22722","Chevron U.S.A. Inc.","CAIS","N","00310","UNIT","S","1982-01-01","1997-10-20","15.8","12","29.420879","-92.091284"
"B","1","22729","Chevron U.S.A. Inc.","CAIS","N","G03978","RELINQ","N","1982-01-01","1990-12-16","9","20","29.277876","-92.309024"
"2","1","22755","Chevron U.S.A. Inc.","CAIS","N","G04785","TERMIN","N","1982-01-01","2002-11-19","20.9","25","29.471484","-92.166188"
"3","1","22756","Chevron U.S.A. Inc.","CAIS","N","G03543","TERMIN","N","1982-01-01","1984-12-31","3","24","29.491212","-92.466065"
"5","1","22779","Chevron U.S.A. Inc.","CAIS","N","G03543","TERMIN","N","1983-01-01","2006-07-29","23.6","24","29.491743","-92.467608"
"A","1","22780","Chevron U.S.A. Inc.","FIXED","Y","G03978","RELINQ","N","1983-01-01","1990-12-16","8","28","29.285779","-92.319004"
"A-AUX","2","22780","Chevron U.S.A. Inc.","CAIS","N","G03978","RELINQ","N","1984-01-01","1990-12-16","7","28","29.286051","-92.309596"
"101","1","22789","Chevron U.S.A. Inc.","CAIS","N","00310","UNIT","S","1983-01-01","2013-07-08","30.5","20","29.338622","-91.980045"
"105","1","22790","Chevron U.S.A. Inc.","CAIS","N","00310","UNIT","S","1983-01-01","1998-11-05","15.8","14","29.467623","-92.060492"
"B","1","22792","Chevron U.S.A. Inc.","FIXED","Y","G04437","UNIT","S","1983-01-01","2000-05-26","17.4","20","29.302846","-91.996568"
"6","1","22800","Chevron U.S.A. Inc.","CAIS","N","G01180","TERMIN","N","1984-01-01","1993-09-25","9.7","64","28.963779","-91.890038"
"104","1","22802","Chevron U.S.A. Inc.","CAIS","N","00310","UNIT","S","1983-01-01","1989-10-10","6.8","14","29.440554","-92.081564"
"8","1","22805","Chevron U.S.A. Inc.","CAIS","N","G02868","RELINQ","N","1983-01-01","","","17","29.438278","-92.176615"
"B","1","22828","Chevron U.S.A. Inc.","FIXED","Y","G03543","TERMIN","N","1983-01-01","2016-06-05","33.4","28","29.490969","-92.46229"
"C","2","22828","Chevron U.S.A. Inc.","FIXED","N","G03543","TERMIN","N","1984-01-01","2016-06-07","32.4","28","29.490437","-92.462183"
"D","3","22828","Chevron U.S.A. Inc.","FIXED","Y","G03543","TERMIN","N","1984-01-01","2016-06-18","32.5","28","29.490962","-92.46162"
"8","1","22834","Chevron U.S.A. Inc.","CAIS","N","G03543","TERMIN","N","1983-01-01","2007-08-02","24.6","28","29.489279","-92.466986"
"9","1","22843","Chevron U.S.A. Inc.","CAIS","N","G02868","RELINQ","N","1983-01-01","","","15","29.448476","-92.173161"
"6","1","22856","Chevron U.S.A. Inc.","CAIS","N","G03543","TERMIN","N","1983-01-01","2016-05-11","33.4","25","29.484827","-92.47259"
"7","1","22857","Chevron U.S.A. Inc.","CAIS","N","G03543","TERMIN","N","1983-01-01","2016-05-29","33.4","24","29.492229","-92.45852"
"10","1","22874","Chevron U.S.A. Inc.","CAIS","N","G02868","RELINQ","N","1984-01-01","2006-07-24","22.6","17","29.442569","-92.194759"
"A","1","22902","Chevron U.S.A. Inc.","FIXED","Y","G04785","TERMIN","N","1984-01-01","2000-07-11","16.5","13","29.475522","-92.184823"
"10","1","22936","Chevron U.S.A. Inc.","CAIS","N","G03543","TERMIN","N","1984-01-01","2016-05-21","32.4","28","29.492338","-92.463091"
"14","1","22937","Chevron U.S.A. Inc.","CAIS","N","G02868","RELINQ","N","1984-01-01","","","16","29.445205","-92.168605"
"111","1","22942","Chevron U.S.A. Inc.","CAIS","N","00310","UNIT","S","1984-01-01","2000-05-18","16.4","20","29.297826","-91.971476"
"121","1","22947","Chevron U.S.A. Inc.","CAIS","N","00310","UNIT","S","1984-01-01","2011-08-24","27.6","21","29.421995","-92.08844"
"CC","1","22956","Chevron U.S.A. Inc.","FIXED","N","G02316","TERMIN","N","1984-01-01","2008-08-26","24.7","58","28.984226","-91.85372"
"13","1","22961","Chevron U.S.A. Inc.","CAIS","N","G02868","RELINQ","N","1984-01-01","","","15","29.438517","-92.194825"
"9","1","22964","Chevron U.S.A. Inc.","CAIS","N","G03543","TERMIN","N","1984-01-01","2016-05-14","32.4","28","29.487528","-92.462723"
"118","1","22974","Chevron U.S.A. Inc.","CAIS","N","00310","UNIT","S","1984-01-01","2011-08-26","27.6","15","29.417578","-92.079455"
"11","1","22992","Chevron U.S.A. Inc.","CAIS","N","G03543","TERMIN","N","1984-01-01","2015-11-24","31.9","28","29.492208","-92.478021"
"122","1","23000","Chevron U.S.A. Inc.","CAIS","N","00310","UNIT","S","1984-01-01","2012-10-05","28.8","16","29.442244","-92.151181"
"H","1","23009","Chevron U.S.A. Inc.","FIXED","Y","G02047","PROD","S","1984-01-01","2012-02-28","28.2","185","28.42432879","-92.63608688"
"18","1","23023","Chevron U.S.A. Inc.","CAIS","N","G02868","RELINQ","N","1984-01-01","","","14","29.43812","-92.169076"
"A","1","23042","Chevron U.S.A. Inc.","FIXED","Y","G04822","RELINQ","N","1984-01-01","1992-07-29","8.6","45","29.116685","-92.142843"
"128","1","23073","Chevron U.S.A. Inc.","CAIS","N","00310","UNIT","S","1985-01-01","2013-07-04","28.5","18","29.34039","-91.99064"
"125","1","23124","Chevron U.S.A. Inc.","CAIS","N","00310","UNIT","S","1985-01-01","1996-11-19","11.9","16","29.409545","-92.062907"
"12","1","23158","Chevron U.S.A. Inc.","CAIS","N","G03543","TERMIN","N","1985-01-01","2012-09-16","27.7","28","29.49225482","-92.4733061"
"137","1","23201","Chevron U.S.A. Inc.","CAIS","N","00310","UNIT","S","1985-01-01","2002-11-17","17.9","18","29.338608","-91.885284"
"142","1","23312","Chevron U.S.A. Inc.","CAIS","N","00310","UNIT","S","1988-01-01","2009-12-06","21.9","18","29.32084","-91.990982"
"138","1","23315","Chevron U.S.A. Inc.","CAIS","N","00310","UNIT","S","1988-01-01","2007-08-25","19.6","20","29.318751","-91.996303"
"143","1","23318","Chevron U.S.A. Inc.","CAIS","N","00310","UNIT","S","1988-01-01","1995-12-04","7.9","17","29.32816","-91.854695"
"148","1","23339","Chevron U.S.A. Inc.","CAIS","N","00310","UNIT","S","1989-01-01","2002-11-15","13.9","15","29.339585","-91.897921"
"A","1","23397","Chevron U.S.A. Inc.","FIXED","Y","G04442","TERMIN","N","1986-08-01","2007-07-30","21","1","29.000204","-91.851165"
"F","1","23631","Chevron U.S.A. Inc.","FIXED","Y","G01146","RELINQ","N","1985-01-01","","","133","28.570823","-92.445409"
"1","1","23642","Chevron U.S.A. Inc.","FIXED","Y","G05409","TERMIN","N","1987-01-01","1989-12-30","3","41","29.197099","-92.389442"
"A","1","23650","Chevron U.S.A. Inc.","CAIS","N","G05409","TERMIN","N","1987-01-01","1989-12-29","3","41","29.197924","-92.38945"
"154","1","24002","Chevron U.S.A. Inc.","CAIS","N","00310","UNIT","S","1991-01-01","2007-08-20","16.6","50","29.295198","-91.888098"
"172","1","24044","Chevron U.S.A. Inc.","CAIS","N","00310","UNIT","S","1992-11-15","1998-11-04","6","15","29.410513","-92.024403"
"A","1","10069","Chevron U.S.A. Inc.","FIXED","Y","G02388","TERMIN","N","1976-01-01","1976-12-31","1","328","27.954939","-94.393221"
"B","1","10091","Chevron U.S.A. Inc.","FIXED","Y","G02388","TERMIN","N","1977-01-01","","","305","27.964052","-94.388912"
"A-AUX","2","10107","Chevron U.S.A. Inc.","FIXED","N","G03377","TERMIN","N","1979-01-01","1992-06-21","13.5","185","28.364036","-93.784578"
"A","1","10107","Chevron U.S.A. Inc.","FIXED","Y","G03377","TERMIN","N","1978-01-01","1992-06-21","14.5","185","28.363579","-93.785136"
"A","1","10119","Chevron U.S.A. Inc.","FIXED","Y","G02384","TERMIN","N","1979-01-01","2010-11-28","31.9","260","28.011813","-94.355337"
"A","1","10131","Chevron U.S.A. Inc.","FIXED","Y","G02658","TERMIN","N","1979-01-01","1991-08-10","12.6","148","28.162327","-95.476307"
"A","1","10152","Chevron U.S.A. Inc.","FIXED","Y","G03946","TERMIN","N","1980-01-01","1991-08-08","11.6","140","28.481475","-93.946538"
"2","1","10231","Chevron U.S.A. Inc.","WP","N","G04561","EXPIR","N","1983-01-01","1988-04-22","5.3","136","28.108753","-95.75066"
"A","1","10244","Chevron U.S.A. Inc.","FIXED","Y","G05174","TERMIN","N","1984-01-01","1990-11-23","6.9","146","28.179108","-95.445527"
"1","1","10448","Chevron U.S.A. Inc.","CAIS","N","G08557","EXPIR","N","1988-01-01","1988-12-31","1","35","29.385802","-93.912011"
"D","1","20125","Chevron U.S.A. Inc.","FIXED","Y","00759","TERMIN","N","1968-01-01","1997-07-07","29.5","48","29.3962","-93.183017"
"10","1","20592","Chevron U.S.A. Inc.","CAIS","N","G01351","RELINQ","N","1966-01-01","","","26","29.678151","-93.716455"
"PROD","2","20592","Chevron U.S.A. Inc.","FIXED","Y","G01351","RELINQ","N","1966-01-01","","","26","29.678146","-93.716691"
"3","1","20593","Chevron U.S.A. Inc.","CAIS","N","G01351","RELINQ","N","1965-01-01","2004-10-21","39.8","24","29.681096","-93.734753"
"3-AUX","2","20593","Chevron U.S.A. Inc.","FIXED","Y","G01351","RELINQ","N","1965-01-01","2004-10-21","39.8","24","29.68109","-93.735068"
"4","1","20594","Chevron U.S.A. Inc.","CAIS","N","G01351","RELINQ","N","1975-01-01","2004-10-15","29.8","25","29.675267","-93.73056"
"14","2","20594","Chevron U.S.A. Inc.","CAIS","N","G01351","RELINQ","N","1975-01-01","2004-10-15","29.8","25","29.675473","-93.730392"
"4-AUX","3","20594","Chevron U.S.A. Inc.","FIXED","Y","G01351","RELINQ","N","1975-01-01","2004-10-15","29.8","25","29.675264","-93.730717"
"5-AUX","2","20595","Chevron U.S.A. Inc.","FIXED","Y","G01351","RELINQ","N","1965-01-01","1991-12-01","26.9","26","29.668129","-93.73254"
"5","1","20595","Chevron U.S.A. Inc.","CAIS","N","G01351","RELINQ","N","1965-01-01","1991-12-01","26.9","26","29.668404","-93.732546"
"11","1","20596","Chevron U.S.A. Inc.","CAIS","N","G01351","RELINQ","N","1969-01-01","1998-12-14","29.9","26","29.674549","-93.724243"
"12","1","20600","Chevron U.S.A. Inc.","CAIS","N","G01351","RELINQ","N","1972-01-01","2004-10-17","32.8","24","29.67593","-93.735669"
"7","1","20601","Chevron U.S.A. Inc.","CAIS","N","G01351","RELINQ","N","1965-01-01","2003-10-30","38.8","25","29.67513","-93.739533"
"7-AUX","2","20601","Chevron U.S.A. Inc.","FIXED","Y","G01351","RELINQ","N","1965-01-01","2003-10-30","38.8","25","29.675133","-93.739394"
"6-AUX","2","20616","Chevron U.S.A. Inc.","FIXED","Y","G01351","RELINQ","N","1965-01-01","2007-11-09","42.9","23","29.685519","-93.716946"
"6","1","20616","Chevron U.S.A. Inc.","CAIS","N","G01351","RELINQ","N","1965-01-01","2007-11-09","42.9","23","29.685521","-93.71682"
"E","3","20620","Chevron U.S.A. Inc.","FIXED","N","G01351","RELINQ","N","1983-01-01","","","20","29.685731","-93.73019"
"A","1","20620","Chevron U.S.A. Inc.","FIXED","N","G01351","RELINQ","N","1965-01-01","","","20","29.685317","-93.729541"
"D","2","20620","Chevron U.S.A. Inc.","FIXED","N","G01351","RELINQ","N","1972-01-01","","","20","29.686096","-93.729036"
"A-AUX","4","20620","Chevron U.S.A. Inc.","FIXED","Y","G01351","RELINQ","N","2003-11-15","","","20","29.68602118","-93.72924231"
"13","1","20676","Chevron U.S.A. Inc.","CAIS","N","G01351","RELINQ","N","1972-01-01","2003-11-05","31.8","24","29.68778535","-93.722994"
"3","1","20884","Chevron U.S.A. Inc.","CAIS","N","00680","PROD","S","1959-01-01","1985-12-31","27","28","29.690544","-93.61386"
"13","1","20889","Chevron U.S.A. Inc.","CAIS","N","00680","PROD","S","1969-01-01","1985-12-31","17","26","29.705259","-93.589902"
"9","1","21010","Chevron U.S.A. Inc.","CAIS","N","00680","PROD","S","1960-01-01","1985-12-31","26","28","29.691525","-93.595517"
"1","1","21687","Chevron U.S.A. Inc.","WP","N","G02125","TERMIN","N","1972-01-01","1989-12-19","18","25","29.722739","-93.224821"
"A","2","21688","Chevron U.S.A. Inc.","FIXED","Y","G02125","TERMIN","N","1972-01-01","1989-11-18","17.9","26","29.718112","-93.232699"
"FVA","3","21688","Chevron U.S.A. Inc.","FIXED","Y","G02125","TERMIN","N","1972-01-01","1989-11-18","17.9","26","29.718103","-93.233329"
"2","1","21688","Chevron U.S.A. Inc.","CAIS","N","G02125","TERMIN","N","1972-01-01","1989-12-19","18","26","29.718108","-93.233014"
"3","1","21689","Chevron U.S.A. Inc.","WP","N","G02125","TERMIN","N","1972-01-01","1989-12-19","18","26","29.715859","-93.227445"
"1","1","21694","Chevron U.S.A. Inc.","CAIS","N","G01435","RELINQ","N","1966-01-01","1985-12-31","20","27","29.686354","-93.710351"
"2-AUX","2","21695","Chevron U.S.A. Inc.","FIXED","N","G01351","RELINQ","N","1965-01-01","2003-10-27","38.8","25","29.680587","-93.725402"
"2","1","21695","Chevron U.S.A. Inc.","FIXED","Y","G01351","RELINQ","N","1965-01-01","2003-10-27","38.8","25","29.680587","-93.725402"
"1","1","21696","Chevron U.S.A. Inc.","CAIS","N","G01438","RELINQ","N","1968-01-01","1995-08-30","27.7","26","29.647562","-93.721709"
"8","1","21697","Chevron U.S.A. Inc.","CAIS","N","G01351","RELINQ","N","1965-01-01","1991-11-25","26.9","25","29.66837","-93.747115"
"9","1","21698","Chevron U.S.A. Inc.","CAIS","N","G01351","RELINQ","N","1965-01-01","1983-12-31","19","27","29.668862","-93.716423"
"CB","1","21708","Chevron U.S.A. Inc.","FIXED","Y","G01998","TERMIN","N","1972-01-01","1995-09-23","23.7","47","29.390988","-93.242533"
"1","1","21756","Chevron U.S.A. Inc.","CAIS","N","G02533","TERMIN","N","1974-01-01","1980-12-31","7","40","29.555254","-93.017003"
"2","1","21793","Chevron U.S.A. Inc.","CAIS","N","G02533","TERMIN","N","1974-01-01","1980-12-31","7","40","29.574627","-93.038266"
"A","1","21889","Chevron U.S.A. Inc.","FIXED","Y","G02014","TERMIN","N","1976-01-01","2004-08-02","28.6","188","28.269858","-93.343263"
"3","1","21948","Chevron U.S.A. Inc.","CAIS","N","G01995","TERMIN","N","1976-01-01","1979-12-31","4","46","29.411425","-93.244137"
"16D","1","22037","Chevron U.S.A. Inc.","CAIS","N","G01351","RELINQ","N","1977-01-01","2003-11-03","26.8","26","29.683575","-93.722336"
"H","1","22058","Chevron U.S.A. Inc.","FIXED","Y","00759","TERMIN","N","1977-01-01","1994-04-29","17.3","46","29.396984","-93.158312"
"B","1","22133","Chevron U.S.A. Inc.","FIXED","Y","G03265","TERMIN","N","1978-01-01","1985-12-31","8","56","29.328762","-93.198804"
"4","1","22217","Chevron U.S.A. Inc.","CAIS","N","G01995","TERMIN","N","1979-01-01","1995-08-29","16.7","44","29.433755","-93.243224"
"16","1","22238","Chevron U.S.A. Inc.","CAIS","N","00680","PROD","S","1978-01-01","1989-12-20","12","28","29.691636","-93.584095"
"A","1","22310","Chevron U.S.A. Inc.","FIXED","Y","G03281","TERMIN","N","1979-01-01","1985-12-31","7","90","28.789501","-93.231007"
"CE","1","22323","Chevron U.S.A. Inc.","WP","N","G01971","TERMIN","N","1979-01-01","1997-07-29","18.6","42","29.340251","-93.200637"
"A","1","22372","Chevron U.S.A. Inc.","FIXED","Y","G02632","TERMIN","N","1980-01-01","2010-11-20","30.9","685","27.761081","-93.137728"
"5","1","22393","Chevron U.S.A. Inc.","FIXED","Y","00759","TERMIN","N","1977-01-01","1995-09-25","18.7","40","29.40864","-93.193693"
"A","1","22430","Chevron U.S.A. Inc.","FIXED","Y","G04191","TERMIN","N","1981-01-01","1990-08-14","9.6","35","29.506005","-93.745346"
"17","1","22450","Chevron U.S.A. Inc.","CAIS","N","G01351","RELINQ","N","1979-01-01","1994-09-03","15.7","28","29.679573","-93.719485"
"18","1","22457","Chevron U.S.A. Inc.","CAIS","N","G01351","RELINQ","N","1981-01-01","1994-09-04","13.7","20","29.674546","-93.746014"
"C","1","22460","Chevron U.S.A. Inc.","WP","N","G03964","TERMIN","N","1982-01-01","1991-12-30","10","56","29.275391","-93.277451"
"B","1","22466","Chevron U.S.A. Inc.","FIXED","Y","G04191","TERMIN","N","1981-01-01","1991-11-24","10.9","20","29.508085","-93.728398"
"7","1","22479","Chevron U.S.A. Inc.","CAIS","N","G02556","TERMIN","N","1981-01-01","1992-07-16","11.5","185","28.290006","-93.185622"
"11","1","22492","Chevron U.S.A. Inc.","CAIS","N","G02014","TERMIN","N","1981-01-01","2007-11-13","26.9","195","28.254178","-93.355296"
"19","1","22578","Chevron U.S.A. Inc.","CAIS","N","G01351","RELINQ","N","1982-01-01","1995-08-30","13.7","25","29.683608","-93.723827"
"2","1","22666","Chevron U.S.A. Inc.","CAIS","N","G02849","TERMIN","N","1982-01-01","1993-08-21","11.6","190","28.289168","-93.346522"
"C","1","22667","Chevron U.S.A. Inc.","WP","N","G03959","TERMIN","N","1982-01-01","1990-01-01","8","35","29.468497","-93.630978"
"A","1","22687","Chevron U.S.A. Inc.","FIXED","Y","G03972","TERMIN","N","1982-01-01","1993-05-16","11.4","260","28.130931","-93.205865"
"B","1","22774","Chevron U.S.A. Inc.","FIXED","Y","G02026","TERMIN","N","1983-01-01","1994-08-20","11.6","350","27.982003","-93.219816"
"21","1","22788","Chevron U.S.A. Inc.","CAIS","N","G01351","RELINQ","N","1983-01-01","2003-11-01","20.8","27","29.67219126","-93.73284805"
"20","1","22927","Chevron U.S.A. Inc.","CAIS","Y","G01351","RELINQ","N","1984-01-01","2007-10-27","23.8","28","29.685846","-93.738216"
"D","1","22968","Chevron U.S.A. Inc.","WP","N","G03264","TERMIN","N","1984-01-01","1985-12-31","2","50","29.291736","-93.256496"
"J","1","22998","Chevron U.S.A. Inc.","WP","N","00759","TERMIN","N","1984-01-01","1995-09-27","11.7","49","29.38725","-93.173679"
"CA","1","23011","Chevron U.S.A. Inc.","FIXED","Y","G02554","TERMIN","N","1984-01-01","1992-11-30","8.9","184","28.353212","-93.384982"
"1","1","23176","Chevron U.S.A. Inc.","CAIS","N","G04387","TERMIN","N","1985-01-01","1991-11-29","6.9","25","29.526374","-93.652589"
"15D","1","23204","Chevron U.S.A. Inc.","CAIS","N","G01351","RELINQ","N","1977-01-01","2011-05-24","34.4","26","29.681556","-93.727624"
"CAIS.#23","2","23204","Chevron U.S.A. Inc.","CAIS","N","G01351","RELINQ","N","2000-01-18","2011-05-24","11.3","26","29.68158649","-93.7276242"
"1","1","23205","Chevron U.S.A. Inc.","CAIS","N","G01436","RELINQ","N","1985-01-01","1995-09-07","10.7","25","29.694614","-93.671617"
"AUX","2","23205","Chevron U.S.A. Inc.","FIXED","Y","G01436","RELINQ","N","1985-01-01","1995-09-07","10.7","25","29.694614","-93.671617"
"1","1","23625","Chevron U.S.A. Inc.","CAIS","N","G05019","RELINQ","N","1986-01-01","1993-08-16","7.6","177","28.373607","-93.096284"
"5","1","23661","Chevron U.S.A. Inc.","CAIS","N","G02125","TERMIN","N","1984-01-01","1989-12-19","6","26","29.715906","-93.22742"
"8","1","23662","Chevron U.S.A. Inc.","CAIS","N","G02125","TERMIN","N","1981-01-01","1989-12-19","9","22","29.719099","-93.247315"
"1","1","23698","Chevron U.S.A. Inc.","CAIS","N","G09401","RELINQ","N","1988-01-01","1988-12-31","1","49","29.296657","-93.46888"
"1","1","23708","Chevron U.S.A. Inc.","CAIS","N","G05345","TERMIN","N","1989-01-01","1994-05-05","5.3","180","28.307338","-93.070383"
"A (Tick)","1","23760","Chevron U.S.A. Inc.","FIXED","Y","G06358","TERMIN","N","1991-01-01","2018-09-19","27.7","720","27.778568","-93.309502"
"A","1","10243","Chevron U.S.A. Inc.","FIXED","Y","G03928","TERMIN","N","1984-01-01","1990-09-03","6.7","260","27.76171","-96.057964"
"166","1","24064","Chevron U.S.A. Inc.","CAIS","N","00310","UNIT","S","1993-10-25","1996-12-30","3.2","18","29.372904","-92.056321"
"168","1","24074","Chevron U.S.A. Inc.","CAIS","N","00310","UNIT","S","1994-01-01","2014-06-21","20.5","18","29.3373339","-91.968023"
"167","1","24073","Chevron U.S.A. Inc.","CAIS","N","00310","UNIT","S","1993-01-01","2012-09-24","19.7","16","29.365937","-92.078971"
"175","1","27022","Chevron U.S.A. Inc.","CAIS","N","00310","UNIT","S","1995-01-01","2006-07-18","11.5","12","29.46695187","-92.0694523"
"6","1","29027","Chevron U.S.A. Inc.","CAIS","N","G01995","TERMIN","N","1995-01-29","1995-08-28","0.6","44","29.43226073","-93.24461236"
"A","1","24171","Chevron U.S.A. Inc.","FIXED","N","","","","1994-01-01","","","131","29.65638524","-88.23548721"
"179","1","27048","Chevron U.S.A. Inc.","CAIS","N","00310","UNIT","S","1995-11-06","2002-11-18","7","20","29.33216775","-91.86864101"
"TEMP. CAIS.#1","1","32021","Chevron U.S.A. Inc.","CAIS","N","G04445","TERMIN","N","1996-01-11","1998-04-13","2.3","57","28.97255319","-91.84209404"
"1","1","70001","Chevron U.S.A. Inc.","CAIS","N","00372","TERMIN","N","1969-01-01","1997-12-18","29","30","29.28621241","-89.02990924"
"7","1","26117","Chevron U.S.A. Inc.","CAIS","N","G02099","TERMIN","N","1995-08-23","2012-08-20","17","20","29.15431836","-91.61991464"
"C","1","32041","Chevron U.S.A. Inc.","FIXED","Y","G02076","RELINQ","N","1996-03-26","","","130","28.68787669","-92.28009663"
"C","1","33029","Chevron U.S.A. Inc.","FIXED","Y","G05505","RELINQ","N","1996-04-13","2000-04-16","4","117","28.60444405","-91.54341619"
"1","1","1618","Chevron U.S.A. Inc.","CAIS","N","G21664","TERMIN","N","2005-06-12","2009-07-28","4.1","68","28.88412627","-90.3258013"
"8","1","80018","Chevron U.S.A. Inc.","CAIS","N","G02099","TERMIN","N","1997-01-01","2012-08-13","15.6","24","29.1618224","-91.64538162"
"cais B","1","70019","Chevron U.S.A. Inc.","FIXED","N","G01960","TERMIN","N","1997-12-24","2010-11-19","12.9","104","28.60965316","-90.40381211"
"186","1","27","Chevron U.S.A. Inc.","CAIS","N","00310","UNIT","S","1997-07-29","2014-06-02","16.8","14","29.45328617","-92.05673051"
"2","1","35","Chevron U.S.A. Inc.","CAIS","N","G08763","TERMIN","N","1997-08-17","1998-03-27","0.6","89","29.96814694","-88.52378472"
"CAIS.#1(PLTF. A","1","163","Chevron U.S.A. Inc.","FIXED","N","G15403","TERMIN","N","1998-03-15","2016-04-25","18.1","85","30.00140993","-88.55175346"
"A","1","189","Chevron U.S.A. Inc.","WP","N","G16536","TERMIN","N","1998-03-30","2007-07-14","9.3","113","29.85323245","-88.39589711"
"A (Genesis)","1","67","Chevron U.S.A. Inc.","SPAR","Y","G05911","TERMIN","N","1998-07-21","2024-06-19","25.9","2590","27.77925703","-90.51890764"
"A","1","257","Chevron U.S.A. Inc.","FIXED","Y","G10930","TERMIN","N","1998-07-05","","","120","29.74576585","-88.15825087"
"A-Aux.","2","257","Chevron U.S.A. Inc.","FIXED","N","G10930","TERMIN","N","2005-01-01","2023-05-19","18.4","120","29.74646464","-88.15886407"
"1","1","256","Chevron U.S.A. Inc.","CAIS","N","G16532","EXPIR","N","1998-07-30","2001-07-31","3","105","29.89050077","-88.41962732"
"AH","1","346","Chevron U.S.A. Inc.","FIXED","N","G04473","RELINQ","N","1998-11-01","","","32","29.15987176","-89.51632403"
"A (Petronius)","1","70012","Chevron U.S.A. Inc.","CT","Y","G12119","UNIT","S","2000-04-28","","","1754","29.22900348","-87.78096836"
"CAIS.#1","1","355","Chevron U.S.A. Inc.","CAIS","N","","","","1999-01-01","2002-06-07","3.4","42","30.16044182","-87.84063927"
"36","1","406","Chevron U.S.A. Inc.","CAIS","N","00385","RELINQ","N","1999-02-22","2000-04-28","1.2","33","29.15771163","-89.58490904"
"D","1","459","Chevron U.S.A. Inc.","FIXED","N","G02076","RELINQ","N","1999-07-01","","","128","28.70629363","-92.26931262"
"CG","1","632","Chevron U.S.A. Inc.","CAIS","N","G16422","EXPIR","N","2000-02-08","2002-10-11","2.7","65","28.82279855","-90.50451716"
"CAIS.#205","1","636","Chevron U.S.A. Inc.","CAIS","N","00310","UNIT","S","2000-02-04","2013-08-06","13.5","20","29.33425081","-91.940164"
"A","1","711","Chevron U.S.A. Inc.","FIXED","N","G15404","TERMIN","N","2000-01-01","2016-04-30","16.3","92","29.98525211","-88.51154811"
"CAIS.G","1","718","Chevron U.S.A. Inc.","CAIS","N","G03145","TERMIN","N","2000-05-15","2000-10-28","0.5","120","28.68943414","-91.97341165"
"H","1","722","Chevron U.S.A. Inc.","FIXED","N","G01351","RELINQ","N","2000-06-09","","","21","29.67495294","-93.76040694"
"A","1","730","Chevron U.S.A. Inc.","FIXED","N","G13982","TERMIN","N","2000-07-12","2002-11-21","2.4","123","29.76055018","-88.09532023"
"F","1","808","Chevron U.S.A. Inc.","CAIS","N","G21531","TERMIN","N","2000-12-02","2013-11-17","13","24","29.6985399","-93.65902512"
"CAIS.#10","1","846","Chevron U.S.A. Inc.","CAIS","N","G03401","TERMIN","N","2001-05-04","2008-08-01","7.2","67","28.95658903","-91.85932083"
"G","1","847","Chevron U.S.A. Inc.","CAIS","N","G21533","TERMIN","N","2001-01-15","2011-05-16","10.3","27","29.67043293","-93.68580651"
"24","1","916","Chevron U.S.A. Inc.","CAIS","N","G02868","RELINQ","N","2001-04-26","","","16","29.4484924","-92.19643779"
"CAIS.#40","1","1046","Chevron U.S.A. Inc.","CAIS","N","00390","UNIT","S","2001-11-01","2002-07-19","0.7","41","29.05291056","-90.10973139"
"CAIS.#43","1","1040","Chevron U.S.A. Inc.","CAIS","N","00814","RELINQ","N","2001-10-18","2007-03-30","5.4","22","28.83671056","-91.12055797"
"A","1","1139","Chevron U.S.A. Inc.","WP","N","G16541","TERMIN","N","2002-10-14","2014-11-10","12.1","125","29.61387202","-88.10074723"
"I","1","1274","Chevron U.S.A. Inc.","CAIS","N","G22501","RELINQ","N","2003-10-28","","","35","29.62470104","-93.67306854"
"C","1","1305","Chevron U.S.A. Inc.","CAIS","N","G04473","RELINQ","N","2003-09-29","","","33","29.13894509","-89.52171719"
"#2","1","1394","Chevron U.S.A. Inc.","WP","N","G22501","RELINQ","N","2004-01-31","2011-06-01","7.3","33","29.63035095","-93.68750274"
"1","1","1457","Chevron U.S.A. Inc.","CAIS","N","G22500","RELINQ","N","2004-03-14","2006-07-15","2.3","30","29.68140423","-93.43810254"
"1","1","1652","Chevron U.S.A. Inc.","CAIS","N","G24705","EXPIR","N","2005-04-29","2008-11-04","3.5","32","29.62489947","-93.26298705"
"J","1","1772","Chevron U.S.A. Inc.","CAIS","N","G21530","TERMIN","N","2005-12-02","2014-04-22","8.4","24","29.69507425","-93.6792635"
"8","1","1957","Chevron U.S.A. Inc.","CAIS","N","G03543","TERMIN","N","2007-08-15","2016-05-17","8.8","30","29.48927627","-92.46698576"
"226","1","2025","Chevron U.S.A. Inc.","FIXED","N","00310","UNIT","S","2007-11-08","2013-06-21","5.6","13","29.43723926","-92.0365655"
"A (Tahiti)","1","1819","Chevron U.S.A. Inc.","SPAR","Y","G16770","PROD","S","2008-08-08","","","4000","27.325908","-90.71415254"
"26","1","2095","Chevron U.S.A. Inc.","CAIS","N","G02868","RELINQ","N","2007-12-04","2011-08-22","3.7","16","29.44268191","-92.20011386"
"A (Blind Faith)","1","1930","Chevron U.S.A. Inc.","SEMI","Y","","","","2008-04-18","","","6480","28.34153544","-88.26568688"
"H","1","2410","Chevron U.S.A. Inc.","FIXED","N","G01146","RELINQ","N","2011-01-19","","","129","28.58943905","-92.44581651"
"2","1","1779","Chevron U.S.A. Inc.","CAIS","N","G22500","RELINQ","N","2005-09-18","2006-07-17","0.8","34","29.68219987","-93.43736965"
"A(Jack St. Malo","1","2440","Chevron U.S.A. Inc.","SEMI","N","","","","2014-01-05","","","6950","26.23498342","-91.26110675"
"A (Big Foot)","1","2422","Chevron U.S.A. Inc.","TLP","N","G16942","PROD","S","2018-02-19","","","5185","26.93203794","-90.52082006"
"A (Anchor)","1","2698","Chevron U.S.A. Inc.","SEMI","N","G25199","UNIT","S","2023-06-18","","","4600","27.22646916","-91.18999522"
"A","1","22693","Tenneco Oil Company","FIXED","Y","G02927","RELINQ","N","1982-01-01","1987-07-01","5.5","83","28.847776","-90.186143"
"A","1","20588","Tenneco Oil Company","WP","N","00589","TERMIN","N","1956-01-01","1974-12-31","19","98","28.597993","-91.286391"
"A","1","21361","Tenneco Oil Company","FIXED","Y","00819","PROD","S","1961-01-01","1985-12-31","25","54","28.653674","-90.991698"
"A-AUX","2","21361","Tenneco Oil Company","WP","N","00819","PROD","S","1974-01-01","1985-12-31","12","54","28.653673","-90.991543"
"F","1","20755","Tenneco Oil Company","FIXED","Y","G02040","TERMIN","N","1972-01-01","1988-10-04","16.8","164","28.475478","-92.664904"
"A","1","21727","Tenneco Oil Company","WP","N","G02079","RELINQ","N","1972-01-01","1980-12-31","9","128","28.630706","-92.366581"
"A","1","21730","Tenneco Oil Company","WP","N","G01149","TERMIN","N","1965-01-01","1980-12-31","16","138","28.573337","-92.235957"
"G","1","21946","Tenneco Oil Company","FIXED","Y","G02047","PROD","S","1975-01-01","1984-12-31","10","185","28.404849","-92.62903"
"A","1","22077","Tenneco Oil Company","WP","N","G02303","RELINQ","N","1978-01-01","1988-07-15","10.5","25","29.196122","-92.005862"
"A","1","22102","Tenneco Oil Company","FIXED","Y","G03132","TERMIN","N","1978-01-01","1991-06-15","13.5","126","28.601896","-92.617104"
"1","1","23645","Tenneco Oil Company","CAIS","N","G05027","TERMIN","N","1987-01-01","1988-12-31","2","33","29.402243","-92.309194"
"A","1","10117","Tenneco Oil Company","FIXED","Y","G02424","TERMIN","N","1978-01-01","1983-12-31","6","232","28.101525","-93.768121"
"4","1","20118","Tenneco Oil Company","CAIS","N","00763","TERMIN","N","1961-01-01","1980-12-31","20","41","29.345456","-93.195969"
"4","1","20126","Tenneco Oil Company","CAIS","N","G00898","TERMIN","N","1968-01-01","1980-12-31","13","48","29.36006","-93.148834"
"B","1","20127","Tenneco Oil Company","FIXED","Y","00763","TERMIN","N","1961-01-01","1989-01-03","28","48","29.356036","-93.177775"
"6","1","20128","Tenneco Oil Company","CAIS","N","00763","TERMIN","N","1971-01-01","1980-12-31","10","50","29.351912","-93.161551"
"2","1","20132","Tenneco Oil Company","CAIS","N","00759","TERMIN","N","1968-01-01","1980-12-31","13","48","29.384317","-93.165913"
"3","1","20495","Tenneco Oil Company","CAIS","N","00763","TERMIN","N","1960-01-01","1980-12-31","21","48","29.351467","-93.189651"
"5","1","20517","Tenneco Oil Company","WP","N","00758","TERMIN","N","1970-01-01","1979-12-31","10","49","29.372198","-93.547185"
"A","1","2085","Tarpon Operating & Development, L.L.C.","FIXED","Y","G24417","TERMIN","N","2007-10-07","2014-09-17","6.9","157","28.46493745","-93.58594758"
"7","1","2130","Tarpon Operating & Development, L.L.C.","CAIS","N","G00900","TERMIN","N","2008-01-05","2018-10-12","10.8","61","29.20495447","-93.32016829"
"D","1","2131","Tarpon Operating & Development, L.L.C.","FIXED","N","G00900","TERMIN","N","2008-02-06","2018-10-07","10.7","61","29.19128697","-93.32437391"
"D","1","2242","Tarpon Operating & Development, L.L.C.","CAIS","Y","G31290","TERMIN","N","2008-12-16","2015-09-09","6.7","54","29.2416762","-93.30266257"
"B","1","2397","Tarpon Operating & Development, L.L.C.","FIXED","Y","G27030","TERMIN","N","2010-08-04","2017-07-21","7","146","28.50909981","-93.15888708"
"C","1","2393","Tarpon Operating & Development, L.L.C.","FIXED","Y","G31322","TERMIN","N","2010-07-13","2016-11-26","6.4","138","28.56783277","-92.78227902"
"A","1","23410","Devon SFS Operating, Inc.","FIXED","Y","G07834","TERMIN","N","1986-01-01","1997-04-13","11.3","53","29.691946","-88.763464"
"1","1","23411","Devon SFS Operating, Inc.","CAIS","N","G07835","TERMIN","N","1987-01-01","1997-04-15","10.3","59","29.69503","-88.684386"
"B","1","23434","Devon SFS Operating, Inc.","WP","N","G05714","TERMIN","N","1988-01-01","1997-05-20","9.4","170","29.496891","-88.43054"
"A","1","23455","Devon SFS Operating, Inc.","FIXED","Y","G05742","TERMIN","N","1988-01-01","1997-04-20","9.3","96","29.725172","-88.542829"
"B","1","23464","Devon SFS Operating, Inc.","CAIS","N","G05742","TERMIN","N","1988-01-01","1997-06-02","9.4","93","29.712446","-88.552892"
"A","1","23466","Devon SFS Operating, Inc.","WP","N","G05739","TERMIN","N","1988-01-01","1997-03-18","9.2","90","29.732252","-88.565785"
"A","1","23830","Devon SFS Operating, Inc.","FIXED","Y","G07814","TERMIN","N","1990-01-01","1997-05-31","7.4","150","29.547068","-88.329875"
"A","1","22483","Devon SFS Operating, Inc.","FIXED","Y","G15231","TERMIN","N","1981-01-01","2000-01-18","19","19","29.323923","-92.066082"
"2","1","23327","Devon SFS Operating, Inc.","CAIS","N","G05411","TERMIN","N","1988-01-01","1998-03-03","10.2","55","29.137373","-92.377069"
"1","1","10412","Devon SFS Operating, Inc.","CAIS","N","G06202","TERMIN","N","1987-01-01","1997-01-13","10","62","29.115693","-93.832515"
"2","1","10416","Devon SFS Operating, Inc.","CAIS","N","G06202","TERMIN","N","1987-01-01","1997-01-09","10","70","29.112713","-93.850105"
"3","1","10417","Devon SFS Operating, Inc.","CAIS","N","G06202","TERMIN","N","1987-01-01","1997-02-10","10.1","62","29.108651","-93.854907"
"1","1","10492","Devon SFS Operating, Inc.","CAIS","N","G11279","TERMIN","N","1990-01-01","2004-03-11","14.2","65","28.383558","-96.01793"
"A","1","23752","Devon SFS Operating, Inc.","FIXED","Y","G10566","TERMIN","N","1991-01-01","2000-08-20","9.6","109","28.697845","-93.040787"
"1","1","29015","Devon SFS Operating, Inc.","CAIS","N","G13559","TERMIN","N","1994-08-27","1998-10-22","4.2","49","29.41529056","-93.02802001"
"1","1","23797","Devon SFS Operating, Inc.","CAIS","N","G12784","EXPIR","N","1994-02-18","1996-08-12","2.5","70","28.869853","-93.420471"
"1","1","24097","Devon SFS Operating, Inc.","CAIS","N","G10608","TERMIN","N","1994-01-01","1996-08-17","2.6","42","29.48871613","-92.68378784"
"A","1","90022","Devon SFS Operating, Inc.","FIXED","N","G12839","TERMIN","N","1997-05-07","2001-11-10","4.5","115","28.70589338","-92.72335833"
"4","1","20759","Stone Energy, L.L.C.","FIXED","Y","G01352","TERMIN","N","1970-01-01","2002-06-15","32.5","26","29.696677","-93.573522"
"3","1","20936","Stone Energy, L.L.C.","CAIS","N","G01352","TERMIN","N","1968-01-01","2002-06-15","34.5","26","29.69603","-93.566927"
"A","1","10317","Stone Energy, L.L.C.","FIXED","Y","G04534","TERMIN","N","1988-01-01","1999-09-07","11.7","92","27.61329","-96.924067"
"1","1","22641","PetroQuest Energy, L.L.C.","CAIS","N","00060","UNIT","S","1982-01-01","2013-10-14","31.8","33","28.97833576","-90.94641091"
"10","1","22786","PetroQuest Energy, L.L.C.","CAIS","N","00057","UNIT","S","1983-01-01","2013-10-13","30.8","33","28.986806","-90.946472"
"2","1","23507","PetroQuest Energy, L.L.C.","CAIS","N","G03580","TERMIN","N","1987-01-01","2001-12-12","14.9","34","28.928557","-91.028899"
"A","1","22060","PetroQuest Energy, L.L.C.","FIXED","Y","G03137","TERMIN","N","1977-01-01","2014-04-22","37.3","184","28.437407","-92.369001"
"A-PROCESS","1","23638","PetroQuest Energy, L.L.C.","FIXED","Y","","","","1987-01-01","2008-04-25","21.3","90","28.757923","-93.387782"
"1","1","32044","PetroQuest Energy, L.L.C.","CAIS","N","G15243","TERMIN","N","2001-03-18","2010-02-19","8.9","55","28.87554139","-91.4613578"
"A","1","14","PetroQuest Energy, L.L.C.","FIXED","Y","G14362","TERMIN","N","1997-08-05","2003-09-23","6.1","70","29.1392963","-92.98954913"
"#2","1","55","PetroQuest Energy, L.L.C.","FIXED","N","G07619","TERMIN","N","1997-09-29","2019-07-22","21.8","95","28.76629872","-93.44756586"
"D","2","55","PetroQuest Energy, L.L.C.","FIXED","Y","G07619","TERMIN","N","2008-04-15","2017-07-18","9.3","95","28.76642021","-93.44770573"
"A","1","779","PetroQuest Energy, L.L.C.","CAIS","N","G15243","TERMIN","N","2001-03-22","2010-02-20","8.9","53","28.8819068","-91.44062098"
"#1","1","1432","PetroQuest Energy, L.L.C.","CAIS","N","G12347","UNIT","S","2004-03-19","2013-10-15","9.6","30","28.95081468","-90.93415825"
"D #7","1","1530","PetroQuest Energy, L.L.C.","FIXED","N","G02037","TERMIN","N","2004-07-27","2018-09-29","14.2","123","28.63443828","-92.77139932"
"6","1","1582","PetroQuest Energy, L.L.C.","CAIS","N","G12349","UNIT","S","2004-12-14","2013-10-17","8.8","33","28.93665275","-90.98088668"
"C","1","2033","PetroQuest Energy, L.L.C.","CAIS","Y","","","","2007-05-02","2017-07-10","10.2","94","28.75649684","-93.41501027"
"B","1","2010","PetroQuest Energy, L.L.C.","CAIS","N","G07619","TERMIN","N","2007-04-28","2017-07-21","10.2","92","28.78360553","-93.42840857"
"C","1","2104","PetroQuest Energy, L.L.C.","CAIS","Y","G23754","TERMIN","N","2007-09-30","2014-09-27","7","65","29.13784114","-93.26973034"
"D","1","2443","PetroQuest Energy, L.L.C.","FIXED","N","G01088","TERMIN","N","2011-10-19","2022-06-19","10.7","201","28.92012853","-89.62160558"
"JP","1","940","Williams Oil Gathering, L.L.C.","FIXED","N","","","","2001-09-21","","","363","27.91656285","-94.786188"
"B","1","10153","Denbury Offshore, Inc.","FIXED","N","G03486","TERMIN","N","1979-01-01","2003-09-26","24.7","192","28.331411","-93.796624"
"A","1","20246","ExxonMobil Oil Corporation","FIXED","Y","G01494","TERMIN","N","1967-01-01","1978-12-31","12","71","29.115916","-89.715675"
"A","1","23467","W & T Offshore, Inc.","CAIS","N","G06850","PROD","S","1996-01-01","","","50","30.153773","-87.893728"
"A","1","23472","W & T Offshore, Inc.","FIXED","Y","G04832","PROD","S","1990-01-01","","","70","29.552741","-88.660043"
"B","1","23473","W & T Offshore, Inc.","FIXED","N","G04832","PROD","S","1988-01-01","","","72","29.545123","-88.649909"
"B","4","23474","W & T Offshore, Inc.","FIXED","Y","G05749","UNIT","S","1996-08-15","","","61","30.08464304","-88.49663229"
"AQ","3","23474","W & T Offshore, Inc.","FIXED","Y","G05749","UNIT","S","1993-01-01","","","61","30.083349","-88.496502"
"AW","1","23474","W & T Offshore, Inc.","FIXED","Y","G05749","UNIT","S","1993-01-01","","","61","30.0844962","-88.49648461"
"AP","2","23474","W & T Offshore, Inc.","FIXED","Y","G05749","UNIT","S","1993-01-01","","","61","30.083913","-88.496523"
"1","1","23495","W & T Offshore, Inc.","CAIS","N","G07802","TERMIN","N","1989-01-01","2016-06-22","27.5","50","29.636369","-88.757469"
"A","1","23822","W & T Offshore, Inc.","CAIS","N","G06848","UNIT","S","1990-01-01","","","47","30.139459","-88.078593"
"D","1","23827","W & T Offshore, Inc.","FIXED","N","G04832","PROD","S","1990-01-01","2022-10-07","32.8","65","29.55207782","-88.67234515"
"B","1","23829","W & T Offshore, Inc.","FIXED","Y","G07802","TERMIN","N","2006-01-01","2016-06-17","10.5","47","29.63319153","-88.75506737"
"4","2","23829","W & T Offshore, Inc.","FIXED","N","G07802","TERMIN","N","2002-01-02","2016-06-27","14.5","47","29.6331246","-88.7551604"
"A","1","23868","W & T Offshore, Inc.","FIXED","Y","G05057","UNIT","S","1991-01-01","","","46","30.188952","-88.163127"
"AP","2","23894","W & T Offshore, Inc.","FIXED","Y","G05753","UNIT","S","1994-12-05","","","61","30.09415896","-87.88322462"
"AQ","3","23894","W & T Offshore, Inc.","FIXED","N","G05753","UNIT","S","1994-12-05","","","61","30.093744","-87.883227"
"AW","1","23894","W & T Offshore, Inc.","CAIS","Y","G05753","UNIT","S","1994-04-15","","","61","30.094382","-87.88318549"
"4","1","23898","W & T Offshore, Inc.","CAIS","N","00372","TERMIN","N","1991-11-15","2011-11-11","20","50","29.286665","-89.032032"
"A","1","24110","W & T Offshore, Inc.","FIXED","Y","G19913","RELINQ","N","1992-11-29","2007-07-07","14.6","371","28.469218","-89.970343"
"CB","1","24112","W & T Offshore, Inc.","CAIS","N","G05060","UNIT","S","1992-06-15","","","42","30.177574","-87.93936"
"No. 3","1","24127","W & T Offshore, Inc.","CAIS","N","00372","TERMIN","N","1992-01-01","2021-05-07","29.3","27","29.279795","-89.016818"
"F","1","20567","W & T Offshore, Inc.","FIXED","Y","00046","TERMIN","N","1954-01-01","2017-08-21","63.6","17","29.08748886","-91.6988907"
"A","1","20629","W & T Offshore, Inc.","FIXED","Y","00434","TERMIN","N","1956-01-01","2023-08-08","67.6","55","28.734963","-91.211594"
"A-AUX","2","20629","W & T Offshore, Inc.","FIXED","Y","00434","TERMIN","N","1956-01-01","2023-08-15","67.6","55","28.734964","-91.211906"
"CA","3","20629","W & T Offshore, Inc.","FIXED","Y","00434","TERMIN","N","1982-01-01","2023-08-12","41.6","55","28.735162","-91.21165"
"B","1","21001","W & T Offshore, Inc.","FIXED","Y","00831","PROD","S","1973-01-01","","","126","28.455026","-91.028857"
"B","1","21003","W & T Offshore, Inc.","FIXED","Y","G13821","RELINQ","N","1969-01-01","2012-03-30","43.2","98","28.692181","-91.648765"
"D","1","21004","W & T Offshore, Inc.","FIXED","N","00805","RELINQ","N","1973-01-01","2012-06-29","39.5","105","28.661511","-91.624391"
"F","2","21004","W & T Offshore, Inc.","FIXED","Y","00805","RELINQ","N","1976-01-01","2012-04-30","36.3","105","28.66188","-91.624111"
"A","1","21032","W & T Offshore, Inc.","FIXED","Y","00806","RELINQ","N","1970-01-01","2012-07-24","42.6","100","28.678899","-91.613235"
"A-PRD","2","21032","W & T Offshore, Inc.","FIXED","Y","00806","RELINQ","N","1971-01-01","2012-07-24","41.6","100","28.678899","-91.612923"
"C","1","21043","W & T Offshore, Inc.","FIXED","Y","G13821","RELINQ","N","1973-01-01","2012-07-31","39.6","96","28.697192","-91.622516"
"C-PRD","2","21043","W & T Offshore, Inc.","FIXED","Y","G13821","RELINQ","N","1973-01-01","2012-07-31","39.6","96","28.697191","-91.622828"
"C-1","1","21170","W & T Offshore, Inc.","FIXED","Y","00336","TERMIN","N","1981-01-01","2025-03-20","44.2","20","29.093296","-91.283085"
"C-2","2","21170","W & T Offshore, Inc.","FIXED","Y","00336","TERMIN","N","1981-01-01","2025-03-10","44.2","20","29.093159","-91.283242"
"B","3","21170","W & T Offshore, Inc.","WP","N","00336","TERMIN","N","1949-01-01","1986-12-31","38","20","29.093393","-91.283461"
"C-3/PROD","4","21170","W & T Offshore, Inc.","FIXED","Y","00336","TERMIN","N","2001-11-26","2025-01-14","23.1","20","29.09281779","-91.28281006"
"D","1","21225","W & T Offshore, Inc.","FIXED","Y","00346","UNIT","S","1966-01-01","","","15","29.11941002","-91.17706996"
"D","2","21225","W & T Offshore, Inc.","FIXED","Y","00346","UNIT","S","1966-01-01","","","15","29.120785","-91.176911"
"D-CMP","3","21225","W & T Offshore, Inc.","FIXED","Y","00346","UNIT","S","1966-01-01","","","15","29.120235","-91.177538"
"R","2","21245","W & T Offshore, Inc.","CAIS","N","00347","UNIT","S","1962-01-01","1985-12-31","24","12","29.123702","-91.118413"
"6","1","21245","W & T Offshore, Inc.","CAIS","N","00347","UNIT","S","1993-01-01","2024-09-19","31.7","12","29.12526902","-91.11169255"
"30","1","21264","W & T Offshore, Inc.","WP","N","00346","UNIT","S","1967-01-01","2016-10-24","49.8","12","29.111473","-91.169877"
"9","1","21340","W & T Offshore, Inc.","CAIS","N","00046","TERMIN","N","1971-01-01","2016-11-04","45.8","20","29.071406","-91.703196"
"8","1","21341","W & T Offshore, Inc.","CAIS","N","00046","TERMIN","N","1971-01-01","2016-10-31","45.8","22","29.07506749","-91.702727"
"9","1","21349","W & T Offshore, Inc.","CAIS","N","00229","TERMIN","N","1970-01-01","2016-10-28","46.8","22","29.089518","-91.760393"
"10","2","21349","W & T Offshore, Inc.","CAIS","N","00229","TERMIN","N","1982-01-01","2016-10-28","34.8","22","29.089518","-91.760393"
"8","1","21352","W & T Offshore, Inc.","CAIS","N","00228","TERMIN","N","1968-01-01","2016-11-15","48.9","20","29.08519505","-91.75970191"
"5","1","21353","W & T Offshore, Inc.","CAIS","N","00046","TERMIN","N","1970-01-01","2016-11-08","46.9","19","29.08494858","-91.70545547"
"E","1","21395","W & T Offshore, Inc.","FIXED","N","00828","PROD","S","1967-01-01","","","105","28.48114","-90.884021"
"F","1","21397","W & T Offshore, Inc.","FIXED","Y","00828","PROD","S","1967-01-01","","","105","28.486083","-90.866541"
"H","1","21398","W & T Offshore, Inc.","FIXED","N","00828","PROD","S","1970-01-01","","","115","28.480832","-90.874522"
"12","3","21998","MOBIL OIL EXPLORATION & PRODUCING SOUTHEAST INC.","CAIS","N","G02866","TERMIN","N","1978-01-01","1990-12-31","13","30","29.466973","-92.525138"
"LQ","4","21998","MOBIL OIL EXPLORATION & PRODUCING SOUTHEAST INC.","FIXED","N","G02866","TERMIN","N","1978-01-01","1991-02-14","13.1","30","29.466327","-92.52513"
"B","1","22063","MOBIL OIL EXPLORATION & PRODUCING SOUTHEAST INC.","FIXED","Y","G02866","TERMIN","N","1977-01-01","1989-09-15","12.7","36","29.463931","-92.49923"
"13","1","22412","MOBIL OIL EXPLORATION & PRODUCING SOUTHEAST INC.","CAIS","N","G02866","TERMIN","N","1980-01-01","1991-02-14","11.1","30","29.472368","-92.521032"
"14","1","22827","MOBIL OIL EXPLORATION & PRODUCING SOUTHEAST INC.","CAIS","N","G02866","TERMIN","N","1980-01-01","1991-02-14","11.1","30","29.46683191","-92.53005752"
"1","1","23231","MOBIL OIL EXPLORATION & PRODUCING SOUTHEAST INC.","CAIS","N","G04098","TERMIN","N","1985-01-01","1990-09-21","5.7","36","29.552317","-92.811049"
"A","1","23330","MOBIL OIL EXPLORATION & PRODUCING SOUTHEAST INC.","FIXED","Y","G04428","TERMIN","N","1989-01-01","1992-08-11","3.6","215","28.241667","-92.506819"
"B","1","20122","MOBIL OIL EXPLORATION & PRODUCING SOUTHEAST INC.","FIXED","Y","00245","TERMIN","N","1955-01-01","1997-07-29","42.6","40","29.576353","-93.157295"
"JP","1","20124","MOBIL OIL EXPLORATION & PRODUCING SOUTHEAST INC.","FIXED","Y","00246","TERMIN","N","1971-01-01","1996-12-19","26","40","29.566095","-93.173309"
"1","1","21143","MOBIL OIL EXPLORATION & PRODUCING SOUTHEAST INC.","FIXED","Y","00245","TERMIN","N","1970-01-01","1996-06-07","26.4","38","29.599636","-93.163701"
"C","1","21219","MOBIL OIL EXPLORATION & PRODUCING SOUTHEAST INC.","FIXED","Y","00246","TERMIN","N","1956-01-01","1991-09-26","35.7","30","29.563653","-93.15678"
"C-AUX","2","21219","MOBIL OIL EXPLORATION & PRODUCING SOUTHEAST INC.","FIXED","N","00246","TERMIN","N","1956-01-01","1988-12-08","32.9","30","29.544823","-93.15646"
"A","1","21266","MOBIL OIL EXPLORATION & PRODUCING SOUTHEAST INC.","CAIS","N","00265","TERMIN","N","1959-01-01","1988-05-23","29.4","30","29.670752","-93.021381"
"I","1","21268","MOBIL OIL EXPLORATION & PRODUCING SOUTHEAST INC.","FIXED","Y","00265","TERMIN","N","1965-01-01","1984-12-31","20","28","29.670693","-93.048639"
"B","1","21690","MOBIL OIL EXPLORATION & PRODUCING SOUTHEAST INC.","CAIS","N","00265","TERMIN","N","1957-01-01","1984-12-31","28","25","29.670565","-93.029225"
"D","1","21691","MOBIL OIL EXPLORATION & PRODUCING SOUTHEAST INC.","CAIS","N","00265","TERMIN","N","1962-01-01","1984-12-31","23","32","29.664118","-93.051055"
"A","1","21921","MOBIL OIL EXPLORATION & PRODUCING SOUTHEAST INC.","FIXED","Y","G02559","TERMIN","N","1976-01-01","1992-07-16","16.5","320","28.053754","-93.306269"
"8","1","22073","MOBIL OIL EXPLORATION & PRODUCING SOUTHEAST INC.","FIXED","Y","00762","TERMIN","N","1977-01-01","1991-09-13","14.7","51","29.375385","-93.022793"
"H","1","22539","MOBIL OIL EXPLORATION & PRODUCING SOUTHEAST INC.","FIXED","Y","00245","TERMIN","N","1981-01-01","1996-06-05","15.4","40","29.60626","-93.199162"
"L","1","22672","MOBIL OIL EXPLORATION & PRODUCING SOUTHEAST INC.","FIXED","Y","00246","TERMIN","N","1982-01-01","1996-12-19","15","40","29.565568","-93.166614"
"F","1","22673","MOBIL OIL EXPLORATION & PRODUCING SOUTHEAST INC.","FIXED","Y","00245","TERMIN","N","1980-01-01","1996-06-02","16.4","40","29.59688","-93.193414"
"F-AUX","2","22673","MOBIL OIL EXPLORATION & PRODUCING SOUTHEAST INC.","WP","N","00245","TERMIN","N","1984-01-01","1996-06-02","12.4","40","29.596605","-93.193409"
"M","1","22783","MOBIL OIL EXPLORATION & PRODUCING SOUTHEAST INC.","FIXED","Y","00265","TERMIN","N","1983-01-01","1988-05-15","5.4","27","29.663908","-93.019949"
"8","1","23609","MOBIL OIL EXPLORATION & PRODUCING SOUTHEAST INC.","CAIS","N","00245","TERMIN","N","1976-01-01","1988-02-29","12.2","40","29.605057","-93.172134"
"K","1","23610","MOBIL OIL EXPLORATION & PRODUCING SOUTHEAST INC.","CAIS","N","00246","TERMIN","N","1982-01-01","1988-03-01","6.2","40","29.544113","-93.163177"
"P","1","23611","MOBIL OIL EXPLORATION & PRODUCING SOUTHEAST INC.","CAIS","N","00245","TERMIN","N","1984-01-01","1988-02-24","4.1","40","29.609166","-93.182133"
"11","1","23781","MOBIL OIL EXPLORATION & PRODUCING SOUTHEAST INC.","CAIS","N","00245","TERMIN","N","1990-01-01","1995-07-13","5.5","37","29.60793024","-93.17632501"
"7","1","24262","MOBIL OIL EXPLORATION & PRODUCING SOUTHEAST INC.","CAIS","N","G01627","TERMIN","N","1995-01-01","2004-08-21","9.6","41","29.58119355","-88.85524487"
"F","1","915","MOBIL OIL EXPLORATION & PRODUCING SOUTHEAST INC.","FIXED","N","G05056","UNIT","S","2001-06-01","2014-07-26","13.1","52","30.17283472","-88.21773139"
"G","1","1128","MOBIL OIL EXPLORATION & PRODUCING SOUTHEAST INC.","FIXED","N","G05056","UNIT","S","2002-08-30","2013-10-19","11.1","47","30.19497352","-88.18761784"
"A","1","23172","Petrofina Delaware, Incorporated","FIXED","Y","G03993","TERMIN","N","1985-01-01","1990-02-12","5.1","20","29.149061","-91.38984"
"3","2","23172","Petrofina Delaware, Incorporated","CAIS","N","G03993","TERMIN","N","1984-01-01","1990-02-12","6.1","20","29.149061","-91.38984"
"A","1","21937","JFD, Inc.","FIXED","Y","G01562","TERMIN","N","1975-01-01","1980-12-31","6","87","28.66266736","-90.50427151"
"A","1","10156","Challenger Minerals Inc.","FIXED","Y","G02715","TERMIN","N","1980-01-01","1993-08-29","13.7","291","27.975113","-94.217414"
"A","1","23465","Energy Development Corporation","FIXED","Y","G05717","TERMIN","N","1989-01-01","1999-06-09","10.4","175","29.471511","-88.440331"
"1","1","23468","Energy Development Corporation","CAIS","N","G05243","TERMIN","N","1987-01-01","1991-06-01","4.4","59","29.624431","-88.678585"
"A","1","22799","Energy Development Corporation","FIXED","Y","G04222","TERMIN","N","1983-01-01","1991-09-29","8.7","27","29.266659","-91.763592"
"A","1","23338","Energy Development Corporation","FIXED","Y","G05415","TERMIN","N","1989-01-01","1997-11-18","8.9","65","29.09634","-92.404117"
"A","1","10161","Energy Development Corporation","FIXED","Y","G03218","TERMIN","N","1980-01-01","1997-06-11","17.4","125","26.867065","-97.049585"
"A","1","24141","North Central Oil Corporation","WP","N","G08720","TERMIN","N","1993-07-21","1999-01-06","5.5","78","28.649529","-90.292642"
"AP","1","22187","McMoRan Oil & Gas Co.","FIXED","Y","G03390","RELINQ","N","1979-01-01","1991-12-12","12.9","26","29.463418","-92.400024"
"FP","2","22187","McMoRan Oil & Gas Co.","FIXED","Y","G03390","RELINQ","N","1979-01-01","1991-12-12","12.9","26","29.462863","-92.399675"
"BJ","1","22188","McMoRan Oil & Gas Co.","WP","N","G03390","RELINQ","N","1979-01-01","1991-12-12","12.9","26","29.455955","-92.398178"
"57","1","23260","Comstock Offshore, LLC","CAIS","N","00064","UNIT","S","1986-01-01","1993-04-22","7.3","50","28.827593","-90.836546"
"46E","1","23273","Comstock Offshore, LLC","CAIS","N","00067","UNIT","S","1986-01-01","1999-09-02","13.7","50","28.836234","-90.851533"
"53","1","23528","Comstock Offshore, LLC","CAIS","N","00063","UNIT","S","1987-01-01","1993-04-11","6.3","32","28.865338","-90.838512"
"7","1","23946","Comstock Offshore, LLC","CAIS","N","G05541","TERMIN","N","1991-01-01","1997-08-22","6.6","28","28.874326","-90.795093"
"9","1","23951","Comstock Offshore, LLC","CAIS","N","00068","UNIT","S","1991-01-01","1999-09-02","8.7","53","28.821964","-90.854199"
"22","1","32022","Comstock Offshore, LLC","WP","N","00069","UNIT","S","1996-01-06","2001-05-27","5.4","46","28.80646337","-90.93038977"
"Q","1","23989","Comstock Offshore, LLC","FIXED","N","00069","UNIT","S","1992-07-04","1999-05-17","6.9","50","28.82464219","-90.90114457"
"A","1","22207","Remington Oil and Gas Corporation","FIXED","Y","","","","1978-01-01","2010-06-21","32.5","90","28.787039","-93.239692"
"A","1","526","Remington Oil and Gas Corporation","FIXED","Y","","","","1999-07-28","2011-06-02","11.8","59","29.22091076","-92.54987954"
"A","1","934","Remington Oil and Gas Corporation","FIXED","Y","G16270","TERMIN","N","2001-06-16","2003-08-22","2.2","195","28.28176664","-92.67968584"
"A","1","1255","Remington Oil and Gas Corporation","CAIS","N","G22554","EXPIR","N","2003-03-04","2007-02-26","4","94","28.7078","-93.26244417"
"B","1","1297","Remington Oil and Gas Corporation","FIXED","Y","G22618","EXPIR","N","2003-06-20","2005-05-12","1.9","64","29.10459882","-92.39396286"
"B","1","1335","Remington Oil and Gas Corporation","CAIS","Y","G22557","TERMIN","N","2003-08-23","2008-07-16","4.9","127","28.538998","-93.53098378"
"6","1","22510","Bois d'Arc Offshore Ltd.","CAIS","N","G04119","TERMIN","N","1981-01-01","2004-05-04","23.3","58","28.908122","-90.465859"
"4","1","22808","Bois d'Arc Offshore Ltd.","CAIS","N","G04842","TERMIN","N","1983-01-01","2004-05-23","21.4","52","28.932568","-90.481946"
"8","1","22810","Bois d'Arc Offshore Ltd.","CAIS","N","G04842","TERMIN","N","1983-01-01","2004-05-10","21.4","50","28.937807","-90.480361"
"11","1","23825","Bois d'Arc Offshore Ltd.","CAIS","N","G04842","TERMIN","N","1989-01-01","2004-05-07","15.3","52","28.92718","-90.478088"
"5","1","21277","Bois d'Arc Offshore Ltd.","CAIS","N","00069","UNIT","S","1973-01-01","2006-08-10","33.6","43","28.819477","-90.934387"
"16","1","21372","Bois d'Arc Offshore Ltd.","WP","N","00067","UNIT","S","1967-01-01","2006-11-19","39.9","48","28.835652","-90.847358"
"14","1","21373","Bois d'Arc Offshore Ltd.","WP","N","00067","UNIT","S","1967-01-01","2006-08-23","39.6","49","28.835864","-90.84869"
"23","1","21633","Bois d'Arc Offshore Ltd.","WP","N","00064","UNIT","S","1968-01-01","2007-02-11","39.1","51","28.858852","-90.833656"
"29","1","22142","Bois d'Arc Offshore Ltd.","WP","N","00067","UNIT","S","1978-01-01","2006-10-08","28.8","49","28.836562","-90.847794"
"3","1","22198","Bois d'Arc Offshore Ltd.","CAIS","N","00068","UNIT","S","1979-01-01","2004-12-02","25.9","50","28.814323","-90.880477"
"9","1","22709","Bois d'Arc Offshore Ltd.","CAIS","N","00069","UNIT","S","1982-01-01","2005-01-03","23","47","28.81003","-90.917307"
"40","1","22965","Bois d'Arc Offshore Ltd.","CAIS","N","00067","UNIT","S","1984-01-01","2005-01-12","21","46","28.833655","-90.847171"
"5","1","23504","Bois d'Arc Offshore Ltd.","CAIS","N","00066","UNIT","S","1986-01-01","2008-06-21","22.5","47","28.828137","-90.902038"
"13","1","23532","Bois d'Arc Offshore Ltd.","CAIS","N","00038","UNIT","S","1987-01-01","2005-01-08","18","42","28.804214","-90.949067"
"8","1","24155","Bois d'Arc Offshore Ltd.","CAIS","N","G04119","TERMIN","N","1993-01-01","2004-05-05","11.3","49","28.90796","-90.466395"
"1","1","891","Bois d'Arc Offshore Ltd.","CAIS","N","G21654","TERMIN","N","2001-04-25","2008-05-31","7.1","23","28.85442451","-91.14418905"
"J","1","2518","Discovery Gas Transmission LLC","FIXED","N","","","","2013-08-11","","","347","28.22005099","-90.21991852"
"1","1","10484","Enserch Exploration, Inc.","FIXED","Y","G10214","RELINQ","N","1989-01-01","1997-09-01","8.7","66","28.557493","-95.596708"
"1","1","23747","Enserch Exploration, Inc.","FIXED","Y","G09407","RELINQ","N","1990-01-01","1997-04-23","7.3","72","29.080041","-93.16274"
"A","1","10579","Enserch Exploration, Inc.","FIXED","Y","G07220","RELINQ","N","1993-01-01","1998-08-02","5.6","89","28.480567","-95.516277"
"A","1","29001","Enserch Exploration, Inc.","FIXED","Y","G11789","RELINQ","N","1993-01-01","1999-09-21","6.7","89","28.793987","-93.230785"
"A","1","304","Prime Natural Resources, Inc.","FIXED","N","00802","RELINQ","N","1998-11-02","2000-01-26","1.2","90","28.73059192","-91.61636351"
"A","1","350","Prime Natural Resources, Inc.","CAIS","N","G14863","TERMIN","N","1999-02-22","2001-10-23","2.7","51","29.26264365","-93.91796544"
"A","1","364","Prime Natural Resources, Inc.","CAIS","N","G14883","TERMIN","N","1999-02-22","2002-09-20","3.6","43","29.24996031","-93.85945762"
"A","1","10195","Cronus Offshore, Inc.","FIXED","Y","G03937","TERMIN","N","1981-01-01","2010-06-10","29.4","132","28.121484","-95.750047"
"A","1","70018","Cronus Offshore, Inc.","FIXED","N","G06876","TERMIN","N","1996-07-27","2007-07-07","10.9","139","29.83526888","-88.23464992"
"16","1","20251","McMoRan Oil & Gas LLC","CAIS","N","G01331","TERMIN","N","1968-01-01","2017-11-25","49.9","30","29.183827","-89.557105"
"15","1","20252","McMoRan Oil & Gas LLC","FIXED","N","G01331","TERMIN","N","1968-01-01","2015-05-27","47.4","30","29.179982","-89.557487"
"JA","1","20256","McMoRan Oil & Gas LLC","FIXED","N","G01331","TERMIN","N","1963-01-01","2011-05-12","48.4","24","29.181947","-89.551751"
"10","1","20257","McMoRan Oil & Gas LLC","FIXED","N","G01331","TERMIN","N","1964-01-01","2015-05-25","51.4","30","29.172536","-89.556051"
"2","1","20268","McMoRan Oil & Gas LLC","FIXED","N","00691","TERMIN","N","1958-01-01","2017-11-26","59.9","25","29.178229","-89.533952"
"2","1","20269","McMoRan Oil & Gas LLC","FIXED","N","G01331","TERMIN","N","1963-01-01","2015-05-24","52.4","30","29.176786","-89.56522"
"B","1","20325","McMoRan Oil & Gas LLC","FIXED","Y","G01898","TERMIN","N","1970-01-01","2018-07-07","48.5","96","28.597487","-90.415981"
"4","1","20728","McMoRan Oil & Gas LLC","CAIS","N","G01331","TERMIN","N","1963-01-01","2011-05-13","48.4","30","29.185276","-89.562564"
"3-CMP","1","21818","McMoRan Oil & Gas LLC","FIXED","Y","G01331","TERMIN","N","1962-01-01","2018-01-04","56","25","29.17867871","-89.5532791"
"4","1","21484","ExxonMobil Oil Corporation","CAIS","N","G01625","TERMIN","N","1972-01-01","1980-12-31","9","40","29.61431","-88.810614"
"A","1","21510","ExxonMobil Oil Corporation","WP","N","00076","EXPIR","N","1952-01-01","1975-12-31","24","25","29.25196024","-91.71915908"
"5","1","20499","ExxonMobil Oil Corporation","FIXED","Y","G01440","TERMIN","N","1970-01-01","1988-12-02","18.9","33","29.592005","-92.891382"
"3","1","20503","ExxonMobil Oil Corporation","CAIS","N","G01440","TERMIN","N","1969-01-01","1981-12-31","13","32","29.598944","-92.909326"
"1","1","20504","ExxonMobil Oil Corporation","FIXED","Y","G01864","TERMIN","N","1969-01-01","1977-12-31","9","33","29.582595","-92.896584"
"1","1","20505","ExxonMobil Oil Corporation","FIXED","Y","G01440","TERMIN","N","1969-01-01","1986-12-31","18","32","29.595676","-92.901823"
"2","1","20879","ExxonMobil Oil Corporation","CAIS","N","G01120","EXPIR","N","1964-01-01","1975-12-31","12","30","29.350202","-92.272092"
"1","1","20953","ExxonMobil Oil Corporation","CAIS","N","G00933","EXPIR","N","1970-01-01","1978-12-31","9","48","29.422825","-92.796978"
"A","1","21336","ExxonMobil Oil Corporation","FIXED","Y","G02041","TERMIN","N","1971-01-01","1984-12-31","14","162","28.476209","-92.742038"
"4","1","21491","ExxonMobil Oil Corporation","CAIS","N","G01440","TERMIN","N","1969-01-01","1974-12-31","6","31","29.589614","-92.907606"
"2","1","21492","ExxonMobil Oil Corporation","CAIS","N","G01864","TERMIN","N","1970-01-01","1974-12-31","5","32","29.585213","-92.889388"
"1","1","20635","ExxonMobil Oil Corporation","WP","N","00752","TERMIN","N","1969-01-01","1978-12-31","10","43","29.351013","-93.625758"
"1-AUX","2","20635","ExxonMobil Oil Corporation","FIXED","N","00752","TERMIN","N","1969-01-01","1978-12-31","10","43","29.35115","-93.625761"
"B","1","24172","HC Resources, LLC","CAIS","N","G10917","TERMIN","N","1994-01-01","2011-10-12","17.8","121","29.74315289","-88.44597325"
"A","1","23933","PRS Offshore, L.P.","FIXED","Y","G10730","TERMIN","N","1990-01-01","1997-05-01","7.3","61","28.842058","-91.476727"
"#2","1","31034","PRS Offshore, L.P.","FIXED","N","G06872","TERMIN","N","1996-11-09","1999-06-12","2.6","70","29.89107692","-88.236161"
"3","1","778","PRS Offshore, L.P.","CAIS","N","G15077","TERMIN","N","2000-01-01","2004-06-15","4.5","46","29.25490622","-93.72575584"
"TETCO-VALVE","1","25001","Texas Eastern Transmission, LP","FIXED","N","","","","1971-10-21","2021-11-15","50.1","146","28.54751281","-92.97929901"
"GP-VALVE","1","25026","Texas Eastern Transmission, LP","FIXED","N","","","","1974-05-13","2021-11-21","47.5","24","28.92072819","-93.03164674"
"B","1","22555","Dunhill Resources, Inc.","WP","N","G04000","TERMIN","N","1981-01-01","1991-02-12","10.1","64","28.84048","-90.43413"
"5","1","20525","Dunhill Resources, Inc.","WP","N","G01972","TERMIN","N","1972-01-01","1991-09-24","19.7","43","29.52393943","-92.7990838"
"A","1","10151","Dunhill Resources, Inc.","FIXED","Y","G03235","TERMIN","N","1980-01-01","2004-10-06","24.8","53","29.280253","-94.314295"
"A","1","21768","NCX Company, L.L.C.","FIXED","Y","G02322","TERMIN","N","1974-01-01","2013-10-19","39.8","320","28.167401","-91.494186"
"B","1","22297","NCX Company, L.L.C.","FIXED","Y","G02322","TERMIN","N","1979-01-01","2011-08-08","32.6","305","28.161835","-91.510423"
"GM-VALVE","1","516","Gulf South Pipeline Company, LP","FIXED","N","","","","1950-01-01","","","11","29.31357063","-91.53843301"
"E","1","2039","Gulf South Pipeline Company, LP","FIXED","N","","","","2007-07-28","2025-08-05","18","19","29.23570356","-91.68397025"
"2","1","23841","Torch Energy Services, Inc.","CAIS","N","G06807","TERMIN","N","1990-01-01","2000-05-28","10.4","47","29.587964","-88.682925"
"A","1","22290","Torch Energy Services, Inc.","FIXED","Y","G03519","TERMIN","N","1978-01-01","1994-05-11","16.4","150","28.480534","-93.461334"
"A-AUX","2","22290","Torch Energy Services, Inc.","WP","N","G03519","TERMIN","N","1978-01-01","1994-05-11","16.4","150","28.480901","-93.461413"
"A","1","45","Williams Production RMT Company","FIXED","Y","G17076","EXPIR","N","1997-11-30","2002-07-22","4.6","125","27.55693525","-96.81563964"
"CA","1","21439","Westport Resources Corporation","FIXED","Y","G01971","TERMIN","N","1972-01-01","2014-03-01","42.2","45","29.358602","-93.200457"
"A","2","21439","Westport Resources Corporation","FIXED","Y","G01971","TERMIN","N","1972-01-01","2001-09-27","29.7","45","29.358597","-93.200771"
"FVA","3","21439","Westport Resources Corporation","FIXED","Y","G01971","TERMIN","N","1972-01-01","2014-04-16","42.3","45","29.358561","-93.203282"
"B-QRT","4","21439","Westport Resources Corporation","FIXED","N","G01971","TERMIN","N","1982-01-01","2003-10-07","21.8","45","29.35786","-93.199834"
"A","1","22208","Tana Exploration Company LLC","FIXED","Y","G03186","TERMIN","N","1978-01-01","2003-09-07","25.7","110","29.017518","-89.630572"
"A","1","22849","Tana Exploration Company LLC","FIXED","Y","G19863","TERMIN","N","1983-01-01","2020-09-12","37.7","212","29.34667106","-88.28160825"
"A","1","23817","Tana Exploration Company LLC","FIXED","Y","","","","1989-01-01","2017-08-24","28.6","124","29.022109","-89.663761"
"A","1","24126","Tana Exploration Company LLC","FIXED","N","G08753","TERMIN","N","1992-12-12","2019-07-08","26.6","137","29.578037","-88.354881"
"B","1","368","Tana Exploration Company LLC","FIXED","Y","G03186","TERMIN","N","1998-11-28","2017-08-15","18.7","105","29.01241553","-89.60977556"
"A","1","582","Tana Exploration Company LLC","FIXED","N","G19839","RELINQ","N","1999-11-11","2019-06-28","19.6","136","29.01069607","-89.67459289"
"1","1","600","Tana Exploration Company LLC","CAIS","N","G16473","TERMIN","N","2000-07-16","2017-01-05","16.5","35","29.01266164","-89.54375521"
"A","1","627","Tana Exploration Company LLC","FIXED","N","","","","2000-04-15","2018-08-14","18.3","197","29.36394051","-88.35240126"
"E","1","773","Tana Exploration Company LLC","CAIS","N","00146","TERMIN","N","2000-03-07","2015-07-15","15.4","49","29.02064752","-89.53151408"
"2","1","856","Tana Exploration Company LLC","CAIS","N","G16473","TERMIN","N","2001-03-06","2017-01-10","15.8","60","29.00395659","-89.55617913"
"A","1","948","Tana Exploration Company LLC","FIXED","N","","","","2001-07-18","2017-07-29","16","130","29.63668388","-88.48766189"
"A","1","972","Tana Exploration Company LLC","FIXED","N","G18105","TERMIN","N","2001-09-26","2017-08-08","15.9","150","29.57672964","-88.47278494"
"B","1","1099","Tana Exploration Company LLC","CAIS","Y","G22513","TERMIN","N","2002-04-18","2019-09-13","17.4","37","29.49708359","-93.53641501"
"CAIS.#1","1","1184","Tana Exploration Company LLC","CAIS","N","G23897","RELINQ","N","2003-01-04","2007-08-01","4.6","41","28.74977582","-91.0579933"
"4","2","21398","W & T Offshore, Inc.","CAIS","N","00828","PROD","S","1967-01-01","","","115","28.481129","-90.874688"
"A","1","21427","W & T Offshore, Inc.","FIXED","Y","G01025","TERMIN","N","1968-01-01","2014-01-05","46","133","28.419677","-90.925002"
"B","1","21428","W & T Offshore, Inc.","FIXED","Y","00830","PROD","S","1971-01-01","","","125","28.470263","-91.087341"
"A","1","21429","W & T Offshore, Inc.","FIXED","Y","00830","PROD","S","1966-01-01","","","130","28.4558975","-91.08133471"
"C","2","21429","W & T Offshore, Inc.","FIXED","Y","00830","PROD","S","1982-01-01","","","130","28.45511645","-91.08124644"
"C","1","21469","W & T Offshore, Inc.","FIXED","Y","00434","TERMIN","N","1973-01-01","2023-08-25","50.6","52","28.746943","-91.201467"
"CAIS.#19","2","21469","W & T Offshore, Inc.","CAIS","N","00434","TERMIN","N","2000-10-02","2023-08-19","22.9","52","28.74702236","-91.20135178"
"A","1","21517","W & T Offshore, Inc.","FIXED","N","G01865","PROD","S","1972-01-01","","","22","29.190504","-91.607013"
"1","1","21562","W & T Offshore, Inc.","CAIS","N","00805","RELINQ","N","1966-01-01","1983-12-31","18","96","28.685163","-91.651237"
"E","1","21565","W & T Offshore, Inc.","FIXED","Y","00808","RELINQ","N","1974-01-01","2012-06-10","38.4","115","28.636219","-91.66326"
"CA #1","1","21820","W & T Offshore, Inc.","CAIS","N","","","","1974-01-01","","","25","29.190222","-91.617009"
"A-PRD","2","21820","W & T Offshore, Inc.","FIXED","Y","","","","1975-01-01","","","25","29.190036","-91.617055"
"FVA","3","21820","W & T Offshore, Inc.","FIXED","N","","","","1975-01-01","","","25","29.190015","-91.616616"
"A-Aux","4","21820","W & T Offshore, Inc.","FIXED","N","","","","2004-12-11","","","25","29.19007544","-91.61728079"
"G","1","21867","W & T Offshore, Inc.","FIXED","Y","00804","RELINQ","N","1986-07-23","2012-06-20","25.9","90","28.660862","-91.6644"
"5","1","21915","W & T Offshore, Inc.","CAIS","N","00336","TERMIN","N","1976-01-01","2023-02-26","47.2","18","29.06968","-91.274371"
"7","1","21969","W & T Offshore, Inc.","CAIS","N","00336","TERMIN","N","1976-01-01","2012-11-01","36.8","15","29.071276","-91.270974"
"11","1","22082","W & T Offshore, Inc.","WP","N","00336","TERMIN","N","1978-01-01","2016-10-31","38.8","19","29.068629","-91.279961"
"33","1","22120","W & T Offshore, Inc.","CAIS","N","00346","UNIT","S","1978-01-01","2025-08-24","47.6","14","29.12716153","-91.17885243"
"18","1","22121","W & T Offshore, Inc.","CAIS","N","00335","TERMIN","N","1977-01-01","2016-11-01","39.8","19","29.069193","-91.306112"
"34","1","22168","W & T Offshore, Inc.","CAIS","N","00346","UNIT","S","1978-01-01","2016-10-24","38.8","12","29.11289","-91.176116"
"38","1","22256","W & T Offshore, Inc.","CAIS","N","00346","UNIT","S","1979-01-01","2010-11-12","31.9","15","29.109869","-91.172707"
"A","1","22302","W & T Offshore, Inc.","WP","N","G01528","TERMIN","N","1979-01-01","2017-06-27","38.5","120","28.47779","-90.859129"
"D","1","22327","W & T Offshore, Inc.","FIXED","Y","00434","TERMIN","N","1980-01-01","2023-08-18","43.6","42","28.741223","-91.228642"
"J","2","22327","W & T Offshore, Inc.","CAIS","N","00434","TERMIN","N","2006-03-13","2023-08-19","17.4","42","28.74114337","-91.22858287"
"K","1","22390","W & T Offshore, Inc.","FIXED","Y","00828","PROD","S","1980-01-01","","","107","28.506245","-90.863646"
"A","1","22440","W & T Offshore, Inc.","FIXED","Y","00590","TERMIN","N","1981-01-01","","","90","28.602353","-91.278189"
"2","1","22485","W & T Offshore, Inc.","CAIS","N","00347","UNIT","S","1981-01-01","2025-08-25","44.6","9","29.130848","-91.114552"
"A","1","22487","W & T Offshore, Inc.","FIXED","Y","G03169","PROD","S","1981-01-01","","","129","28.425094","-90.873524"
"B","2","22487","W & T Offshore, Inc.","FIXED","Y","G03169","PROD","S","1982-01-01","","","129","28.424898","-90.873307"
"B","1","22529","W & T Offshore, Inc.","FIXED","Y","G01528","TERMIN","N","1981-01-01","","","127","28.445863","-90.893478"
"A","1","22571","W & T Offshore, Inc.","FIXED","Y","G04228","RELINQ","N","1982-01-01","1997-02-13","15.1","38","28.75214","-91.069744"
"CA","2","22571","W & T Offshore, Inc.","FIXED","Y","G04228","RELINQ","N","1984-01-01","1997-02-13","13.1","38","28.75214","-91.069744"
"11","1","22811","W & T Offshore, Inc.","CAIS","N","00228","TERMIN","N","1983-01-01","2007-11-12","24.9","25","29.075559","-91.758118"
"L","1","22813","W & T Offshore, Inc.","FIXED","Y","00828","PROD","S","1983-01-01","","","115","28.489277","-90.872601"
"E","1","22841","W & T Offshore, Inc.","FIXED","Y","00453","TERMIN","N","1983-01-01","2022-07-22","39.6","47","28.749804","-91.208665"
"12","1","22861","W & T Offshore, Inc.","CAIS","N","00228","TERMIN","N","1984-01-01","2007-11-15","23.9","25","29.072121","-91.757224"
"21","1","22889","W & T Offshore, Inc.","CAIS","N","00044","TERMIN","N","1984-01-01","2016-10-18","32.8","30","29.099939","-91.711879"
"C","1","22953","W & T Offshore, Inc.","WP","N","00590","TERMIN","N","1984-01-01","2007-11-06","23.8","92","28.597928","-91.249757"
"B","1","23007","W & T Offshore, Inc.","FIXED","Y","G01022","PROD","S","1984-01-01","","","120","28.49566","-91.050119"
"2","1","23103","W & T Offshore, Inc.","CAIS","N","G01359","UNIT","S","1985-01-01","","","15","29.138928","-91.172028"
"19","1","23105","W & T Offshore, Inc.","CAIS","N","00335","TERMIN","N","1985-01-01","2016-10-29","31.8","15","29.091181","-91.290447"
"B","1","23133","W & T Offshore, Inc.","WP","N","G01025","TERMIN","N","1985-01-01","2013-12-06","28.9","130","28.436672","-90.943432"
"3","1","23226","W & T Offshore, Inc.","CAIS","N","G03582","RELINQ","N","1985-01-01","1997-02-13","12.1","45","28.738158","-91.056821"
"4","1","23227","W & T Offshore, Inc.","CAIS","N","G04228","RELINQ","N","1985-01-01","1997-02-13","12.1","37","28.749812","-91.050449"
"3","1","23228","W & T Offshore, Inc.","CAIS","N","G04228","RELINQ","N","1985-01-01","1997-02-13","12.1","40","28.764293","-91.043852"
"B","1","23308","W & T Offshore, Inc.","FIXED","Y","G09601","TERMIN","N","1987-01-01","2013-10-30","26.8","415","28.06427923","-91.48694141"
"A","1","23548","W & T Offshore, Inc.","FIXED","Y","","","","1980-01-01","","","24","28.927004","-91.303928"
"11","1","23549","W & T Offshore, Inc.","CAIS","N","00333","TERMIN","N","1988-01-01","2024-09-03","36.7","18","29.107028","-91.262341"
"20","1","23585","W & T Offshore, Inc.","CAIS","N","00335","TERMIN","N","1989-01-01","2016-10-26","27.8","15","29.088389","-91.285749"
"7","1","23901","W & T Offshore, Inc.","FIXED","N","00590","TERMIN","N","1990-01-01","2024-12-21","35","92","28.61831","-91.248581"
"CJ","1","22189","McMoRan Oil & Gas Co.","CAIS","N","G03390","RELINQ","N","1979-01-01","1991-12-12","12.9","26","29.465199","-92.397086"
"EJ","1","22262","McMoRan Oil & Gas Co.","CAIS","N","G03390","RELINQ","N","1979-01-01","1991-12-12","12.9","26","29.456016","-92.397117"
"DJ","1","22305","McMoRan Oil & Gas Co.","CAIS","N","G03390","RELINQ","N","1979-01-01","1991-12-12","12.9","26","29.460689","-92.397481"
"GJ","1","22309","McMoRan Oil & Gas Co.","CAIS","N","G03390","RELINQ","N","1979-01-01","1991-12-12","12.9","26","29.466461","-92.397489"
"IJ","1","22348","McMoRan Oil & Gas Co.","CAIS","N","G04102","TERMIN","N","1980-01-01","1986-12-31","7","26","29.447671","-92.409002"
"HJ","1","22353","McMoRan Oil & Gas Co.","CAIS","N","G03390","RELINQ","N","1980-01-01","1991-12-12","11.9","26","29.467838","-92.403345"
"JJ","1","22388","McMoRan Oil & Gas Co.","WP","N","G03390","RELINQ","N","1980-01-01","1991-12-01","11.9","26","29.459184","-92.409289"
"KJ","1","22426","McMoRan Oil & Gas Co.","WP","N","G03390","RELINQ","N","1980-01-01","1991-12-12","11.9","25","29.458358","-92.401968"
"MJ","1","22458","McMoRan Oil & Gas Co.","CAIS","N","G04102","TERMIN","N","1980-01-01","1986-12-31","7","28","29.452481","-92.409019"
"NJ","1","22476","McMoRan Oil & Gas Co.","WP","N","G03390","RELINQ","N","1981-01-01","1991-12-12","10.9","20","29.468925","-92.39914"
"LJ","1","22516","McMoRan Oil & Gas Co.","WP","N","G03390","RELINQ","N","1981-01-01","1991-12-12","10.9","27","29.455416","-92.399939"
"OJ","1","22517","McMoRan Oil & Gas Co.","WP","N","G03390","RELINQ","N","1981-01-01","1991-12-12","10.9","28","29.457667","-92.396977"
"PJ","1","22545","McMoRan Oil & Gas Co.","CAIS","N","G03390","RELINQ","N","1981-01-01","1991-12-05","10.9","23","29.482093","-92.39746"
"A","1","22425","McMoRan Oil & Gas Co.","FIXED","Y","G02545","TERMIN","N","1980-01-01","1988-11-14","8.9","130","28.564712","-93.293939"
"F","1","21781","Chevron Pipe Line Company","FIXED","Y","","","","1964-01-01","2012-12-21","49","97","28.52697428","-90.90532965"
"UNOCAL P/L","2","21781","Chevron Pipe Line Company","FIXED","Y","","","","1964-01-01","","","97","28.5269776","-90.906357"
"F PUMP","1","784","Chevron Pipe Line Company","FIXED","N","","","","1964-01-01","","","97","28.52697766","-90.906357"
"C","1","22093","Houston Oil & Minerals Corporation","WP","N","G03392","TERMIN","N","1978-01-01","1991-11-05","13.8","18","29.424673","-92.192309"
"A","1","22094","Houston Oil & Minerals Corporation","FIXED","Y","G03392","TERMIN","N","1977-01-01","1991-11-14","14.9","18","29.418949","-92.18029"
"B","2","22094","Houston Oil & Minerals Corporation","WP","N","G03392","TERMIN","N","1977-01-01","1991-11-14","14.9","18","29.419602","-92.180535"
"D","1","22097","Houston Oil & Minerals Corporation","WP","N","G03392","TERMIN","N","1978-01-01","1991-11-14","13.9","17","29.426337","-92.17797"
"E","1","22104","Houston Oil & Minerals Corporation","CAIS","N","G03392","TERMIN","N","1978-01-01","1991-11-07","13.8","17","29.411685","-92.174472"
"F","1","22477","Houston Oil & Minerals Corporation","CAIS","N","G03392","TERMIN","N","1981-01-01","1991-10-24","10.8","20","29.421482","-92.174288"
"12","1","23219","Houston Oil & Minerals Corporation","CAIS","N","G03392","TERMIN","N","1985-01-01","1990-12-31","6","23","29.42635","-92.177707"
"A","1","10139","Houston Oil & Minerals Corporation","FIXED","Y","G02685","TERMIN","N","1980-01-01","1992-12-08","12.9","138","28.480207","-94.023171"
"B","1","10199","Houston Oil & Minerals Corporation","FIXED","Y","G04136","TERMIN","N","1981-01-01","1989-12-31","9","63","28.332807","-96.199945"
"C-AUX","2","10199","Houston Oil & Minerals Corporation","WP","N","G04136","TERMIN","N","1981-01-01","1989-12-31","9","63","28.332801","-96.199681"
"D-AUX","3","10199","Houston Oil & Minerals Corporation","WP","N","G04136","TERMIN","N","1981-01-01","1989-12-31","9","63","28.332103","-96.200086"
"A","1","10141","Transco Exploration Company","WP","N","G03951","RELINQ","N","1980-01-01","1985-12-31","6","181","28.360831","-93.873193"
"A","1","22315","ORYX ENERGY COMPANY","FIXED","Y","G02610","RELINQ","N","1979-01-01","1989-06-07","10.4","250","28.286889","-91.391637"
"1","1","10516","ORYX ENERGY COMPANY","CAIS","N","G06199","TERMIN","N","1984-01-01","1995-07-10","11.5","50","29.261248","-93.828002"
"A","1","10562","ORYX ENERGY COMPANY","FIXED","Y","G11401","EXPIR","N","1992-01-01","1995-08-29","3.7","205","28.269863","-93.585301"
"A","1","21480","Belco Petroleum Corporation","WP","N","G01077","TERMIN","N","1972-01-01","1980-12-31","9","118","29.044172","-89.707136"
"#2","1","20001","Pogo Producing Company","CAIS","N","00685","UNIT","S","1969-01-01","1999-07-20","30.5","90","29.021166","-90.104436"
"A","1","22065","Pogo Producing Company","FIXED","Y","G02102","TERMIN","N","1977-01-01","2009-07-26","32.6","137","28.508354","-91.35232"
"A","1","22668","Pogo Producing Company","FIXED","Y","G03500","TERMIN","N","1982-01-01","2001-08-08","19.6","80","29.042662","-93.11365"
"B","1","26027","Pogo Producing Company","FIXED","Y","G02104","TERMIN","N","1994-01-01","2002-08-23","8.6","211","28.352783","-91.593268"
"A","1","26049","Pogo Producing Company","FIXED","Y","G13631","RELINQ","N","1994-02-07","2009-05-30","15.3","370","28.14763034","-90.76705814"
"B","1","26079","Pogo Producing Company","FIXED","Y","G10779","TERMIN","N","1994-10-25","2007-08-31","12.8","145","28.421238","-90.981"
"A","1","26078","Pogo Producing Company","FIXED","Y","G10779","TERMIN","N","1994-10-20","2007-09-28","12.9","150","28.41094685","-90.96252432"
"A","1","26080","Pogo Producing Company","FIXED","Y","G11990","RELINQ","N","1994-11-01","1996-11-20","2.1","150","28.40102464","-90.93953588"
"A","1","28025","Pogo Producing Company","FIXED","Y","G14894","RELINQ","N","1995-10-01","2002-07-18","6.8","151","28.37292224","-94.32996572"
"C","1","80001","Pogo Producing Company","FIXED","Y","G10779","TERMIN","N","1996-10-28","2007-09-05","10.9","132","28.43311387","-90.94701281"
"A","1","1083","Pogo Producing Company","FIXED","Y","","","","1964-01-01","","","14","29.5095258","-92.04712974"
"C","1","22029","Odeco Oil & Gas Company","WP","N","G01555","TERMIN","N","1977-01-01","1994-08-19","17.6","92","28.766169","-90.229122"
"3","1","22649","Odeco Oil & Gas Company","CAIS","N","G01555","TERMIN","N","1982-01-01","1991-11-06","9.8","92","28.75935","-90.234118"
"4","1","22855","Odeco Oil & Gas Company","CAIS","N","G03592","TERMIN","N","1983-01-01","1985-12-31","3","103","28.778251","-90.193022"
"5","1","23470","Odeco Oil & Gas Company","CAIS","N","G05695","RELINQ","N","1989-01-01","1993-10-12","4.8","58","29.507544","-88.741392"
"3-PRD","2","21818","McMoRan Oil & Gas LLC","FIXED","Y","G01331","TERMIN","N","1962-01-01","2017-11-18","55.9","25","29.17795696","-89.55178142"
"3-PWR","3","21818","McMoRan Oil & Gas LLC","FIXED","Y","G01331","TERMIN","N","1962-01-01","2017-11-20","55.9","25","29.17835982","-89.55248251"
"A","1","22210","McMoRan Oil & Gas LLC","FIXED","Y","G02947","RELINQ","N","1977-01-01","","","146","29.26643","-88.907959"
"CF","2","22210","McMoRan Oil & Gas LLC","FIXED","Y","G02947","RELINQ","N","1979-01-01","","","146","29.266851","-88.908755"
"B","1","22289","McMoRan Oil & Gas LLC","FIXED","Y","G03417","RELINQ","N","1979-01-01","","","120","29.25332419","-88.93064473"
"C","1","22576","McMoRan Oil & Gas LLC","FIXED","Y","G03417","RELINQ","N","1979-01-01","","","135","29.24449","-88.916251"
"A","1","23831","McMoRan Oil & Gas LLC","FIXED","Y","G16500","TERMIN","N","1991-01-01","2012-07-12","21.5","158","29.339158","-88.802819"
"A","1","24106","McMoRan Oil & Gas LLC","FIXED","Y","G12024","TERMIN","N","1992-04-18","2015-06-25","23.2","121","28.514671","-90.605386"
"B","1","24115","McMoRan Oil & Gas LLC","FIXED","N","G05610","TERMIN","N","1992-04-25","2015-06-29","23.2","118","28.507635","-90.629482"
"A","1","21232","McMoRan Oil & Gas LLC","FIXED","Y","00436","TERMIN","N","1967-01-01","2011-10-13","44.8","99","28.704765","-91.753231"
"B","1","21432","McMoRan Oil & Gas LLC","FIXED","N","G01014","TERMIN","N","1966-01-01","2010-09-03","44.7","43","28.714633","-90.998647"
"A","1","21443","McMoRan Oil & Gas LLC","FIXED","Y","00572","TERMIN","N","1959-01-01","2013-08-10","54.6","87","28.693008","-91.503271"
"2","1","21564","McMoRan Oil & Gas LLC","CAIS","N","00578","TERMIN","N","1960-01-01","1981-12-31","22","75","28.644348","-91.494091"
"4","1","22838","McMoRan Oil & Gas LLC","CAIS","N","G03577","TERMIN","N","1983-01-01","2018-09-20","35.7","12","28.976633","-90.826743"
"D01","1","22866","McMoRan Oil & Gas LLC","WP","N","00578","TERMIN","N","1983-01-01","2003-09-14","20.7","98","28.649599","-91.486288"
"6","1","22882","McMoRan Oil & Gas LLC","CAIS","N","G03577","TERMIN","N","1984-01-01","2018-12-18","35","29","28.976539","-90.838001"
"5","1","22904","McMoRan Oil & Gas LLC","CAIS","N","G03577","TERMIN","N","1984-01-01","2019-01-09","35","27","28.972413","-90.837708"
"8","1","22931","McMoRan Oil & Gas LLC","CAIS","N","G03577","TERMIN","N","1984-01-01","2002-06-26","18.5","30","28.970749","-90.834121"
"A","1","22967","McMoRan Oil & Gas LLC","FIXED","Y","G03577","TERMIN","N","1984-01-01","2018-09-23","34.7","28","28.97552286","-90.83840606"
"B","2","22967","McMoRan Oil & Gas LLC","FIXED","N","G03577","TERMIN","N","1984-01-01","2018-07-20","34.5","28","28.975553","-90.837637"
"1","1","23033","McMoRan Oil & Gas LLC","CAIS","N","G06736","TERMIN","N","1985-01-01","2018-09-19","33.7","30","28.982332","-90.839846"
"2","1","23052","McMoRan Oil & Gas LLC","CAIS","N","G06736","TERMIN","N","1985-01-01","2018-11-20","33.9","30","28.981345","-90.836476"
"13","1","23500","McMoRan Oil & Gas LLC","CAIS","N","G03577","TERMIN","N","1989-01-01","2002-06-06","13.4","35","28.967978","-90.838809"
"5","1","23597","McMoRan Oil & Gas LLC","CAIS","N","G06736","TERMIN","N","1989-01-01","2018-12-17","30","26","28.983542","-90.833425"
"A","1","23925","McMoRan Oil & Gas LLC","FIXED","Y","G05803","TERMIN","N","1990-01-01","2022-07-02","32.5","477","28.035965","-90.891111"
"A","1","23950","McMoRan Oil & Gas LLC","FIXED","N","G08709","TERMIN","N","1991-01-01","2010-08-03","19.6","52","28.67438498","-91.08369876"
"B","1","26001","McMoRan Oil & Gas LLC","WP","N","00572","TERMIN","N","1993-04-01","2014-07-19","21.3","83","28.717605","-91.493368"
"3","1","26016","McMoRan Oil & Gas LLC","CAIS","N","G03577","TERMIN","N","1984-01-01","2019-01-06","35","32","28.975988","-90.837691"
"A","1","20598","McMoRan Oil & Gas LLC","FIXED","Y","G02127","TERMIN","N","1972-01-01","2016-09-20","44.7","42","29.500514","-92.80384"
"A","1","20947","McMoRan Oil & Gas LLC","FIXED","N","00787","TERMIN","N","1964-01-01","2016-06-25","52.5","98","28.739195","-91.869997"
"A-QTR","2","20947","McMoRan Oil & Gas LLC","FIXED","Y","00787","TERMIN","N","1971-01-01","2012-03-16","41.2","98","28.739194","-91.870309"
"E","3","20947","McMoRan Oil & Gas LLC","FIXED","Y","00787","TERMIN","N","1971-01-01","2012-01-01","41","98","28.738753","-91.870644"
"F","4","20947","McMoRan Oil & Gas LLC","WP","N","00787","TERMIN","N","1978-01-01","2012-03-17","34.2","98","28.738392","-91.870651"
"C","1","21009","McMoRan Oil & Gas LLC","FIXED","Y","G01221","TERMIN","N","1967-01-01","2012-07-13","45.5","96","28.751716","-91.852033"
"A","1","21136","McMoRan Oil & Gas LLC","FIXED","Y","G02051","TERMIN","N","1972-01-01","2010-09-29","38.7","186","28.360101","-92.729546"
"B","1","21602","McMoRan Oil & Gas LLC","FIXED","Y","00787","TERMIN","N","1966-01-01","2010-08-20","44.6","98","28.748613","-91.863974"
"B","1","21907","McMoRan Oil & Gas LLC","FIXED","Y","G02062","TERMIN","N","1975-01-01","","","275","28.145659","-92.979509"
"B","1","22053","McMoRan Oil & Gas LLC","FIXED","Y","G02857","TERMIN","N","1977-01-01","2013-08-23","36.6","45","29.484657","-92.799349"
"C","1","22278","McMoRan Oil & Gas LLC","FIXED","Y","G02857","TERMIN","N","1979-01-01","2013-08-29","34.7","45","29.467105","-92.804507"
"A","1","22333","McMoRan Oil & Gas LLC","FIXED","Y","G21597","TERMIN","N","1980-01-01","2010-09-24","30.7","83","28.964084","-92.348496"
"A","1","22499","McMoRan Oil & Gas LLC","FIXED","Y","G02885","TERMIN","N","1981-01-01","2019-01-19","38","247","28.24827341","-91.89924897"
"B","1","22696","McMoRan Oil & Gas LLC","FIXED","Y","G03540","TERMIN","N","1982-01-01","2023-09-25","41.7","240","28.179694","-92.786999"
"JA","1","22734","McMoRan Oil & Gas LLC","FIXED","Y","G03125","TERMIN","N","1982-01-01","2002-08-04","20.6","90","28.967144","-92.502197"
"A","1","23098","McMoRan Oil & Gas LLC","FIXED","Y","G03540","TERMIN","N","1985-01-01","2012-07-04","27.5","255","28.155487","-92.797981"
"D","1","23274","McMoRan Oil & Gas LLC","FIXED","Y","G02127","TERMIN","N","1985-01-01","2016-07-05","31.5","40","29.518723","-92.822143"
"B","1","23347","McMoRan Oil & Gas LLC","FIXED","Y","G01210","TERMIN","N","1989-01-01","","","139","28.594798","-91.869782"
"C","1","23376","McMoRan Oil & Gas LLC","FIXED","Y","G07703","TERMIN","N","1990-01-01","","","140","28.599846","-91.880386"
"B","1","23383","McMoRan Oil & Gas LLC","FIXED","N","G02051","TERMIN","N","1990-01-01","2012-07-23","22.6","186","28.385081","-92.750447"
"A","1","23389","McMoRan Oil & Gas LLC","FIXED","Y","","","","1990-01-01","2024-06-07","34.4","235","28.227763","-92.016612"
"A","1","23680","McMoRan Oil & Gas LLC","FIXED","Y","G05372","TERMIN","N","1987-01-01","2009-11-28","22.9","80","28.976704","-92.839667"
"A","1","1292","Tana Exploration Company LLC","CAIS","N","G05245","TERMIN","N","2003-06-13","2017-07-25","14.1","124","29.6470157","-88.51196179"
"C","1","1480","Tana Exploration Company LLC","FIXED","N","G03186","TERMIN","N","2004-06-09","2017-01-20","12.6","133","29.00343655","-89.63073847"
"A","1","1475","Tana Exploration Company LLC","FIXED","N","G21703","RELINQ","N","2004-07-18","2013-10-10","9.2","65","29.566903","-88.65916151"
"1","1","1498","Tana Exploration Company LLC","CAIS","N","G24889","RELINQ","N","2004-06-30","2013-07-08","9","26","29.09099733","-91.53454203"
"A","1","1503","Tana Exploration Company LLC","FIXED","N","G22802","TERMIN","N","2005-02-09","2014-05-12","9.3","174","29.46395405","-88.53794326"
"B","1","1555","Tana Exploration Company LLC","FIXED","Y","G24889","RELINQ","N","2004-09-19","2013-08-11","8.9","26","29.09434305","-91.53869384"
"1","1","1666","Tana Exploration Company LLC","CAIS","N","G26023","TERMIN","N","2005-04-04","2013-06-25","8.2","27","29.07347876","-91.56208688"
"7","1","1776","Tana Exploration Company LLC","CAIS","N","G24882","EXPIR","N","2005-11-13","2017-10-22","11.9","12","29.24949323","-91.37351006"
"A","1","1791","Tana Exploration Company LLC","FIXED","Y","G24802","TERMIN","N","2006-05-01","2010-08-21","4.3","106","28.73071726","-92.86783835"
"J","1","1775","Tana Exploration Company LLC","FIXED","Y","G34671","TERMIN","N","2006-06-06","2019-09-09","13.3","85","28.04095092","-96.46464685"
"A","1","1759","Tana Exploration Company LLC","FIXED","Y","G25553","TERMIN","N","2005-12-26","2012-08-14","6.6","41","29.37447587","-93.91517983"
"I","1","1938","Tana Exploration Company LLC","FIXED","Y","G27050","EXPIR","N","2006-09-30","2011-07-06","4.8","166","28.45567248","-92.63285678"
"3","1","1988","Tana Exploration Company LLC","CAIS","N","G22513","TERMIN","N","2007-04-01","2012-08-04","5.3","36","29.51655382","-93.55940514"
"2","1","2139","Tana Exploration Company LLC","CAIS","N","G25553","TERMIN","N","2008-05-03","2012-08-12","4.3","33","29.40721052","-93.91473241"
"1","1","2165","Tana Exploration Company LLC","CAIS","N","G24729","TERMIN","N","2008-07-01","2012-08-06","4.1","31","29.43122739","-93.76508564"
"4","1","2194","Tana Exploration Company LLC","CAIS","N","G23193","TERMIN","N","2008-09-27","2012-08-20","3.9","31","29.41581635","-93.87213565"
"B","1","2223","Tana Exploration Company LLC","FIXED","Y","G24718","RELINQ","N","2009-06-12","2013-07-12","4.1","60","29.2815899","-93.16283412"
"4","1","2259","Tana Exploration Company LLC","CAIS","N","G22513","TERMIN","N","2009-11-27","2019-09-21","9.8","36","29.51830483","-93.55071152"
"1","1","2294","Tana Exploration Company LLC","CAIS","N","G33076","RELINQ","N","2009-09-10","2012-10-25","3.1","44","29.38106144","-92.58078632"
"D","1","2361","Tana Exploration Company LLC","FIXED","N","G31003","TERMIN","N","2010-05-09","2019-09-13","9.3","77","28.07444155","-96.49307294"
"A","1","2525","Tana Exploration Company LLC","FIXED","Y","G33689","TERMIN","N","2013-03-27","2019-07-04","6.3","147","29.55255477","-88.3390647"
"A","1","2561","Tana Exploration Company LLC","CAIS","N","G16473","TERMIN","N","2014-01-18","2017-01-15","3","59","29.01101307","-89.56097894"
"D","1","22596","Palm Energy Offshore, L.L.C.","FIXED","Y","00146","TERMIN","N","1982-01-01","2016-10-22","34.8","70","29.020198","-89.531234"
"A","1","22461","Palm Energy Offshore, L.L.C.","FIXED","Y","G02552","TERMIN","N","1981-01-01","2012-05-15","31.4","185","28.319245","-93.23192"
"B","1","23718","Palm Energy Offshore, L.L.C.","WP","N","G02552","TERMIN","N","1989-01-01","2012-05-01","23.3","182","28.352693","-93.262162"
"#4","1","70000","Palm Energy Offshore, L.L.C.","CAIS","N","00146","TERMIN","N","1997-08-12","2011-04-30","13.7","50","29.05045069","-89.52087156"
"A","1","535","Palm Energy Offshore, L.L.C.","FIXED","N","G15199","TERMIN","N","1999-10-26","2009-09-09","9.9","170","28.49006501","-92.49628169"
"A","1","1127","Palm Energy Offshore, L.L.C.","CAIS","Y","G21349","TERMIN","N","2002-06-25","2009-09-05","7.2","45","29.33799213","-93.82367114"
"I","1","22024","TDC Energy LLC","FIXED","Y","G03269","TERMIN","N","1977-01-01","2008-11-05","31.8","60","29.19227176","-93.18182271"
"#1","1","968","TDC Energy LLC","CAIS","Y","G22241","EXPIR","N","2001-11-17","2007-09-19","5.8","53","29.0093771","-94.37972737"
"AJ","1","23748","Badger Oil Corporation","FIXED","Y","G27008","TERMIN","N","1990-01-01","2014-06-20","24.5","67","29.119216","-93.194693"
"B","1","87","Badger Oil Corporation","FIXED","Y","G13342","TERMIN","N","1997-10-22","2012-10-07","15","158","28.44828167","-93.70545844"
"B","1","1690","Badger Oil Corporation","CAIS","Y","G21650","TERMIN","N","2005-11-30","2009-07-07","3.6","26","28.97945822","-91.01917642"
"A","1","2148","Badger Oil Corporation","FIXED","N","G30685","TERMIN","N","2008-05-27","2012-09-27","4.3","124","28.54115094","-93.69967788"
"D","1","2150","Badger Oil Corporation","FIXED","N","G15805","TERMIN","N","2008-07-01","2012-10-01","4.3","157","28.46167273","-93.72500913"
"2","1","1569","Palace Operating Company","CAIS","N","G25042","RELINQ","N","2004-08-20","2007-09-28","3.1","58","29.81590694","-88.69551018"
"CAIS.#1","1","1242","Palace Operating Company","CAIS","N","G19851","TERMIN","N","2003-02-01","2009-04-09","6.2","37","29.33092411","-89.05383675"
"1","1","1537","Palace Operating Company","WP","N","G25046","RELINQ","N","2004-07-20","2007-10-11","3.2","55","30.00391083","-88.71907278"
"4","3","21339","Offshore Energy I LLC","FIXED","N","00229","TERMIN","N","1974-01-01","1996-08-30","22.7","23","29.09283369","-91.7616127"
"CF","1","21339","Offshore Energy I LLC","FIXED","Y","00229","TERMIN","N","1960-01-01","1996-08-30","36.7","23","29.092751","-91.761612"
"A","2","21339","Offshore Energy I LLC","FIXED","N","00229","TERMIN","N","1960-01-01","2003-04-06","43.3","23","29.092833","-91.761926"
"3","1","21524","Offshore Energy I LLC","CAIS","N","00229","TERMIN","N","1959-01-01","1975-12-31","17","22","29.090084","-91.761601"
"10","1","21824","Offshore Energy I LLC","CAIS","N","00229","TERMIN","N","1972-01-01","1992-05-03","20.3","19","29.094389","-91.756814"
"11","1","22860","Offshore Energy I LLC","CAIS","N","00229","TERMIN","N","1983-01-01","1993-11-10","10.9","22","29.09754","-91.75775"
"6","1","23936","Offshore Energy II LLC","CAIS","N","G05557","TERMIN","N","1991-01-01","2008-04-04","17.3","108","28.55542136","-91.2448064"
"A","1","21894","Offshore Energy II LLC","FIXED","Y","G02234","TERMIN","N","1975-01-01","2007-08-10","32.6","293","28.069909","-93.166972"
"C","1","274","Offshore Energy II LLC","FIXED","N","G02234","TERMIN","N","1998-09-25","2005-09-20","7","316","28.05261902","-93.1308901"
"5","1","23931","W & T Offshore, Inc.","WP","N","G05558","TERMIN","N","1990-01-01","2008-04-04","18.3","112","28.552176","-91.22596"
"G","1","23968","W & T Offshore, Inc.","FIXED","Y","00434","TERMIN","N","1991-01-01","2023-08-31","32.7","55","28.733167","-91.22311"
"B","1","23984","W & T Offshore, Inc.","FIXED","Y","G07760","PROD","S","1992-05-31","","","251","28.248144","-91.132519"
"A","1","23985","W & T Offshore, Inc.","FIXED","Y","G07760","PROD","S","1992-06-07","","","259","28.223384","-91.110164"
"5","1","26009","W & T Offshore, Inc.","FIXED","N","G01865","PROD","S","1993-01-09","","","24","29.20781387","-91.61426869"
"B","2","26009","W & T Offshore, Inc.","CAIS","N","G01865","PROD","S","2008-03-25","","","24","29.20785485","-91.61439731"
"13","1","26011","W & T Offshore, Inc.","CAIS","N","00333","TERMIN","N","1992-01-01","2024-09-02","32.7","18","29.102816","-91.263825"
"A","1","26036","W & T Offshore, Inc.","FIXED","N","G10721","TERMIN","N","1993-06-17","2017-04-15","23.8","20","29.09136134","-91.70934243"
"A","1","20744","W & T Offshore, Inc.","FIXED","Y","G02061","PROD","S","1972-01-01","","","220","28.21982807","-92.79438984"
"B","1","21462","W & T Offshore, Inc.","FIXED","Y","G01201","PROD","S","1966-01-01","","","136","28.61794331","-92.0698127"
"B-QTRS.","2","21462","W & T Offshore, Inc.","FIXED","Y","G01201","PROD","S","1970-01-01","","","136","28.61794331","-92.0698127"
"B-Flare pile","3","21462","W & T Offshore, Inc.","CAIS","N","G01201","PROD","S","1966-01-01","1998-04-06","32.3","136","28.61794331","-92.0698127"
"A","1","21472","W & T Offshore, Inc.","FIXED","Y","G01205","PROD","S","1963-01-01","","","136","28.58621355","-92.09278924"
"C","1","21473","W & T Offshore, Inc.","FIXED","Y","G01204","PROD","S","1972-01-01","","","137","28.583731","-92.110807"
"A","1","21502","W & T Offshore, Inc.","FIXED","Y","G02063","PROD","S","1973-01-01","","","270","28.11745","-92.823561"
"A","1","21600","W & T Offshore, Inc.","FIXED","Y","G01187","PROD","S","1965-01-01","","","100","28.856128","-92.10129"
"A","1","22183","W & T Offshore, Inc.","FIXED","Y","G03124","TERMIN","N","1977-01-01","2009-07-26","32.6","41","29.246695","-92.524605"
"A","1","22465","W & T Offshore, Inc.","FIXED","Y","G01144","TERMIN","N","1981-01-01","2017-05-12","36.4","122","28.655885","-92.43103"
"C","1","22475","W & T Offshore, Inc.","FIXED","Y","G01134","PROD","S","1979-01-01","","","97","28.840822","-92.162936"
"JA","1","22561","W & T Offshore, Inc.","FIXED","N","G01187","PROD","S","1980-01-01","","","100","28.88514434","-92.06961441"
"B","1","22803","W & T Offshore, Inc.","FIXED","Y","G02061","PROD","S","1983-01-01","","","229","28.199985","-92.795281"
"A","1","23324","W & T Offshore, Inc.","FIXED","Y","G09536","TERMIN","N","1988-01-01","2009-08-04","21.6","90","28.889102","-92.148035"
"A","1","23350","W & T Offshore, Inc.","FIXED","Y","G05465","TERMIN","N","1989-01-01","2005-05-26","16.4","190","28.40384","-92.127925"
"A","1","23674","W & T Offshore, Inc.","FIXED","Y","G04421","PROD","S","1988-01-01","","","38","29.282654","-92.453682"
"A","1","24021","W & T Offshore, Inc.","FIXED","Y","G06685","TERMIN","N","1991-01-01","2006-05-31","15.4","467","27.953182","-92.355869"
"B","1","24032","W & T Offshore, Inc.","FIXED","Y","G01143","TERMIN","N","1992-04-07","2016-10-19","24.5","118","28.669109","-92.442778"
"4","1","24040","W & T Offshore, Inc.","CAIS","N","G09536","TERMIN","N","1993-01-01","2009-06-04","16.4","90","28.876815","-92.157639"
"A","1","10039","W & T Offshore, Inc.","FIXED","Y","G02353","TERMIN","N","1975-01-01","2022-06-28","47.5","45","29.31356329","-94.21886235"
"B","1","10100","W & T Offshore, Inc.","FIXED","Y","G02353","TERMIN","N","1977-01-01","2022-07-03","45.5","40","29.298569","-94.224071"
"A","1","10192","W & T Offshore, Inc.","FIXED","Y","G02759","TERMIN","N","1981-01-01","2018-07-27","37.6","410","27.900534","-93.577224"
"B","1","10237","W & T Offshore, Inc.","FIXED","Y","G05006","PROD","S","1983-01-01","","","41","29.514812","-94.030225"
"A","1","10282","W & T Offshore, Inc.","FIXED","Y","G04565","TERMIN","N","1985-01-01","1996-07-06","11.5","94","28.620882","-95.106546"
"A","1","10298","W & T Offshore, Inc.","FIXED","Y","G05006","PROD","S","1986-01-01","","","42","29.510625","-94.019134"
"A","1","10406","W & T Offshore, Inc.","FIXED","Y","G04565","TERMIN","N","1987-01-01","2016-01-13","29","65","28.8802685","-95.03745582"
"A","1","10457","W & T Offshore, Inc.","FIXED","Y","G06165","TERMIN","N","1988-01-01","2012-09-20","24.7","50","29.18646","-94.397"
"A","1","10524","W & T Offshore, Inc.","FIXED","Y","G03316","UNIT","S","1990-01-01","","","358","27.918693","-93.804407"
"C","1","20129","W & T Offshore, Inc.","FIXED","Y","00759","TERMIN","N","1967-01-01","2016-09-19","49.7","48","29.373403","-93.165305"
"F","2","20129","W & T Offshore, Inc.","FIXED","Y","00759","TERMIN","N","1976-01-01","2016-09-23","40.7","48","29.373556","-93.166015"
"CAIS.FA","3","20129","W & T Offshore, Inc.","FIXED","N","00759","TERMIN","N","2001-01-02","2016-09-05","15.7","48","29.37402247","-93.16628678"
"E","1","20735","W & T Offshore, Inc.","FIXED","Y","00763","TERMIN","N","1971-01-01","2017-07-09","46.5","50","29.364278","-93.188322"
"E-AUX1","2","20735","W & T Offshore, Inc.","FIXED","Y","00763","TERMIN","N","1971-01-01","2016-07-31","45.6","50","29.364282","-93.188008"
"A","1","21226","W & T Offshore, Inc.","FIXED","Y","00763","TERMIN","N","1960-01-01","2016-10-25","56.8","46","29.365732","-93.182537"
"A-AUX","2","21226","W & T Offshore, Inc.","FIXED","N","00763","TERMIN","N","1966-01-01","1994-09-19","28.7","46","29.365457","-93.182532"
"CC","1","21274","W & T Offshore, Inc.","FIXED","Y","G01998","TERMIN","N","1972-01-01","2016-10-06","44.8","50","29.37906702","-93.19990841"
"G","1","22030","W & T Offshore, Inc.","FIXED","Y","00763","TERMIN","N","1977-01-01","2017-07-12","40.5","50","29.358772","-93.171377"
"GA","2","22030","W & T Offshore, Inc.","FIXED","N","00763","TERMIN","N","2001-06-23","2017-07-14","16.1","50","29.35875363","-93.17090857"
"A","1","22032","W & T Offshore, Inc.","FIXED","N","G03264","TERMIN","N","1977-01-01","2016-08-25","39.6","50","29.30528117","-93.26847169"
"A","1","22181","W & T Offshore, Inc.","FIXED","Y","G03265","TERMIN","N","1978-01-01","2018-07-16","40.5","50","29.308723","-93.24223"
"A","1","23756","W & T Offshore, Inc.","FIXED","Y","G07629","TERMIN","N","1991-01-01","2012-12-16","22","197","28.287057","-93.100752"
"A","1","10347","W & T Offshore, Inc.","FIXED","Y","G09001","TERMIN","N","1989-01-01","2003-08-06","14.6","140","27.909619","-96.327137"
"2","1","23491","Odeco Oil & Gas Company","CAIS","N","G05695","RELINQ","N","1989-01-01","1993-10-12","4.8","54","29.505812","-88.756222"
"3","1","20538","Odeco Oil & Gas Company","WP","N","00471","EXPIR","N","1960-01-01","1977-12-31","18","82","28.785854","-91.592142"
"6","1","20539","Odeco Oil & Gas Company","WP","N","00471","EXPIR","N","1970-01-01","1977-12-31","8","84","28.782242","-91.578683"
"9","1","20540","Odeco Oil & Gas Company","WP","N","00471","EXPIR","N","1972-01-01","1977-12-31","6","73","28.794063","-91.587774"
"B","1","20541","Odeco Oil & Gas Company","WP","N","00471","EXPIR","N","1956-01-01","1977-12-31","22","82","28.785339","-91.581413"
"A","1","20999","Odeco Oil & Gas Company","FIXED","Y","G01983","TERMIN","N","1971-01-01","1988-02-08","17.1","27","28.876808","-90.850959"
"6","1","21343","Odeco Oil & Gas Company","CAIS","N","00046","TERMIN","N","1970-01-01","1980-12-31","11","20","29.082215","-91.704334"
"4","1","21344","Odeco Oil & Gas Company","CAIS","N","00043","TERMIN","N","1971-01-01","1990-01-31","19.1","17","29.09105","-91.706686"
"9","2","21344","Odeco Oil & Gas Company","CAIS","N","00043","TERMIN","N","1982-01-01","1990-01-31","8.1","17","29.09110766","-91.70670859"
"6","1","21347","Odeco Oil & Gas Company","CAIS","N","00043","TERMIN","N","1971-01-01","1990-01-03","19","20","29.097313","-91.709136"
"5","1","21348","Odeco Oil & Gas Company","CAIS","N","00043","TERMIN","N","1970-01-01","1990-01-18","20","20","29.093713","-91.708309"
"7","1","21350","Odeco Oil & Gas Company","CAIS","N","00229","TERMIN","N","1960-01-01","1980-12-31","21","22","29.099222","-91.759135"
"4","1","21503","Odeco Oil & Gas Company","CAIS","N","00312","RELINQ","N","1956-01-01","1988-10-27","32.8","20","29.320062","-91.788381"
"1","1","21511","Odeco Oil & Gas Company","CAIS","N","00317","TERMIN","N","1955-01-01","1983-12-31","29","25","29.288344","-91.848766"
"3","1","21521","Odeco Oil & Gas Company","WP","N","00043","TERMIN","N","1970-01-01","1990-01-26","20.1","18","29.089914","-91.704976"
"C","1","21534","Odeco Oil & Gas Company","CAIS","N","00046","TERMIN","N","1950-01-01","1980-12-31","31","23","29.052729","-91.700448"
"6","1","21537","Odeco Oil & Gas Company","CAIS","N","00048","TERMIN","N","1965-01-01","1978-12-31","14","30","29.023356","-91.71166"
"4","1","21861","Odeco Oil & Gas Company","CAIS","N","00317","TERMIN","N","1975-01-01","1986-12-31","12","23","29.276439","-91.840308"
"2","1","21876","Odeco Oil & Gas Company","CAIS","N","00045","TERMIN","N","1957-01-01","1979-12-31","23","29","29.057368","-91.751557"
"8","1","22241","Odeco Oil & Gas Company","CAIS","N","00312","RELINQ","N","1975-01-01","1988-10-29","13.8","20","29.319817","-91.78774"
"1","1","22559","Odeco Oil & Gas Company","CAIS","N","G01983","TERMIN","N","1981-01-01","1988-12-08","7.9","45","28.874793","-90.847522"
"8","1","22737","Odeco Oil & Gas Company","CAIS","N","00043","TERMIN","N","1983-01-01","1990-01-01","7","30","29.103515","-91.704879"
"5","1","20668","Odeco Oil & Gas Company","FIXED","Y","00564","TERMIN","N","1972-01-01","1989-11-11","17.9","65","29.179697","-92.602173"
"1","1","21794","Odeco Oil & Gas Company","CAIS","N","G02562","TERMIN","N","1974-01-01","1979-12-31","6","45","29.448972","-92.62077"
"3","1","21974","Odeco Oil & Gas Company","CAIS","N","G02562","TERMIN","N","1976-01-01","1979-12-31","4","45","29.467178","-92.639715"
"1","1","10442","Odeco Oil & Gas Company","CAIS","N","G04739","TERMIN","N","1984-01-01","1991-09-24","7.7","50","29.295166","-93.791091"
"3","1","10443","Odeco Oil & Gas Company","CAIS","N","G04739","TERMIN","N","1985-01-01","1991-09-24","6.7","51","29.298948","-93.814683"
"2","1","23727","Odeco Oil & Gas Company","CAIS","N","G06573","TERMIN","N","1989-01-01","1994-07-28","5.6","53","29.323976","-93.519197"
"A","1","22604","Mesa Petroleum Co.","FIXED","Y","G03589","TERMIN","N","1980-01-01","1990-09-30","10.7","40","28.892976","-90.618237"
"A","1","22652","Mesa Petroleum Co.","FIXED","Y","G03588","TERMIN","N","1981-01-01","1989-05-04","8.3","30","28.937088","-90.655073"
"A","1","20168","Samedan Oil Corporation","FIXED","Y","00146","TERMIN","N","1954-01-01","1981-12-31","28","48","29.011675","-89.523706"
"A","1","20653","Samedan Oil Corporation","WP","N","G01570","RELINQ","N","1967-01-01","1994-10-25","27.8","163","28.495976","-90.28103"
"A","1","21682","Samedan Oil Corporation","FIXED","Y","G01256","TERMIN","N","1965-01-01","1993-05-30","28.4","107","28.539483","-90.574217"
"B","1","22300","Samedan Oil Corporation","FIXED","Y","G01570","RELINQ","N","1979-01-01","1994-10-29","15.8","172","28.483445","-90.247993"
"D","1","22645","Samedan Oil Corporation","FIXED","Y","G04463","RELINQ","N","1982-01-01","2001-06-20","19.5","115","28.511691","-90.545754"
"A","1","23211","Samedan Oil Corporation","FIXED","Y","G05669","TERMIN","N","1985-01-01","2000-07-24","15.6","30","29.177268","-89.738397"
"C","1","23275","Samedan Oil Corporation","CAIS","N","G05669","TERMIN","N","1986-01-01","1990-11-28","4.9","20","29.177874","-89.737398"
"5","1","23276","Samedan Oil Corporation","CAIS","N","G05669","TERMIN","N","1986-01-01","1990-05-24","4.4","20","29.176847","-89.740861"
"D","1","23419","Samedan Oil Corporation","WP","N","G05669","TERMIN","N","1987-01-01","1999-08-16","12.6","20","29.179829","-89.72344"
"A","1","23427","Samedan Oil Corporation","WP","N","G06808","TERMIN","N","1987-01-01","1992-07-09","5.5","49","29.569683","-88.735725"
"A","1","23429","Samedan Oil Corporation","FIXED","Y","G05242","TERMIN","N","1988-01-01","2001-06-26","13.5","55","29.622458","-88.70986"
"E","1","23462","Samedan Oil Corporation","CAIS","N","G05670","TERMIN","N","1988-01-01","1996-11-25","8.9","55","29.161017","-89.740673"
"A(Removed)","1","23539","Samedan Oil Corporation","FIXED","Y","G04885","TERMIN","N","1987-01-01","1997-05-22","10.4","100","28.596503","-90.471955"
"F","1","23814","Samedan Oil Corporation","CAIS","N","G05670","TERMIN","N","1989-01-01","1996-11-21","7.9","60","29.156696","-89.740688"
"A","1","23845","Samedan Oil Corporation","FIXED","N","G05657","TERMIN","N","1990-01-01","2001-01-15","11","203","28.751005","-89.865842"
"3","1","23892","Samedan Oil Corporation","CAIS","N","G07789","TERMIN","N","1991-01-01","1999-08-15","8.6","44","29.176686","-89.669736"
"F","1","20915","Samedan Oil Corporation","WP","N","00576","TERMIN","N","1965-01-01","1997-06-05","32.4","94","28.655856","-91.49381"
"1","1","21834","Samedan Oil Corporation","CAIS","N","G02894","TERMIN","N","1975-01-01","2003-08-02","28.6","10","29.254847","-91.39455"
"2 & 5","1","21869","Samedan Oil Corporation","CAIS","N","G02894","TERMIN","N","1976-01-01","2003-08-02","27.6","10","29.255026","-91.382571"
"B","1","10077","McMoRan Oil & Gas LLC","FIXED","Y","G02372","TERMIN","N","1976-01-01","2023-09-02","47.7","180","28.227736","-94.185634"
"A","1","10084","McMoRan Oil & Gas LLC","FIXED","Y","G02696","TERMIN","N","1976-01-01","2022-09-02","46.7","200","28.08467007","-94.44392302"
"B","1","10089","McMoRan Oil & Gas LLC","FIXED","Y","G02698","TERMIN","N","1977-01-01","2021-11-29","44.9","200","28.058265","-94.397073"
"A","1","10115","McMoRan Oil & Gas LLC","FIXED","Y","G02712","TERMIN","N","1978-01-01","2014-07-07","36.5","255","27.981573","-94.505596"
"A","1","10147","McMoRan Oil & Gas LLC","FIXED","Y","G02690","TERMIN","N","1980-01-01","2011-07-04","31.5","189","28.262564","-94.064171"
"C","1","10154","McMoRan Oil & Gas LLC","FIXED","Y","G03118","TERMIN","N","1990-01-01","2011-10-06","21.8","191","28.186388","-94.150063"
"A","1","10171","McMoRan Oil & Gas LLC","FIXED","Y","G32731","EXPIR","N","1981-01-01","2015-06-26","34.5","134","28.127085","-95.715465"
"CJ","1","10294","McMoRan Oil & Gas LLC","WP","Y","G02690","TERMIN","N","1986-05-06","2010-06-03","24.1","190","28.284428","-94.044815"
"A","1","10563","McMoRan Oil & Gas LLC","FIXED","Y","G08120","RELINQ","N","1992-10-13","2016-07-29","23.8","123","28.19383993","-95.67837961"
"B","1","20209","McMoRan Oil & Gas LLC","FIXED","Y","00190","TERMIN","N","1958-01-01","2014-10-11","56.8","68","29.294182","-93.013211"
"B-AUX","2","20209","McMoRan Oil & Gas LLC","CAIS","N","00190","TERMIN","N","1978-01-01","2014-10-11","36.8","68","29.294179","-93.013427"
"A","1","20636","McMoRan Oil & Gas LLC","FIXED","Y","00190","TERMIN","N","1957-01-01","2013-10-11","56.8","56","29.293836","-93.055838"
"1","1","20667","McMoRan Oil & Gas LLC","FIXED","Y","00757","TERMIN","N","1967-01-01","2010-09-28","43.7","32","29.498775","-93.640082"
"6","2","20667","McMoRan Oil & Gas LLC","CAIS","N","00757","TERMIN","N","1967-01-01","2010-09-25","43.7","32","29.4987186","-93.64001452"
"A","1","21716","McMoRan Oil & Gas LLC","FIXED","Y","G02027","TERMIN","N","1973-01-01","2022-07-12","49.5","362","27.971791","-93.203657"
"A","1","22134","McMoRan Oil & Gas LLC","FIXED","Y","G14340","TERMIN","N","1978-01-01","2012-05-14","34.4","177","28.375916","-93.49122"
"A","1","22366","McMoRan Oil & Gas LLC","FIXED","Y","","","","1980-01-01","2011-05-17","31.4","103","28.70560026","-93.32594057"
"A","1","22411","McMoRan Oil & Gas LLC","FIXED","Y","G04268","TERMIN","N","1980-01-01","2022-11-02","42.8","395","27.945562","-93.201695"
"10","1","22950","McMoRan Oil & Gas LLC","FIXED","Y","00757","TERMIN","N","1984-01-01","2010-10-01","26.7","34","29.501804","-93.630817"
"11","1","23185","McMoRan Oil & Gas LLC","CAIS","N","00757","TERMIN","N","1985-01-01","2010-09-24","25.7","31","29.491599","-93.627716"
"A","1","23286","McMoRan Oil & Gas LLC","FIXED","Y","G04200","TERMIN","N","1986-01-01","2011-07-01","25.5","324","28.03671","-93.231211"
"A","1","10387","McMoRan Oil & Gas LLC","FIXED","Y","G10147","TERMIN","N","1994-01-01","2013-09-03","19.7","148","27.640281","-96.663881"
"A","1","24194","McMoRan Oil & Gas LLC","FIXED","Y","G07827","TERMIN","N","1994-09-16","2025-10-17","31.1","390","29.32573881","-88.02012343"
"AJ","1","27003","McMoRan Oil & Gas LLC","FIXED","Y","G08668","TERMIN","N","1995-02-24","2008-07-27","13.4","89","28.96414104","-92.52881299"
"C","1","24233","McMoRan Oil & Gas LLC","CAIS","N","G12024","TERMIN","N","1995-08-31","2015-08-05","19.9","118","28.51474928","-90.57303609"
"B","1","28043","McMoRan Oil & Gas LLC","FIXED","Y","G08120","RELINQ","N","1996-05-18","2016-08-02","20.2","127","28.17103161","-95.68541014"
"D","1","27065","McMoRan Oil & Gas LLC","FIXED","N","G02062","TERMIN","N","1996-06-23","2025-09-06","29.2","264","28.17529172","-92.96099431"
"A","1","32023","McMoRan Oil & Gas LLC","FIXED","Y","G09529","TERMIN","N","1996-01-01","2016-09-12","20.7","381","28.01281761","-92.2071378"
"A","1","32040","McMoRan Oil & Gas LLC","FIXED","Y","G12886","TERMIN","N","1996-10-03","2012-11-01","16.1","76","28.93236016","-92.02971781"
"D","1","31005","McMoRan Oil & Gas LLC","FIXED","Y","G01898","TERMIN","N","1996-07-03","2018-05-23","21.9","112","28.61657357","-90.41180662"
"E","1","31006","McMoRan Oil & Gas LLC","FIXED","Y","G01898","TERMIN","N","1996-07-10","2018-05-15","21.8","96","28.58847484","-90.42093781"
"E","1","32037","McMoRan Oil & Gas LLC","FIXED","Y","G02062","TERMIN","N","1996-10-27","","","242","28.17172038","-92.99082483"
"B","1","1617","McMoRan Oil & Gas LLC","CAIS","N","G21669","RELINQ","N","2005-01-28","2018-07-10","13.4","72","28.5727955","-90.72157117"
"C","1","1612","McMoRan Oil & Gas LLC","FIXED","Y","G24416","TERMIN","N","2005-01-29","2010-08-06","5.5","235","28.11972885","-93.93017508"
"6","1","80023","McMoRan Oil & Gas LLC","CAIS","N","G06736","TERMIN","N","1997-03-20","2018-09-11","21.5","30","28.97865186","-90.82613838"
"5","1","80026","McMoRan Oil & Gas LLC","FIXED","N","G03584","TERMIN","N","1997-03-18","2010-04-20","13.1","55","28.66111804","-91.0883109"
"15","1","80029","McMoRan Oil & Gas LLC","FIXED","N","G03577","TERMIN","N","1997-04-27","2018-09-08","21.4","30","28.97736673","-90.83877852"
"B","1","50015","McMoRan Oil & Gas LLC","FIXED","Y","G04094","EXPIR","N","1997-07-02","2010-07-16","13","198","28.24724289","-93.18518903"
"F","1","32","McMoRan Oil & Gas LLC","FIXED","N","G02062","TERMIN","N","1997-01-01","2025-09-21","28.7","248","28.16133215","-92.98935231"
"B","1","57","McMoRan Oil & Gas LLC","FIXED","N","G14340","TERMIN","N","1997-09-26","2008-07-19","10.8","181","28.37073216","-93.45844659"
"BJ","1","135","McMoRan Oil & Gas LLC","FIXED","Y","G08668","TERMIN","N","1998-07-02","2008-08-14","10.1","93","28.93487493","-92.53391436"
"B(FMR CAIS.#3)","1","201","McMoRan Oil & Gas LLC","FIXED","N","G05372","TERMIN","N","1998-05-05","2009-07-29","11.2","78","28.96167062","-92.85418529"
"16","1","80022","McMoRan Oil & Gas LLC","CAIS","N","G03577","TERMIN","N","1997-03-23","2018-08-16","21.4","33","28.97292994","-90.83992602"
"B","1","236","McMoRan Oil & Gas LLC","FIXED","N","G12886","TERMIN","N","1998-06-18","2012-09-29","14.3","81","28.92653971","-92.06462821"
"C","1","264","McMoRan Oil & Gas LLC","FIXED","Y","G02051","TERMIN","N","1998-08-12","2010-06-17","11.8","186","28.37965815","-92.72125292"
"B","1","266","McMoRan Oil & Gas LLC","FIXED","N","G02885","TERMIN","N","1998-08-06","2015-08-23","17","230","28.26288394","-91.89033163"
"CJ","1","278","McMoRan Oil & Gas LLC","FIXED","N","G03128","TERMIN","N","1999-11-30","2008-08-16","8.7","89","28.96374231","-92.51070362"
"C","1","352","McMoRan Oil & Gas LLC","FIXED","N","G02886","TERMIN","N","1999-05-23","2014-10-19","15.4","234","28.24138556","-91.90563993"
"H","1","20025","BP America Production Company","FIXED","Y","00182","UNIT","S","1965-01-01","2008-11-02","43.8","141","28.944847","-89.80984"
"G","1","20026","BP America Production Company","FIXED","Y","00839","PROD","S","1964-01-01","2008-11-27","44.9","153","28.933632","-89.779112"
"J","1","20031","BP America Production Company","FIXED","Y","00174","UNIT","S","1965-01-01","2008-06-08","43.4","106","29.010365","-89.857574"
"R","1","20033","BP America Production Company","FIXED","Y","G01498","PROD","S","1967-01-01","2008-06-20","41.5","148","28.899105","-89.836956"
"T","1","20034","BP America Production Company","FIXED","Y","G01497","PROD","S","1968-01-01","1995-05-27","27.4","150","28.909488","-89.808821"
"B","1","20107","BP America Production Company","FIXED","Y","G01069","RELINQ","N","1971-01-01","1992-10-06","21.8","70","29.125217","-89.800585"
"P","1","20492","BP America Production Company","FIXED","Y","G01497","PROD","S","1968-01-01","1979-12-31","12","145","28.935883","-89.827944"
"A","1","22171","BP America Production Company","FIXED","Y","G02928","TERMIN","N","1978-01-01","1993-09-05","15.7","174","28.555116","-90.183669"
"7","1","22455","BP America Production Company","CAIS","N","G01069","RELINQ","N","1981-01-01","1985-12-31","5","70","29.154665","-89.803811"
"1","1","22653","BP America Production Company","CAIS","N","G04828","TERMIN","N","1982-01-01","1989-10-20","7.8","127","28.574309","-90.377446"
"A","1","22747","BP America Production Company","FIXED","Y","G04242","TERMIN","N","1983-01-01","1996-09-20","13.7","180","28.948613","-89.627328"
"E","1","23463","BP America Production Company","FIXED","N","G04828","TERMIN","N","1988-01-01","2008-06-19","20.5","122","28.58346897","-90.37570882"
"A-TND","2","23844","BP America Production Company","FIXED","N","G05682","TERMIN","N","1990-01-01","1997-06-21","7.5","303","28.69781","-89.706997"
"A-DRL","1","23844","BP America Production Company","FIXED","Y","G05682","TERMIN","N","1990-01-01","1997-06-21","7.5","303","28.69781","-89.706997"
"1","1","20944","BP America Production Company","CAIS","N","00575","EXPIR","N","1959-01-01","1976-12-31","18","100","28.674553","-91.522732"
"1","1","21450","BP America Production Company","CAIS","N","00572","TERMIN","N","1970-01-01","1986-12-31","17","90","28.696038","-91.495236"
"1","1","21474","BP America Production Company","CAIS","N","00590","TERMIN","N","1959-01-01","1985-12-31","27","94","28.597016","-91.271649"
"A(Removed)","1","21856","BP America Production Company","FIXED","Y","G02618","TERMIN","N","1975-01-01","1997-11-04","22.8","349","28.119231","-91.337857"
"1","1","21941","BP America Production Company","CAIS","N","G03347","NO-ISS","N","1970-01-01","1981-12-31","12","10","29.09272513","-91.03236321"
"1-HTR","2","21941","BP America Production Company","CAIS","N","G03347","NO-ISS","N","1970-01-01","1981-12-31","12","10","29.09272467","-91.03215972"
"A","1","21959","BP America Production Company","FIXED","Y","G03160","TERMIN","N","1979-01-01","2004-09-01","25.7","15","28.920297","-91.107058"
"A-PRD","2","21959","BP America Production Company","FIXED","Y","G03160","TERMIN","N","1980-01-01","2004-09-02","24.7","15","28.919712","-91.107059"
"A","1","22494","BP America Production Company","FIXED","Y","G03571","TERMIN","N","1981-01-01","1996-10-26","15.8","198","28.367315","-91.338151"
"2","1","23127","BP America Production Company","CAIS","N","G05487","TERMIN","N","1985-01-01","1989-08-23","4.6","27","29.102704","-91.537819"
"A","1","23184","BP America Production Company","FIXED","Y","G05487","TERMIN","N","1985-01-01","1989-11-13","4.9","27","29.098831","-91.540203"
"1","2","23184","BP America Production Company","CAIS","N","G05487","TERMIN","N","1985-01-01","1989-11-13","4.9","27","29.099004","-91.535"
"3","1","23941","BP America Production Company","CAIS","N","G08693","TERMIN","N","1991-01-01","1994-07-10","3.5","136","28.575495","-91.794199"
"B","1","23981","BP America Production Company","WP","N","00589","TERMIN","N","1992-07-15","1998-05-27","5.9","87","28.63197","-91.310848"
"4","1","21455","BP America Production Company","CAIS","N","00784","TERMIN","N","1963-01-01","1980-12-31","18","96","28.784632","-91.953203"
"A","1","22368","BP America Production Company","CAIS","N","G03120","TERMIN","N","1980-01-01","1986-12-31","7","28","29.421276","-92.343746"
"A-AUX","2","22368","BP America Production Company","FIXED","N","G03120","TERMIN","N","1980-01-01","1986-12-31","7","28","29.421278","-92.343432"
"A","1","22982","BP America Production Company","FIXED","Y","G05383","TERMIN","N","1984-01-01","2000-07-18","16.5","118","28.663926","-92.726706"
"1","1","23317","BP America Production Company","CAIS","N","G05456","TERMIN","N","1988-01-01","1990-08-02","2.6","90","28.791052","-91.956888"
"A","1","23372","BP America Production Company","FIXED","Y","G05446","TERMIN","N","1990-01-01","1999-09-11","9.7","259","28.151159","-92.316888"
"2","1","23386","BP America Production Company","CAIS","N","G05456","TERMIN","N","1990-01-01","1993-08-04","3.6","92","28.786757","-91.96862"
"B","1","23658","BP America Production Company","FIXED","Y","G05383","TERMIN","N","1988-01-01","2000-06-25","12.5","118","28.674018","-92.744605"
"6","1","23668","BP America Production Company","FIXED","Y","G05383","TERMIN","N","1988-01-01","1993-09-18","5.7","118","28.656877","-92.747643"
"1","1","10274","BP America Production Company","CAIS","N","G06144","EXPIR","N","1985-01-01","1986-12-31","2","50","29.421199","-94.165778"
"3","1","10452","BP America Production Company","CAIS","N","G06180","TERMIN","N","1988-01-01","1992-12-31","5","155","29.013177","-94.261254"
"1","2","10452","BP America Production Company","CAIS","N","G06180","TERMIN","N","1990-01-01","1992-12-31","3","155","29.174483","-93.906034"
"A","3","10452","BP America Production Company","FIXED","Y","G06180","TERMIN","N","1990-01-01","1992-10-28","2.8","155","29.013232","-94.261261"
"D","1","21265","BP America Production Company","CAIS","N","00526","TERMIN","N","1960-01-01","1981-12-31","22","28","29.631194","-93.028414"
"A","1","21752","BP America Production Company","WP","N","G02007","TERMIN","N","1974-01-01","1981-12-31","8","173","28.434576","-93.198124"
"B","1","21945","BP America Production Company","FIXED","Y","G02007","TERMIN","N","1974-01-01","1986-12-31","13","170","28.397609","-93.210324"
"B-AUX","2","21945","BP America Production Company","FIXED","Y","G02007","TERMIN","N","1974-01-01","1980-12-31","7","170","28.397884","-93.210329"
"A","1","22035","BP America Production Company","FIXED","Y","G03284","TERMIN","N","1977-01-01","1996-11-05","19.8","195","28.250229","-93.311332"
"A","1","24151","W & T Offshore, Inc.","WP","N","G12100","TERMIN","N","1993-11-11","1999-11-15","6","185","29.408923","-88.467583"
"C","1","26047","W & T Offshore, Inc.","FIXED","Y","G00978","RELINQ","N","1993-01-01","2012-05-31","19.4","117","28.61721","-91.604635"
"A","1","24167","W & T Offshore, Inc.","WP","N","G09710","TERMIN","N","1994-05-11","2008-06-15","14.1","188","29.297487","-88.796419"
"C","1","29003","W & T Offshore, Inc.","FIXED","N","G03265","TERMIN","N","1994-07-15","2017-10-14","23.2","50","29.328485","-93.241231"
"A","1","10598","W & T Offshore, Inc.","FIXED","Y","G13301","EXPIR","N","1994-01-01","1996-12-02","2.9","97","28.359137","-95.519145"
"B","1","28002","W & T Offshore, Inc.","FIXED","Y","G13808","UNIT","S","1994-10-14","","","390","27.92977","-93.801475"
"C","1","28001","W & T Offshore, Inc.","FIXED","Y","G10311","UNIT","S","1994-01-01","2018-08-04","24.6","352","27.916821","-93.746594"
"A","1","26071","W & T Offshore, Inc.","CAIS","N","00333","TERMIN","N","1994-08-27","2025-08-24","31","18","29.11610534","-91.28574504"
"10","1","26082","W & T Offshore, Inc.","CAIS","N","00334","TERMIN","N","1994-09-14","2016-10-25","22.1","16","29.11749775","-91.28838421"
"14","1","26057","W & T Offshore, Inc.","CAIS","N","00333","TERMIN","N","1994-01-01","2024-08-31","30.7","18","29.09733766","-91.26304277"
"D","1","24217","W & T Offshore, Inc.","FIXED","Y","00372","TERMIN","N","1954-01-01","2017-09-21","63.7","52","29.27396359","-89.02721642"
"A","1","26067","W & T Offshore, Inc.","FIXED","N","G09631","TERMIN","N","1994-01-01","","","285","28.19232372","-91.10260794"
"A","1","24158","W & T Offshore, Inc.","FIXED","Y","G05754","UNIT","S","1994-10-28","","","52","30.091452","-87.85549"
"JA","1","27017","W & T Offshore, Inc.","FIXED","Y","G13607","TERMIN","N","1995-01-25","","","97","28.80942007","-92.05837548"
"12","1","26089","W & T Offshore, Inc.","CAIS","N","00229","TERMIN","N","1995-03-24","2017-05-03","22.1","22","29.09003305","-91.76447471"
"H","1","32008","W & T Offshore, Inc.","FIXED","Y","G11983","TERMIN","N","1995-09-18","2014-03-03","18.5","44","28.73566077","-91.18642982"
"K-3","2","32008","W & T Offshore, Inc.","CAIS","N","G11983","TERMIN","N","2000-09-09","2014-03-01","13.5","44","28.73568552","-91.18642978"
"K","3","32008","W & T Offshore, Inc.","FIXED","N","G11983","TERMIN","N","2006-01-01","2014-03-03","8.2","44","28.7356277","-91.18636435"
"1","1","24213","W & T Offshore, Inc.","CAIS","N","G09703","TERMIN","N","1995-06-03","2011-10-26","16.4","50","29.27623086","-89.00199869"
"A","1","28033","W & T Offshore, Inc.","FIXED","Y","G14200","TERMIN","N","1996-03-29","2011-11-03","15.6","430","27.92847729","-93.45522202"
"A","1","26084","W & T Offshore, Inc.","CAIS","N","G01359","UNIT","S","1995-01-01","","","12","29.13425324","-91.1630281"
"PLTF.A","1","24205","W & T Offshore, Inc.","MOPU","N","G14528","TERMIN","N","1994-11-10","2003-05-02","8.5","92","28.5949661","-90.53582441"
"A-PROD.(MODU)","2","24205","W & T Offshore, Inc.","FIXED","Y","G14528","TERMIN","N","1995-05-12","2003-05-02","8","92","28.59518111","-90.55585768"
"D","1","28049","W & T Offshore, Inc.","FIXED","N","G10311","UNIT","S","1996-09-01","2018-08-10","21.9","364","27.88894633","-93.77369439"
"E","1","28050","W & T Offshore, Inc.","FIXED","N","G13808","UNIT","S","1996-09-30","","","324","27.95584943","-93.83149228"
"A","1","24237","W & T Offshore, Inc.","FIXED","Y","G13938","PROD","S","1996-05-08","","","230","28.38550354","-90.13613319"
"A","1","24266","W & T Offshore, Inc.","FIXED","Y","G12079","TERMIN","N","1996-05-10","2007-07-11","11.2","260","28.97413859","-89.01311722"
"A","1","32027","W & T Offshore, Inc.","FIXED","Y","G10794","PROD","S","1996-01-01","","","262","28.22855759","-91.07580899"
"A(Mahogany)","1","33028","W & T Offshore, Inc.","FIXED","Y","G12008","UNIT","S","1996-01-01","","","375","28.06147521","-91.06176944"
"1","1","32036","W & T Offshore, Inc.","CAIS","N","G15242","TERMIN","N","1996-07-28","2008-08-13","12","38","29.0022588","-91.5615248"
"3","1","31016","W & T Offshore, Inc.","FIXED","N","G07802","TERMIN","N","1996-06-28","2006-05-20","9.9","45","29.63398167","-88.75426306"
"B","1","40000","W & T Offshore, Inc.","CAIS","Y","G04565","TERMIN","N","1996-10-27","2013-01-23","16.2","66","28.87890761","-95.05432588"
"A","1","24218","W & T Offshore, Inc.","CAIS","N","G05761","UNIT","S","1996-10-03","","","65","30.0439967","-87.86407635"
"NO. 1","1","23980","W & T Offshore, Inc.","FIXED","N","G10770","TERMIN","N","1992-04-04","1992-06-04","0.2","53","28.68197235","-91.10665642"
"C","1","1588","W & T Offshore, Inc.","CAIS","N","G24954","TERMIN","N","2004-10-22","","","70","28.93632816","-90.16560694"
"E","1","1576","W & T Offshore, Inc.","CAIS","Y","00372","TERMIN","N","2005-01-11","2021-11-24","16.9","48","29.28307633","-89.0234872"
"#1","1","1570","W & T Offshore, Inc.","CAIS","N","G17896","TERMIN","N","2004-10-01","2009-09-20","5","62","29.09882413","-92.31922389"
"D","2","1570","W & T Offshore, Inc.","CAIS","N","G17896","TERMIN","N","2004-10-01","2009-08-16","4.9","62","29.09884338","-92.31922407"
"2","1","90009","W & T Offshore, Inc.","CAIS","N","G12858","TERMIN","N","1996-11-13","2011-09-24","14.9","38","29.46102185","-92.51114028"
"C","1","90013","W & T Offshore, Inc.","FIXED","N","G12858","TERMIN","N","1997-12-15","2011-09-24","13.8","35","29.46653057","-92.51904561"
"A","1","90015","W & T Offshore, Inc.","FIXED","Y","G14385","PROD","S","1997-05-15","","","302","28.07401533","-92.837675"
"I","1","80027","W & T Offshore, Inc.","CAIS","N","00434","TERMIN","N","1998-03-05","2009-04-21","11.1","50","28.72090679","-91.20186002"
"5","1","40014","W & T Offshore, Inc.","CAIS","N","G04565","TERMIN","N","1997-04-14","2013-01-31","15.8","65","28.87078325","-95.06637343"
"6","1","80032","W & T Offshore, Inc.","CAIS","N","G01865","PROD","S","1997-07-30","","","24","29.20732121","-91.58621554"
"A","1","90027","W & T Offshore, Inc.","CAIS","Y","G12850","TERMIN","N","1997-08-15","2004-01-21","6.4","194","28.27968432","-92.78507702"
"F","1","11","W & T Offshore, Inc.","FIXED","N","00345","UNIT","S","1997-08-30","2010-11-28","13.2","15","29.12433448","-91.18836144"
"E-1","1","10","W & T Offshore, Inc.","WP","N","00335","TERMIN","N","1977-08-30","2016-11-01","39.2","15","29.0620987","-91.29706582"
"E","1","16","W & T Offshore, Inc.","WP","N","00346","UNIT","S","1997-08-30","2016-10-24","19.2","12","29.12001194","-91.17911706"
"6","1","13","W & T Offshore, Inc.","CAIS","N","G09536","TERMIN","N","1997-07-20","2009-07-19","12","93","28.853333","-92.142222"
"A","1","60","W & T Offshore, Inc.","FIXED","Y","G15363","TERMIN","N","1997-10-17","2017-06-14","19.7","140","28.99961088","-89.73676227"
"6","1","21932","Samedan Oil Corporation","CAIS","N","G02894","TERMIN","N","1976-01-01","2003-08-02","27.6","10","29.252523","-91.40092"
"3","1","21963","Samedan Oil Corporation","CAIS","N","G02894","TERMIN","N","1976-01-01","2003-08-02","27.6","11","29.263184","-91.424768"
"10","1","22129","Samedan Oil Corporation","CAIS","N","G02894","TERMIN","N","1978-01-01","2003-08-02","25.6","10","29.257488","-91.425587"
"11&12","1","22130","Samedan Oil Corporation","WP","N","G02894","TERMIN","N","1978-01-01","2003-08-02","25.6","10","29.252052","-91.425143"
"14","1","22216","Samedan Oil Corporation","CAIS","N","G02894","TERMIN","N","1978-01-01","2003-08-02","25.6","10","29.253274","-91.423398"
"1","1","22567","Samedan Oil Corporation","CAIS","N","G04448","TERMIN","N","1982-01-01","1989-09-27","7.7","55","28.880861","-91.441254"
"1","1","22587","Samedan Oil Corporation","CAIS","N","G03780","TERMIN","N","1982-01-01","2002-05-21","20.4","9","29.239117","-91.445668"
"I","1","23001","Samedan Oil Corporation","FIXED","Y","00576","TERMIN","N","1984-01-01","2004-08-26","20.7","91","28.679408","-91.490059"
"A","1","23064","Samedan Oil Corporation","FIXED","Y","G01888","TERMIN","N","1984-01-01","1996-08-17","12.6","164","28.508672","-91.756284"
"B","1","23089","Samedan Oil Corporation","WP","N","G05506","TERMIN","N","1984-01-01","1996-08-18","12.6","164","28.498215","-91.743371"
"C","1","23090","Samedan Oil Corporation","FIXED","Y","G05506","TERMIN","N","1984-01-01","1996-08-12","12.6","164","28.527428","-91.748922"
"2","1","23568","Samedan Oil Corporation","CAIS","N","G03780","TERMIN","N","1989-01-01","2002-05-21","13.4","11","29.243293","-91.439502"
"3","1","23911","Samedan Oil Corporation","CAIS","N","G03780","TERMIN","N","1990-01-01","2002-05-22","12.4","11","29.247288","-91.437913"
"2","1","23935","Samedan Oil Corporation","CAIS","N","G05537","TERMIN","N","1991-01-01","2003-05-27","12.4","26","28.938086","-91.322324"
"B (8)","1","20286","Samedan Oil Corporation","FIXED","Y","00249","TERMIN","N","1958-01-01","1988-11-24","30.9","25","29.288593","-92.389007"
"B-AUX(8)(REMOV)","2","20286","Samedan Oil Corporation","FIXED","Y","00249","TERMIN","N","1959-01-01","1988-11-24","29.9","25","29.288596","-92.388694"
"1","1","20287","Samedan Oil Corporation","FIXED","Y","00249","TERMIN","N","1961-01-01","1988-11-24","27.9","25","29.289306","-92.381825"
"A","1","20560","Samedan Oil Corporation","CAIS","N","G01127","TERMIN","N","1963-01-01","1994-03-06","31.2","90","28.936516","-92.596802"
"5","1","22061","Samedan Oil Corporation","CAIS","N","G01127","TERMIN","N","1978-01-01","1994-01-09","16","85","28.933008","-92.577799"
"A","1","22462","Samedan Oil Corporation","FIXED","Y","G03297","TERMIN","N","1981-01-01","1990-09-03","9.7","115","28.692851","-92.68658"
"B","2","22462","Samedan Oil Corporation","FIXED","Y","G03297","TERMIN","N","1984-01-01","1990-09-08","6.7","115","28.692559","-92.686588"
"A","1","22782","Samedan Oil Corporation","FIXED","Y","00249","TERMIN","N","1983-01-01","1994-01-16","11","28","29.255816","-92.371347"
"D","1","23081","Samedan Oil Corporation","CAIS","N","G03297","TERMIN","N","1985-01-01","1990-09-08","5.7","115","28.677442","-92.702896"
"A-PRD","1","23168","Samedan Oil Corporation","FIXED","Y","G04417","TERMIN","N","1985-01-01","2004-07-12","19.5","54","29.334859","-92.93108"
"A","2","23168","Samedan Oil Corporation","WP","N","G04417","TERMIN","N","1985-01-01","2004-07-11","19.5","54","29.335134","-92.931084"
"C","1","23246","Samedan Oil Corporation","CAIS","N","G03297","TERMIN","N","1984-01-01","1990-09-08","6.7","115","28.676755","-92.72259"
"B","1","23248","Samedan Oil Corporation","WP","N","G04417","TERMIN","N","1985-01-01","2004-07-13","19.5","54","29.325384","-92.94073"
"AJ","1","23348","Samedan Oil Corporation","FIXED","Y","G05419","TERMIN","N","1989-01-01","2000-06-06","11.4","89","28.917763","-92.618414"
"AJ","1","23377","Samedan Oil Corporation","FIXED","Y","G06646","TERMIN","N","1990-01-01","2001-01-07","11","205","28.242332","-92.73184"
"B","1","24022","Samedan Oil Corporation","CAIS","N","G08687","TERMIN","N","1991-01-01","2001-01-22","10.1","16","29.362125","-92.158632"
"A","1","24026","Samedan Oil Corporation","FIXED","Y","G08687","TERMIN","N","1991-01-01","2001-01-22","10.1","16","29.352465","-92.142245"
"A","1","10055","Samedan Oil Corporation","FIXED","Y","G01723","RELINQ","N","1972-01-01","1985-12-31","14","116","28.344173","-95.304179"
"A","1","10078","Samedan Oil Corporation","FIXED","Y","G02368","RELINQ","N","1976-01-01","1994-08-22","18.6","155","28.286755","-94.478436"
"A","1","10158","Samedan Oil Corporation","FIXED","Y","G02659","TERMIN","N","1980-01-01","1992-07-11","12.5","150","28.149686","-95.494868"
"A","1","10240","Samedan Oil Corporation","FIXED","Y","G04846","TERMIN","N","1984-01-01","1988-10-17","4.8","62","29.045318","-94.761866"
"A","1","10245","Samedan Oil Corporation","FIXED","Y","G04189","TERMIN","N","1984-01-01","1998-05-29","14.4","202","28.128399","-94.212911"
"A","1","10276","Samedan Oil Corporation","FIXED","N","G05010","TERMIN","N","1985-01-01","2004-09-09","19.7","115","28.613891","-93.60394"
"A","1","10287","Samedan Oil Corporation","FIXED","Y","G04076","TERMIN","N","1986-01-01","1999-08-20","13.6","45","29.334128","-94.484586"
"1","1","10422","Samedan Oil Corporation","CAIS","N","G04076","TERMIN","N","1984-01-01","1999-07-13","15.5","44","29.343088","-94.485077"
"3","1","10425","Samedan Oil Corporation","CAIS","N","G04076","TERMIN","N","1985-01-01","1999-07-25","14.6","44","29.331545","-94.487784"
"2","1","10438","Samedan Oil Corporation","CAIS","N","G04076","TERMIN","N","1986-01-01","1999-07-19","13.5","47","29.344946","-94.470309"
"2","1","22185","Samedan Oil Corporation","FIXED","Y","G03256","TERMIN","N","1979-01-01","1983-12-31","5","34","29.644066","-93.107607"
"A","1","22932","Samedan Oil Corporation","FIXED","Y","G03256","TERMIN","N","1984-01-01","1997-05-27","13.4","26","29.647375","-93.08364"
"B","1","22946","Samedan Oil Corporation","CAIS","N","G03256","TERMIN","N","1984-01-01","1988-03-12","4.2","26","29.627588","-93.086376"
"A","1","23037","Samedan Oil Corporation","FIXED","Y","G04093","TERMIN","N","1984-01-01","2005-04-26","21.3","140","28.565959","-93.265774"
"AJ","1","23702","Samedan Oil Corporation","WP","N","G05324","TERMIN","N","1988-01-01","1995-11-02","7.8","113","28.64609","-93.054733"
"A","1","23703","Samedan Oil Corporation","FIXED","Y","G05332","RELINQ","N","1988-01-01","1998-06-22","10.5","121","28.600758","-93.024853"
"BJ","1","23713","Samedan Oil Corporation","WP","N","G05331","RELINQ","N","1989-01-01","1996-06-20","7.5","113","28.638863","-93.023268"
"B","1","470","McMoRan Oil & Gas LLC","FIXED","N","G13852","TERMIN","N","1999-08-09","2011-06-27","11.9","299","28.07067008","-93.2713723"
"B","1","598","McMoRan Oil & Gas LLC","FIXED","Y","G05499","TERMIN","N","1999-12-23","2011-06-27","11.5","110","28.65259488","-91.77339729"
"A","1","597","McMoRan Oil & Gas LLC","FIXED","N","G05499","TERMIN","N","1999-12-31","2011-06-23","11.5","109","28.68164303","-91.76442862"
"C","1","610","McMoRan Oil & Gas LLC","FIXED","N","G05372","TERMIN","N","2000-01-01","2011-04-13","11.3","80","28.97605456","-92.85647896"
"A","1","673","McMoRan Oil & Gas LLC","FIXED","N","G03410","TERMIN","N","2000-07-11","2011-08-03","11.1","299","28.14293582","-91.65182308"
"A","1","678","McMoRan Oil & Gas LLC","FIXED","Y","G21115","TERMIN","N","2000-04-24","2009-07-21","9.2","62","28.77212791","-90.76831453"
"A","1","707","McMoRan Oil & Gas LLC","FIXED","Y","G16317","TERMIN","N","2000-07-18","2009-07-02","9","362","27.99186952","-92.49171054"
"2","1","706","McMoRan Oil & Gas LLC","CAIS","N","G21115","TERMIN","N","2000-06-13","2009-06-30","9","62","28.77294441","-90.75575177"
"D (Lynx)","1","728","McMoRan Oil & Gas LLC","FIXED","N","G07703","TERMIN","N","2000-06-07","","","143","28.57765969","-91.88594128"
"A","1","796","McMoRan Oil & Gas LLC","FIXED","N","G17190","TERMIN","N","2001-05-15","2014-09-07","13.3","242","28.10610363","-93.96611959"
"B","1","804","McMoRan Oil & Gas LLC","FIXED","Y","G17190","TERMIN","N","2000-10-31","2015-05-21","14.6","231","28.10596669","-93.93172993"
"CAIS.#16","1","817","McMoRan Oil & Gas LLC","CAIS","N","00757","TERMIN","N","2000-10-23","2010-09-22","9.9","30","29.49395405","-93.62517241"
"CAIS.#15","1","816","McMoRan Oil & Gas LLC","CAIS","N","00757","TERMIN","N","2000-10-07","2010-09-21","10","30","29.49124516","-93.64003084"
"C","1","823","McMoRan Oil & Gas LLC","CAIS","N","G04090","TERMIN","N","2001-06-01","2013-08-18","12.2","44","29.30642512","-93.61814084"
"1","1","842","McMoRan Oil & Gas LLC","FIXED","N","G19852","TERMIN","N","2004-11-29","2009-07-09","4.6","70","29.65442753","-88.6200943"
"2","1","861","McMoRan Oil & Gas LLC","CAIS","N","G19852","TERMIN","N","2004-12-21","2009-07-11","4.6","75","29.66780567","-88.62867316"
"C","1","877","McMoRan Oil & Gas LLC","FIXED","N","00572","TERMIN","N","2001-04-10","2015-08-09","14.3","86","28.70693215","-91.50611387"
"A","1","912","McMoRan Oil & Gas LLC","FIXED","Y","G19760","TERMIN","N","2001-04-10","2023-10-10","22.5","116","28.76552474","-92.36053302"
"D","1","1008","McMoRan Oil & Gas LLC","FIXED","Y","G17182","RELINQ","N","2001-10-24","2015-05-17","13.6","185","28.24991771","-94.0893376"
"A","1","1007","McMoRan Oil & Gas LLC","FIXED","N","G21125","TERMIN","N","2001-09-03","2011-06-05","9.8","260","28.40532205","-90.04146829"
"5","1","1064","McMoRan Oil & Gas LLC","CAIS","N","G04090","TERMIN","N","2002-02-01","2013-08-15","11.5","45","29.29507396","-93.63785367"
"A","1","1113","McMoRan Oil & Gas LLC","FIXED","N","G22670","TERMIN","N","2002-06-16","2008-08-23","6.2","114","28.65867554","-91.73578576"
"A","1","1271","McMoRan Oil & Gas LLC","FIXED","Y","G23125","TERMIN","N","2003-08-26","2016-08-20","13","203","27.18628565","-96.80551851"
"C","1","1458","McMoRan Oil & Gas LLC","WP","Y","G24700","TERMIN","N","2004-04-01","2014-09-01","10.4","28","29.6972346","-93.48280888"
"B","1","1545","McMoRan Oil & Gas LLC","WP","Y","G20616","TERMIN","N","2004-08-19","2014-10-01","10.1","119","28.34995996","-95.36218865"
"10","1","1629","McMoRan Oil & Gas LLC","CAIS","N","G02127","TERMIN","N","2005-03-22","2016-06-27","11.3","40","29.48706387","-92.82492004"
"B","1","1663","McMoRan Oil & Gas LLC","FIXED","N","","","","2005-05-14","2025-06-23","20.1","232","28.24265442","-92.01120432"
"B","1","1692","McMoRan Oil & Gas LLC","FIXED","Y","G18863","RELINQ","N","2005-05-21","2016-08-11","11.2","216","27.1972208","-96.76934032"
"C","1","1752","McMoRan Oil & Gas LLC","FIXED","N","G09546","TERMIN","N","2005-12-23","2012-11-04","6.9","249","28.20957173","-91.98917498"
"13","1","1849","McMoRan Oil & Gas LLC","CAIS","N","00762","TERMIN","N","2006-09-10","2009-07-24","2.9","45","29.40632215","-93.01970224"
"C","1","1730","McMoRan Oil & Gas LLC","WP","N","G21683","TERMIN","N","2006-01-08","2016-07-28","10.6","314","28.18009056","-90.74040713"
"B","1","1875","McMoRan Oil & Gas LLC","CAIS","N","G24393","TERMIN","N","2006-06-30","2010-05-18","3.9","47","29.23827385","-93.87447234"
"1","1","1970","McMoRan Oil & Gas LLC","CAIS","N","00191","TERMIN","N","2006-11-10","2014-09-12","7.8","56","29.26617666","-93.02230246"
"A","1","1915","McMoRan Oil & Gas LLC","FIXED","Y","G24425","TERMIN","N","2006-08-25","2016-09-10","10","305","28.01425972","-93.60762189"
"C","1","1893","McMoRan Oil & Gas LLC","FIXED","N","G22567","TERMIN","N","2006-07-24","2010-08-07","4","210","28.1811731","-93.48302789"
"1","1","2281","McMoRan Oil & Gas LLC","CAIS","N","G26013","RELINQ","N","2009-06-09","2018-06-13","9","20","29.34431406","-92.0538017"
"A","2","2281","McMoRan Oil & Gas LLC","FIXED","N","G26013","RELINQ","N","2011-10-01","2018-06-13","6.7","20","29.34431406","-92.05380169"
"A","1","2355","McMoRan Oil & Gas LLC","CAIS","N","G21640","TERMIN","N","2010-05-10","2016-08-28","6.3","140","28.59218024","-91.83957152"
"1","1","2354","McMoRan Oil & Gas LLC","FIXED","N","G21667","TERMIN","N","2010-02-12","2018-06-01","8.3","85","28.59928642","-90.5683473"
"14","1","2356","McMoRan Oil & Gas LLC","CAIS","N","G02300","TERMIN","N","2010-02-22","2018-08-01","8.4","20","29.32319706","-92.08398475"
"B","2","2356","McMoRan Oil & Gas LLC","FIXED","N","G02300","TERMIN","N","2013-10-12","2018-08-01","4.8","20","29.32319706","-92.08398475"
"No.2","1","2376","McMoRan Oil & Gas LLC","FIXED","N","G27904","TERMIN","N","2011-02-23","2013-09-05","2.5","21","29.30842589","-91.8485959"
"No.3","1","2454","McMoRan Oil & Gas LLC","CAIS","N","G22712","RELINQ","N","2011-11-04","2018-05-26","6.6","75","28.57398987","-90.78323169"
"2","1","23182","PennzEnergy Exploration and Production, L.L.C.","CAIS","N","G04410","TERMIN","N","1985-01-01","2001-11-17","16.9","180","28.281121","-93.16655"
"2","1","260","PennzEnergy Exploration and Production, L.L.C.","CAIS","N","00778","TERMIN","N","1998-07-22","1999-06-08","0.9","79","28.89005445","-91.88533475"
"B","1","22041","Energen Resources MAQ, Inc.","FIXED","Y","00795","TERMIN","N","1977-01-01","2000-08-08","23.6","25","29.075439","-91.480653"
"B","1","20707","Energen Resources MAQ, Inc.","FIXED","Y","G01178","RELINQ","N","1963-01-01","1992-05-05","29.3","100","28.982331","-91.951402"
"9","1","23364","Energen Resources MAQ, Inc.","CAIS","N","G01178","RELINQ","N","1989-01-01","1992-05-01","3.3","63","28.986854","-91.95502"
"B","1","21478","Devon Louisiana Corporation","FIXED","Y","00478","TERMIN","N","1956-01-01","1988-10-05","32.8","55","28.974655","-91.632944"
"1","1","21539","Devon Louisiana Corporation","CAIS","N","00478","TERMIN","N","1960-01-01","1988-10-01","28.8","51","28.973042","-91.61621"
"A","1","21541","Devon Louisiana Corporation","FIXED","Y","00478","TERMIN","N","1955-01-01","1988-09-26","33.7","55","28.973308","-91.620338"
"5","1","21819","Devon Louisiana Corporation","CAIS","N","00049","TERMIN","N","1962-01-01","2003-08-11","41.6","36","28.987496","-91.492727"
"7","1","22660","Devon Louisiana Corporation","CAIS","N","00478","TERMIN","N","1982-01-01","1988-09-28","6.7","55","28.973616","-91.63022"
"7","1","23296","Devon Louisiana Corporation","CAIS","N","00054","TERMIN","N","1987-01-01","2003-08-11","16.6","50","28.967136","-91.620696"
"10","1","23303","Devon Louisiana Corporation","CAIS","N","00478","TERMIN","N","1987-01-01","2002-11-10","15.9","50","28.973176","-91.627942"
"A","1","23998","Devon Louisiana Corporation","FIXED","Y","G12922","TERMIN","N","1992-12-22","1999-08-31","6.7","150","28.535882","-91.817859"
"A","1","24033","Devon Louisiana Corporation","CAIS","N","G08662","TERMIN","N","1992-05-31","2003-08-27","11.2","23","29.297354","-92.321976"
"A","1","10504","Devon Louisiana Corporation","FIXED","Y","G07218","TERMIN","N","1991-01-01","2003-08-19","12.6","60","28.6335001","-95.44833216"
"3","1","10510","Devon Louisiana Corporation","CAIS","N","G07218","TERMIN","N","1990-01-01","2003-09-10","13.7","60","28.63062324","-95.45866668"
"1","1","10515","Devon Louisiana Corporation","CAIS","N","G07218","TERMIN","N","1990-01-01","2003-09-08","13.7","60","28.62623","-95.443615"
"1","1","10525","Devon Louisiana Corporation","CAIS","N","G11277","TERMIN","N","1991-01-01","2001-09-05","10.7","77","28.360772","-95.924624"
"2","1","10532","Devon Louisiana Corporation","WP","N","G07217","TERMIN","N","1991-01-01","2001-08-24","10.6","60","28.620596","-95.444061"
"B","1","10541","Devon Louisiana Corporation","WP","N","","","","1991-01-01","2005-08-15","14.6","81","28.62587","-95.342033"
"A","1","10547","Devon Louisiana Corporation","FIXED","Y","G11272","TERMIN","N","1991-01-01","2005-08-19","14.6","67","28.514851","-95.745375"
"A","1","10550","Devon Louisiana Corporation","WP","N","G09018","TERMIN","N","1991-11-13","2003-09-24","11.9","89","28.537014","-95.39345"
"A","1","10552","Devon Louisiana Corporation","WP","N","G09039","TERMIN","N","1993-05-20","2003-10-17","10.4","64","28.91971908","-94.93802861"
"5","1","10555","Devon Louisiana Corporation","CAIS","N","G07218","TERMIN","N","1991-01-01","2003-09-06","12.7","62","28.630527","-95.476945"
"A","1","28007","Devon Louisiana Corporation","FIXED","N","G11283","RELINQ","N","1994-06-09","2004-07-18","10.1","79","28.297182","-95.969292"
"A","1","24095","Devon Louisiana Corporation","WP","N","G09509","RELINQ","N","1994-11-10","2004-11-21","10","186","28.41170078","-92.3278416"
"A","1","28012","Devon Louisiana Corporation","FIXED","Y","G13782","TERMIN","N","1995-01-01","2001-08-20","6.6","63","28.86503505","-94.81992238"
"A","1","28014","Devon Louisiana Corporation","CAIS","N","G14146","TERMIN","N","1995-02-15","2004-05-18","9.3","94","28.58165894","-95.16772248"
"A","1","28019","Devon Louisiana Corporation","WP","N","G14841","TERMIN","N","1995-06-26","2004-05-27","8.9","76","28.69050155","-95.23151101"
"A","1","27051","Devon Louisiana Corporation","FIXED","Y","G14439","TERMIN","N","1996-02-01","2003-08-07","7.5","148","28.55883464","-91.91504375"
"B","1","32003","Devon Louisiana Corporation","FIXED","Y","G14476","EXPIR","N","1995-01-01","1999-08-30","4.7","222","28.31786137","-91.37250412"
"A","1","28054","Devon Louisiana Corporation","CAIS","N","G14803","TERMIN","N","1996-07-31","2004-05-07","7.8","77","28.63838647","-95.38228606"
"A","1","373","Devon Louisiana Corporation","FIXED","N","G17849","RELINQ","N","1999-01-17","2003-10-26","4.8","82","28.98393849","-92.90404405"
"1","1","529","Devon Louisiana Corporation","CAIS","N","G18086","EXPIR","N","1999-07-26","2003-11-02","4.3","67","29.30924785","-88.97648843"
"A","1","930","Devon Louisiana Corporation","FIXED","N","G15815","TERMIN","N","2001-05-16","2005-05-28","4","211","28.17568652","-93.50433122"
"A","1","20524","Samson Contour Energy E&P, LLC","FIXED","Y","G01141","RELINQ","N","1966-01-01","2011-04-16","45.3","121","28.691206","-92.41144"
"B","1","22200","Samson Contour Energy E&P, LLC","FIXED","Y","G01142","RELINQ","N","1978-01-01","2010-08-18","32.6","120","28.691844","-92.444421"
"C","1","24017","Samson Contour Energy E&P, LLC","WP","N","G01141","RELINQ","N","1993-04-18","2009-09-02","16.4","121","28.701479","-92.429607"
"JA","1","10136","Samson Contour Energy E&P, LLC","FIXED","N","G03087","TERMIN","N","1979-01-01","2005-09-11","26.7","95","28.110212","-96.24268"
"A","1","10353","Samson Contour Energy E&P, LLC","FIXED","N","G10197","RELINQ","N","1989-01-01","2005-09-17","16.7","92","28.136712","-96.241364"
"B","1","10374","Samson Contour Energy E&P, LLC","WP","N","G03087","TERMIN","N","1991-11-12","2005-09-03","13.8","92","28.128512","-96.252049"
"D","1","10381","Samson Contour Energy E&P, LLC","FIXED","N","G03087","TERMIN","N","1993-07-12","2005-05-30","11.9","94","28.10311655","-96.25559159"
"B","1","24169","Samson Contour Energy E&P, LLC","CAIS","N","G05056","UNIT","S","1994-06-25","2001-12-12","7.5","56","30.156332","-88.221575"
"A","1","24133","Samson Contour Energy E&P, LLC","CAIS","N","G06847","TERMIN","N","1994-04-21","2001-12-01","7.6","61","30.13688813","-88.25718905"
"F","1","1935","Samson Contour Energy E&P, LLC","FIXED","N","G01141","RELINQ","N","2006-12-05","2009-09-30","2.8","123","28.69011936","-92.41418212"
"A","1","20098","Freeport-McMoRan Energy LLC","WP","N","00024","RELINQ","N","1948-01-01","1976-12-31","29","43","29.131439","-90.012637"
"1-PRD","1","23270","Freeport-McMoRan Energy LLC","FIXED","Y","00025","RELINQ","N","1969-01-01","2002-08-25","33.6","55","29.129977","-89.989601"
"3-TWR","2","23270","Freeport-McMoRan Energy LLC","FIXED","N","00025","RELINQ","N","1969-01-01","2002-08-25","33.6","55","29.129977","-89.989601"
"2-TWR","3","23270","Freeport-McMoRan Energy LLC","FIXED","N","00025","RELINQ","N","1969-01-01","2002-08-25","33.6","55","29.129977","-89.989601"
"1-TWR","4","23270","Freeport-McMoRan Energy LLC","FIXED","N","00025","RELINQ","N","1969-01-01","2002-08-25","33.6","55","29.129977","-89.989601"
"QTRS","5","23270","Freeport-McMoRan Energy LLC","FIXED","N","00025","RELINQ","N","1969-01-01","2002-08-25","33.6","55","29.129977","-89.989601"
"WRHOUSE","6","23270","Freeport-McMoRan Energy LLC","FIXED","N","00025","RELINQ","N","1969-01-01","2002-08-25","33.6","55","29.129977","-89.989601"
"D","1","21","W & T Offshore, Inc.","FIXED","Y","G01205","PROD","S","1997-11-21","","","136","28.60655231","-92.07347171"
"7","1","176","W & T Offshore, Inc.","CAIS","N","G01865","PROD","S","1998-03-15","","","24","29.19877364","-91.59763317"
"I","1","172","W & T Offshore, Inc.","FIXED","Y","00807","RELINQ","N","1998-05-23","2012-05-28","14","119","28.6149834","-91.65609559"
"E","1","233","W & T Offshore, Inc.","CAIS","N","G03264","TERMIN","N","1998-06-19","2006-04-04","7.8","56","29.29047298","-93.25804648"
"A","1","241","W & T Offshore, Inc.","FIXED","Y","00832","PROD","S","1998-06-20","","","120","28.43089121","-91.04485764"
"A","1","259","W & T Offshore, Inc.","FIXED","Y","G17896","TERMIN","N","1998-07-31","2009-07-19","11","56","29.11925566","-92.3378101"
"A","1","265","W & T Offshore, Inc.","FIXED","Y","G23558","","","1998-09-16","2017-11-03","19.1","300","28.05743207","-93.35207348"
"A","1","371","W & T Offshore, Inc.","CAIS","N","G17895","TERMIN","N","1998-12-04","2009-08-15","10.7","56","29.09979446","-92.26963461"
"CAIS.#2","2","371","W & T Offshore, Inc.","CAIS","N","G17895","TERMIN","N","1998-12-04","2009-08-15","10.7","56","29.09982196","-92.26963486"
"A","1","147","W & T Offshore, Inc.","FIXED","Y","G13079","UNIT","S","1998-10-16","","","557","28.053518","-90.547649"
"E-Facility #6","1","382","W & T Offshore, Inc.","FIXED","N","G05056","UNIT","S","1999-03-30","","","52","30.16356547","-88.18527566"
"A","1","408","W & T Offshore, Inc.","FIXED","Y","G13662","TERMIN","N","1999-08-15","","","300","29.2694096","-88.23751348"
"A","1","407","W & T Offshore, Inc.","FIXED","Y","G13672","TERMIN","N","1999-08-02","","","322","29.26908083","-88.19008"
"B","1","579","W & T Offshore, Inc.","FIXED","N","G03124","TERMIN","N","1999-11-10","2009-09-24","9.9","54","29.23253391","-92.51137231"
"CAIS.#39","1","717","W & T Offshore, Inc.","CAIS","N","00346","UNIT","S","2000-06-14","","","12","29.13247528","-91.17955522"
"24","1","775","W & T Offshore, Inc.","CAIS","N","00335","TERMIN","N","2000-07-19","2024-04-10","23.7","17","29.06143753","-91.2930162"
"A","1","913","W & T Offshore, Inc.","CAIS","N","G15277","TERMIN","N","2002-01-01","","","28","28.94600287","-91.3209163"
"A","1","928","W & T Offshore, Inc.","FIXED","Y","G16493","PROD","S","2001-05-13","","","91","29.31622958","-88.92044317"
"A","1","1011","W & T Offshore, Inc.","FIXED","Y","G21585","TERMIN","N","2001-08-25","2011-01-26","9.4","344","28.01447004","-92.92586847"
"B","1","1066","W & T Offshore, Inc.","FIXED","Y","G16493","PROD","S","2002-01-14","","","102","29.2975613","-88.92044924"
"A","1","1055","W & T Offshore, Inc.","FIXED","Y","G15271","TERMIN","N","2002-02-25","2012-10-20","10.7","472","27.94074912","-91.72883296"
"2","1","1109","W & T Offshore, Inc.","CAIS","N","G21349","TERMIN","N","2002-03-25","2009-06-04","7.2","42","29.34534714","-93.82988824"
"A","1","1116","W & T Offshore, Inc.","FIXED","N","G16216","TERMIN","N","2002-06-07","2017-11-03","15.4","288","28.0711295","-93.36144014"
"C","1","1103","W & T Offshore, Inc.","FIXED","Y","G16493","PROD","S","2002-11-26","","","92","29.30599756","-88.92194737"
"H","1","1189","W & T Offshore, Inc.","CAIS","N","00763","TERMIN","N","2003-02-01","2016-08-26","13.6","54","29.34502721","-93.18644651"
"CAIS.#1","1","1194","W & T Offshore, Inc.","CAIS","N","G18088","PROD","S","2002-11-01","","","55","29.55516357","-88.71849046"
"D","1","1204","W & T Offshore, Inc.","FIXED","N","G16493","PROD","S","2003-05-31","","","114","29.32606631","-88.87704676"
"A","1","1203","W & T Offshore, Inc.","FIXED","N","G16273","TERMIN","N","2003-02-14","2011-02-14","8","358","28.00956786","-92.86473671"
"16","1","1263","W & T Offshore, Inc.","CAIS","N","G01848","TERMIN","N","2003-05-22","","","42","29.24039567","-93.79455531"
"AA","1","1238","W & T Offshore, Inc.","FIXED","Y","G23891","TERMIN","N","2003-06-21","2010-11-14","7.4","25","28.88219016","-90.8484522"
"CAIS.#3","1","1241","W & T Offshore, Inc.","CAIS","N","G21702","PROD","S","2003-06-04","","","71","29.31540592","-88.96125491"
"B","1","1266","W & T Offshore, Inc.","FIXED","Y","","","","2003-04-11","","","100","28.79485182","-92.06463875"
"A","1","1279","W & T Offshore, Inc.","FIXED","Y","G22762","PROD","S","2003-05-28","","","447","28.08908178","-90.73698742"
"C","1","1302","W & T Offshore, Inc.","WP","N","G04832","PROD","S","2003-09-15","2011-11-08","8.1","75","29.56421403","-88.64041845"
"G","1","1316","W & T Offshore, Inc.","CAIS","N","00229","TERMIN","N","2003-08-25","2017-06-06","13.8","21","29.09266772","-91.76107038"
"C","1","1328","W & T Offshore, Inc.","FIXED","N","G22794","TERMIN","N","2003-08-13","2017-06-17","13.8","83","29.54899575","-88.63742689"
"D","1","1406","W & T Offshore, Inc.","WP","N","G22794","TERMIN","N","2004-12-11","2017-07-07","12.6","83","29.55654298","-88.61886332"
"A","1","1434","W & T Offshore, Inc.","FIXED","N","G24954","TERMIN","N","2004-01-25","","","68","28.93737697","-90.18116569"
"A","1","1465","W & T Offshore, Inc.","WP","N","G23854","TERMIN","N","2004-02-02","2009-08-13","5.5","16","29.32696536","-91.68778152"
"A","1","1470","W & T Offshore, Inc.","FIXED","Y","G22246","TERMIN","N","2004-02-20","2016-07-24","12.4","50","29.28210526","-93.79173306"
"B","1","1490","W & T Offshore, Inc.","CAIS","N","G24954","TERMIN","N","2004-04-25","","","68","28.93860297","-90.17367087"
"B MOPU","2","1490","W & T Offshore, Inc.","MOPU","N","G24954","TERMIN","N","2004-11-05","2007-05-27","2.6","68","28.93848346","-90.17383792"
"B PROD","3","1490","W & T Offshore, Inc.","FIXED","Y","G24954","TERMIN","N","2006-09-23","","","68","28.93815376","-90.17356362"
"B-AUX","4","1490","W & T Offshore, Inc.","CAIS","N","G24954","TERMIN","N","2007-07-01","","","68","28.93848346","-90.17383792"
"A (Magnolia)","1","1218","W & T Offshore, Inc.","TLP","Y","G11573","UNIT","S","2004-08-05","","","4670","27.20385147","-92.20260063"
"#7","1","1505","W & T Offshore, Inc.","CAIS","N","G04832","PROD","S","2004-08-23","","","64","29.55979933","-88.66341912"
"1","1","1622","W & T Offshore, Inc.","CAIS","N","G03124","TERMIN","N","2005-06-01","2009-08-26","4.2","51","29.22859461","-92.50751057"
"3","1","1681","W & T Offshore, Inc.","CAIS","N","G23965","TERMIN","N","2005-04-09","2009-08-14","4.3","60","29.62952848","-88.70180121"
"2","1","1678","W & T Offshore, Inc.","CAIS","N","G22697","TERMIN","N","2005-06-02","2009-08-23","4.2","32","28.9534758","-91.0091498"
"A","1","1713","W & T Offshore, Inc.","CAIS","N","G24898","TERMIN","N","2005-04-23","","","33","28.93339443","-91.36006838"
"E","1","1755","W & T Offshore, Inc.","CAIS","N","G24954","TERMIN","N","2006-07-30","","","69","28.92978134","-90.15929363"
"A","1","23793","Samedan Oil Corporation","CAIS","N","G09423","TERMIN","N","1994-03-10","2004-09-11","10.5","113","28.6312","-93.585435"
"A","1","10590","Samedan Oil Corporation","CAIS","N","G09114","TERMIN","N","1994-01-01","1999-06-25","5.5","160","28.430798","-93.950783"
"6","1","24208","Samedan Oil Corporation","CAIS","N","G06804","TERMIN","N","1994-10-15","2001-10-07","7","53","29.653775","-88.730576"
"A","1","27058","Samedan Oil Corporation","FIXED","Y","G15174","EXPIR","N","1996-01-14","2002-08-21","6.6","62","29.17082942","-92.53785911"
"A","1","24219","Samedan Oil Corporation","FIXED","Y","G09695","TERMIN","N","1995-08-22","2002-05-08","6.7","224","28.91250437","-89.1430492"
"F","1","31009","Samedan Oil Corporation","FIXED","N","G04463","RELINQ","N","1997-06-26","2001-06-23","4","128","28.49951404","-90.51051598"
"A","1","28056","Samedan Oil Corporation","FIXED","N","G12584","TERMIN","N","1996-10-20","2000-09-06","3.9","269","28.00986963","-94.04354246"
"A","1","169","Samedan Oil Corporation","FIXED","N","G13892","TERMIN","N","1998-05-06","2005-08-25","7.3","227","28.21034691","-92.26119888"
"7","1","20564","J. M. Huber Corporation","WP","N","00263","RELINQ","N","1958-01-01","1987-11-27","29.9","37","29.01622","-90.269741"
"B","1","20714","J. M. Huber Corporation","FIXED","Y","00165","RELINQ","N","1964-01-01","","","50","28.99628","-90.234397"
"D","1","20717","J. M. Huber Corporation","FIXED","Y","G27147","RELINQ","N","1966-01-01","","","50","28.986497","-90.202128"
"E","2","20717","J. M. Huber Corporation","FIXED","Y","G27147","RELINQ","N","1983-01-01","","","50","28.986642","-90.201344"
"4","1","20718","J. M. Huber Corporation","CAIS","N","00165","RELINQ","N","1965-01-01","1984-12-31","20","48","28.99189","-90.212958"
"1","1","20961","J. M. Huber Corporation","CAIS","N","G01362","RELINQ","N","1964-01-01","","","50","28.988586","-90.251558"
"6","1","20962","J. M. Huber Corporation","CAIS","N","G01362","RELINQ","N","1965-01-01","2004-05-20","39.4","50","28.97794","-90.250146"
"5","1","20964","J. M. Huber Corporation","CAIS","N","G01362","RELINQ","N","1965-01-01","2004-05-22","39.4","50","28.983886","-90.257845"
"FLR","2","20966","J. M. Huber Corporation","FIXED","N","00263","RELINQ","N","1956-01-01","1995-12-06","39.9","46","28.99440365","-90.24999443"
"G","1","20966","J. M. Huber Corporation","FIXED","Y","00263","RELINQ","N","1956-01-01","","","46","28.995238","-90.25108"
"109","1","20967","J. M. Huber Corporation","FIXED","N","00263","RELINQ","N","1970-01-01","","","47","29.001539","-90.252551"
"101","1","20968","J. M. Huber Corporation","FIXED","N","00263","RELINQ","N","1967-01-01","","","50","28.991875","-90.250184"
"100","1","20969","J. M. Huber Corporation","FIXED","N","00263","RELINQ","N","1967-01-01","","","46","28.998011","-90.258179"
"92","1","20972","J. M. Huber Corporation","FIXED","N","00263","RELINQ","N","1966-01-01","","","50","28.999078","-90.257517"
"90","1","20974","J. M. Huber Corporation","WP","N","00263","RELINQ","N","1967-01-01","1997-06-08","30.4","46","28.999149","-90.241967"
"86","1","20975","J. M. Huber Corporation","WP","N","00263","RELINQ","N","1965-01-01","1997-06-13","32.4","48","28.99461","-90.250039"
"82","1","20976","J. M. Huber Corporation","FIXED","N","00263","RELINQ","N","1967-01-01","2026-03-12","59.2","48","28.993225","-90.244896"
"81","1","20977","J. M. Huber Corporation","FIXED","N","00263","RELINQ","N","1965-01-01","","","48","28.991752","-90.242635"
"80","1","20978","J. M. Huber Corporation","FIXED","N","00263","RELINQ","N","1965-01-01","","","42","29.022674","-90.257612"
"DB","2","20978","J. M. Huber Corporation","CAIS","N","00263","RELINQ","N","2006-01-21","","","42","29.02255061","-90.25765724"
"69","1","20983","J. M. Huber Corporation","WP","N","00263","RELINQ","N","1964-01-01","1997-06-13","33.4","46","28.996316","-90.256107"
"65","1","20985","J. M. Huber Corporation","WP","N","00263","RELINQ","N","1964-01-01","1988-11-03","24.8","49","28.992182","-90.247391"
"30","1","20987","J. M. Huber Corporation","WP","N","00263","RELINQ","N","1961-01-01","1987-11-27","26.9","38","29.017096","-90.259486"
"15","1","20990","J. M. Huber Corporation","FIXED","N","00263","RELINQ","N","1959-01-01","","","40","29.013558","-90.258948"
"12","1","20991","J. M. Huber Corporation","WP","N","00263","RELINQ","N","1959-01-01","1997-06-14","38.5","40","29.011329","-90.265479"
"WG#6 & 115","1","20993","J. M. Huber Corporation","FIXED","N","00263","RELINQ","N","1958-01-01","","","37","29.016967","-90.265563"
"5","1","20994","J. M. Huber Corporation","WP","N","00263","RELINQ","N","1958-01-01","1993-07-21","35.6","37","29.01848","-90.262234"
"4","1","20995","J. M. Huber Corporation","WP","N","00263","RELINQ","N","1958-01-01","1989-10-02","31.8","38","29.014876","-90.262754"
"3","1","20996","J. M. Huber Corporation","CAIS","N","00263","RELINQ","N","1958-01-01","1992-06-12","34.4","37","29.016293","-90.275312"
"2","1","20997","J. M. Huber Corporation","CAIS","N","00263","RELINQ","N","1958-01-01","1993-07-19","35.5","39","29.014416","-90.267377"
"3","1","21050","J. M. Huber Corporation","CAIS","N","G01362","RELINQ","N","1964-01-01","2004-05-19","40.4","50","28.984417","-90.246255"
"24","1","21063","J. M. Huber Corporation","CAIS","N","00263","RELINQ","N","1961-01-01","1997-06-14","36.4","35","29.02444","-90.255694"
"36","1","21065","J. M. Huber Corporation","WP","N","00263","RELINQ","N","1962-01-01","2003-11-29","41.9","41","29.005036","-90.265712"
"40","1","21066","J. M. Huber Corporation","WP","N","00263","RELINQ","N","1962-01-01","2003-11-20","41.9","43","29.001406","-90.26575"
"46","1","21067","J. M. Huber Corporation","CAIS","N","00263","RELINQ","N","1962-01-01","1986-12-31","25","43","29.005227","-90.252881"
"49","1","21069","J. M. Huber Corporation","CAIS","N","00263","RELINQ","N","1963-01-01","1978-12-31","16","42","29.008684","-90.251242"
"116","1","21070","J. M. Huber Corporation","FIXED","N","00263","RELINQ","N","1963-01-01","","","46","28.9966","-90.260227"
"54","1","21071","J. M. Huber Corporation","WP","N","00263","RELINQ","N","1963-01-01","2003-11-29","40.9","46","28.998728","-90.249501"
"55","1","21072","J. M. Huber Corporation","FIXED","N","00263","RELINQ","N","1963-01-01","2012-09-22","49.7","47","28.995848","-90.252015"
"57","1","21073","J. M. Huber Corporation","CAIS","N","00263","RELINQ","N","1963-01-01","1986-12-31","24","46","29.005069","-90.248763"
"50","1","21076","J. M. Huber Corporation","CAIS","N","00263","RELINQ","N","1963-01-01","1989-10-02","26.8","44","29.002077","-90.2511"
"14","1","21077","J. M. Huber Corporation","CAIS","N","00263","RELINQ","N","1959-01-01","1992-06-12","33.4","37","29.014521","-90.278916"
"11","1","23365","Energen Resources MAQ, Inc.","CAIS","N","G01178","RELINQ","N","1989-01-01","1992-05-05","3.3","63","28.982867","-91.954867"
"A","1","23657","Energen Resources MAQ, Inc.","FIXED","Y","G06583","RELINQ","N","1988-01-01","1992-10-28","4.8","68","29.116115","-93.455484"
"4","1","20480","PennzEnergy Company","FIXED","Y","00823","TERMIN","N","1973-01-01","1992-02-21","19.1","63","28.59975","-90.823562"
"2","1","20532","PennzEnergy Company","CAIS","N","00823","TERMIN","N","1961-01-01","1992-02-22","31.1","63","28.601525","-90.808059"
"5","1","22169","PennzEnergy Company","CAIS","N","00823","TERMIN","N","1978-01-01","1992-02-22","14.1","63","28.607074","-90.807407"
"A","1","22625","PennzEnergy Company","FIXED","Y","G03409","TERMIN","N","1982-01-01","1984-12-31","3","295","28.143716","-91.603731"
"6","1","23546","PennzEnergy Company","CAIS","N","00823","TERMIN","N","1988-01-01","1992-02-13","4.1","58","28.617388","-90.802153"
"B","1","24247","Magnum Hunter Production, Inc.","WP","N","G12980","TERMIN","N","1995-09-07","2013-05-15","17.7","223","28.2667814","-90.46932045"
"A","1","24246","Magnum Hunter Production, Inc.","FIXED","Y","G12980","TERMIN","N","1996-06-06","2013-06-16","17","196","28.29864622","-90.47484532"
"A","1","860","Magnum Hunter Production, Inc.","FIXED","N","G19832","TERMIN","N","2001-02-26","2013-07-10","12.4","215","28.28423583","-90.42054657"
"A","1","832","Magnum Hunter Production, Inc.","FIXED","Y","G15336","TERMIN","N","2001-02-04","2008-11-06","7.8","185","28.33406305","-90.43793742"
"A","1","973","Magnum Hunter Production, Inc.","FIXED","N","G15338","TERMIN","N","2001-10-03","2003-01-07","1.3","206","28.2847412","-90.49526906"
"B","1","1015","Magnum Hunter Production, Inc.","FIXED","N","G19832","TERMIN","N","2003-05-21","2013-05-20","10","210","28.29687792","-90.42640298"
"1","1","1497","Magnum Hunter Production, Inc.","CAIS","N","G24730","TERMIN","N","2004-06-18","2007-11-03","3.4","50","29.32222645","-93.68640207"
"C-VALVE","1","10188","Ocean Energy, Inc.","FIXED","Y","","","","1996-09-12","2004-09-06","8","95","28.593836","-95.160601"
"B","1","22996","Millennium Offshore Group, Inc.","WP","N","G04827","TERMIN","N","1984-01-01","2001-07-05","17.5","63","28.769129","-90.623536"
"A","1","23304","Millennium Offshore Group, Inc.","FIXED","Y","G08434","TERMIN","N","1987-01-01","2010-11-21","23.9","70","28.71656","-91.360641"
"A","1","24009","Millennium Offshore Group, Inc.","FIXED","Y","G08418","TERMIN","N","1991-01-01","2007-05-10","16.4","92","28.79673445","-92.93829013"
"1","1","10449","Millennium Offshore Group, Inc.","CAIS","Y","G05009","TERMIN","N","1987-01-01","2005-09-18","18.7","50","29.252651","-93.759683"
"A","1","28045","Millennium Offshore Group, Inc.","FIXED","Y","G14913","TERMIN","N","1996-07-07","2007-06-22","11","215","28.21193484","-93.56990717"
"A","1","29051","Millennium Offshore Group, Inc.","CAIS","N","G15107","TERMIN","N","1996-12-09","2003-09-18","6.8","178","28.37086404","-93.50931197"
"A","1","90016","Millennium Offshore Group, Inc.","CAIS","Y","G12836","TERMIN","N","1996-11-23","2011-08-03","14.7","80","28.90630774","-92.95381338"
"D","1","393","Millennium Offshore Group, Inc.","FIXED","N","G14581","TERMIN","N","1999-09-09","2007-08-18","7.9","227","29.40174629","-88.07107431"
"C","1","411","Millennium Offshore Group, Inc.","FIXED","N","G13971","TERMIN","N","1999-04-12","2005-08-25","6.4","169","29.44843304","-88.09656378"
"E","1","731","Millennium Offshore Group, Inc.","CAIS","N","G08650","TERMIN","N","2000-11-01","2005-10-31","5","99","28.77191547","-92.95487104"
"3","1","837","Millennium Offshore Group, Inc.","CAIS","N","G08650","TERMIN","N","2000-07-02","2005-11-03","5.3","99","28.76379001","-92.92653765"
"4","1","854","Millennium Offshore Group, Inc.","CAIS","N","G08650","TERMIN","N","2001-01-03","2005-10-12","4.8","92","28.77040102","-92.94173845"
"3","1","1278","Millennium Offshore Group, Inc.","CAIS","N","G20658","TERMIN","N","2003-09-29","2011-06-14","7.7","45","29.43081474","-94.21117673"
"1","1","23444","EOG Resources, Inc.","CAIS","N","G07878","TERMIN","N","1988-01-01","1988-07-23","0.6","109","29.908335","-88.203027"
"2","1","23445","EOG Resources, Inc.","CAIS","N","G07878","TERMIN","N","1988-01-01","2010-09-04","22.7","107","29.924238","-88.180223"
"S","1","23458","EOG Resources, Inc.","CAIS","N","G07871","TERMIN","N","1988-01-01","2006-09-19","18.7","104","29.941104","-88.106745"
"3","1","23459","EOG Resources, Inc.","CAIS","N","G07871","TERMIN","N","1988-01-01","2006-09-18","18.7","96","29.965646","-88.086128"
"A","1","23496","EOG Resources, Inc.","FIXED","Y","G07846","TERMIN","N","1994-01-01","2011-09-15","17.7","68","30.077709","-88.012679"
"A","1","23862","EOG Resources, Inc.","CAIS","N","G07885","TERMIN","N","1990-01-01","1999-01-03","9","99","29.815518","-88.520935"
"A","1","22845","EOG Resources, Inc.","FIXED","Y","G04416","TERMIN","N","1985-01-01","1993-05-01","8.3","52","29.339223","-93.003983"
"B","2","22845","EOG Resources, Inc.","FIXED","Y","G04416","TERMIN","N","1985-01-01","1993-05-01","8.3","52","29.339507","-93.003323"
"C","1","22938","EOG Resources, Inc.","FIXED","Y","G04416","TERMIN","N","1985-01-01","1991-12-08","6.9","52","29.33505","-92.978014"
"A","1","23626","EOG Resources, Inc.","FIXED","Y","G05410","TERMIN","N","1986-01-01","1990-08-09","4.6","41","29.197826","-92.396808"
"A (REMOVED)","1","24031","EOG Resources, Inc.","FIXED","Y","G07667","TERMIN","N","1992-04-13","1997-09-27","5.5","200","28.28183","-92.660499"
"A","1","10430","EOG Resources, Inc.","FIXED","Y","G06200","TERMIN","N","1988-01-01","2009-12-21","22","66","29.219633","-93.838675"
"A","1","10528","EOG Resources, Inc.","FIXED","Y","G08151","TERMIN","N","1991-01-01","2006-08-20","15.6","55","29.127685","-94.466957"
"A","1","23782","EOG Resources, Inc.","WP","Y","G09425","TERMIN","N","1993-04-13","2000-08-07","7.3","143","28.477745","-93.336357"
"A","1","10155","EOG Resources, Inc.","FIXED","Y","G03932","TERMIN","N","1980-01-01","2000-09-24","20.7","71","28.308697","-96.174686"
"B-AUX","2","10155","EOG Resources, Inc.","FIXED","Y","G03932","TERMIN","N","1982-01-01","2000-09-24","18.7","71","28.308765","-96.174249"
"A","1","10162","EOG Resources, Inc.","FIXED","Y","","","","1981-01-01","2012-11-19","31.9","152","27.716517","-96.570981"
"A","1","10226","EOG Resources, Inc.","FIXED","Y","G04550","TERMIN","N","1983-01-01","1991-08-03","8.6","114","27.86794","-96.534678"
"A","1","10331","EOG Resources, Inc.","FIXED","Y","G05996","TERMIN","N","1989-01-01","2012-09-11","23.7","184","27.635423","-96.558464"
"B","1","10382","EOG Resources, Inc.","FIXED","N","G05996","TERMIN","N","1993-10-29","2012-09-05","18.9","184","27.656803","-96.578921"
"1","1","1842","Eni US Operating Co. Inc.","CAIS","N","G27127","TERMIN","N","2006-06-18","2016-04-13","9.8","46","28.75674088","-90.79979416"
"4","1","1922","Eni US Operating Co. Inc.","CAIS","N","G12761","TERMIN","N","2006-08-02","2015-08-22","9.1","37","29.47481656","-93.50721572"
"A","1","23859","Sojitz Energy Venture, Inc.","FIXED","Y","G06957","TERMIN","N","1990-01-01","2010-09-15","20.7","582","28.455912","-89.852231"
"JA","1","23904","Sojitz Energy Venture, Inc.","FIXED","Y","G09574","TERMIN","N","1990-01-01","2016-07-04","26.5","13","29.298483","-91.627259"
"A","1","23646","Sojitz Energy Venture, Inc.","FIXED","Y","G05283","TERMIN","N","1989-01-01","2022-06-05","33.4","43","29.407099","-93.404965"
"2(PLTF.B","1","32012","Sojitz Energy Venture, Inc.","FIXED","Y","G09574","TERMIN","N","1996-05-24","2015-09-28","19.3","12","29.30598917","-91.65039437"
"C","1","232","Sojitz Energy Venture, Inc.","CAIS","N","G09574","TERMIN","N","1998-05-22","2015-09-30","17.4","14","29.30051991","-91.65131513"
"C-AUX","2","232","Sojitz Energy Venture, Inc.","CAIS","N","G09574","TERMIN","N","2000-01-31","2015-09-30","15.7","14","29.30051158","-91.65134961"
"CAIS.#1","1","1092","Sojitz Energy Venture, Inc.","CAIS","Y","G22609","EXPIR","N","2002-08-16","2011-08-08","9","20","29.30702823","-92.21359516"
"A","1","1120","Sojitz Energy Venture, Inc.","FIXED","Y","G22613","TERMIN","N","2002-12-22","2014-04-12","11.3","34","29.24056987","-92.40933796"
"I (4)","1","1717","Sojitz Energy Venture, Inc.","CAIS","N","G05283","TERMIN","N","2005-10-23","2022-06-20","16.7","43","29.40778757","-93.41461546"
"CASSION #5","1","2046","Sojitz Energy Venture, Inc.","CAIS","N","G05283","TERMIN","N","2007-12-09","2022-06-06","14.5","40","29.40759048","-93.42266814"
"T-2-VALVE","1","25019","Trunkline Gas Company, LLC","FIXED","N","","","","1965-11-02","2014-08-12","48.8","27","29.46784282","-92.36541459"
"T-27-Valve","1","1533","Trunkline Gas Company, LLC","FIXED","N","","","","1972-03-03","2011-07-18","39.4","213","28.32292407","-91.20487396"
"D","1","2032","GoMex Energy Offshore, Ltd.","FIXED","Y","G27831","TERMIN","N","2007-03-27","2016-07-30","9.3","78","28.94485846","-92.87691368"
"D","1","2238","GoMex Energy Offshore, Ltd.","FIXED","Y","G31349","PROD","S","2008-12-12","","","190","28.4108173","-92.61560573"
"C","1","1180","Monforte Exploration L.L.C.","FIXED","Y","G22553","TERMIN","N","2002-09-02","2018-07-17","15.9","102","28.68853597","-93.3686604"
"A","1","1805","Monforte Exploration L.L.C.","CAIS","N","G24745","TERMIN","N","2006-05-23","2018-07-20","12.2","98","28.69236325","-93.43488747"
"B","1","2016","Monforte Exploration L.L.C.","CAIS","Y","G26098","TERMIN","N","2007-01-21","2016-01-12","9","75","28.62401068","-90.53184022"
"A","1","10468","Hoactzin Partners, L.P.","FIXED","Y","","","","1989-01-01","2021-07-21","32.6","53","29.191188","-94.351259"
"B","1","10503","Hoactzin Partners, L.P.","FIXED","Y","","","","1990-01-01","2021-07-12","31.5","52","29.175229","-94.371013"
"1","1","1601","Hoactzin Partners, L.P.","FIXED","N","G26064","EXPIR","N","2004-11-22","2021-08-23","16.8","44","28.7100489","-90.98183937"
"E","1","1360","Hoactzin Partners, L.P.","FIXED","N","G34831","TERMIN","N","2003-10-08","2021-09-12","17.9","61","28.72653889","-91.021557"
"28","1","1471","Hoactzin Partners, L.P.","CAIS","N","00247","TERMIN","N","2004-05-01","2016-03-05","11.8","45","29.5611498","-93.14889845"
"A","1","1998","Royal Production Company, Inc.","FIXED","Y","","","","2006-11-29","2011-06-20","4.6","37","30.15610284","-87.86746377"
"1","1","1989","Royal Production Company, Inc.","CAIS","N","G27226","RELINQ","N","2007-09-07","2011-07-07","3.8","40","30.04646798","-88.34982768"
"1","1","2015","Royal Production Company, Inc.","CAIS","N","G27227","RELINQ","N","2007-01-02","2011-07-10","4.5","93","29.98681215","-88.43909202"
"A","1","2034","Royal Production Company, Inc.","CAIS","N","G27228","RELINQ","N","2007-09-07","2011-07-12","3.8","97","29.98251747","-88.40509438"
"1","1","1993","Royal Production Company, Inc.","CAIS","N","G27225","RELINQ","N","2007-08-09","2011-07-09","3.9","78","30.02670597","-88.38086558"
"A","1","2064","Royal Production Company, Inc.","CAIS","N","G26183","RELINQ","N","2007-06-03","2011-07-15","4.1","84","29.99405395","-88.00358805"
"A","1","2074","Royal Production Company, Inc.","CAIS","N","G26184","RELINQ","N","2007-07-11","2011-07-15","4","71","30.01258113","-87.97775207"
"A","1","2196","Royal Production Company, Inc.","FIXED","Y","G25515","TERMIN","N","2008-07-29","2014-07-23","6","85","28.37110336","-95.33656056"
"6","1","20939","Rosetta Resources Offshore, LLC","WP","N","G00935","TERMIN","N","1966-01-01","2011-06-13","45.4","60","29.272241","-92.729676"
"6-AUX1","2","20939","Rosetta Resources Offshore, LLC","FIXED","Y","G00935","TERMIN","N","1966-01-01","2011-06-15","45.5","60","29.271966","-92.729672"
"C","3","20939","Rosetta Resources Offshore, LLC","CAIS","N","G00935","TERMIN","N","1999-08-17","2011-06-12","11.8","60","29.27224096","-92.72967609"
"1","1","465","Rosetta Resources Offshore, LLC","CAIS","N","G14533","TERMIN","N","1999-07-02","2011-04-22","11.8","55","28.87621062","-90.59430089"
"15","1","584","Rosetta Resources Offshore, LLC","CAIS","N","G14357","TERMIN","N","2000-01-16","2011-06-09","11.4","59","29.2747997","-92.73394607"
"D #2","1","591","Rosetta Resources Offshore, LLC","CAIS","N","G14357","TERMIN","N","2000-01-19","2011-06-04","11.4","59","29.26300946","-92.74596602"
"CAIS.#17","1","941","Rosetta Resources Offshore, LLC","CAIS","N","G00935","TERMIN","N","2001-07-13","2011-06-07","9.9","60","29.26008674","-92.70668548"
"A","1","23051","Taylor Energy Company LLC","FIXED","Y","G04935","RELINQ","N","1984-01-01","","","475","28.938022","-88.970963"
"JA","1","22389","Taylor Energy Company LLC","WP","N","G01184","RELINQ","N","1980-01-01","2007-09-16","27.7","82","28.910177","-92.092617"
"4","1","23406","Offshore Shelf LLC","CAIS","N","G06805","TERMIN","N","1985-01-01","2006-09-26","21.7","45","29.63303","-88.795034"
"CD","1","21751","Offshore Shelf LLC","FIXED","Y","G01998","TERMIN","N","1974-01-01","2005-08-07","31.6","40","29.377808","-93.241817"
"10","2","21751","Offshore Shelf LLC","CAIS","N","G01998","TERMIN","N","1974-01-01","2005-08-10","31.6","40","29.377836","-93.24194"
"6","1","24170","Offshore Shelf LLC","CAIS","N","G06805","TERMIN","N","1994-02-09","2006-07-05","12.4","40","29.64163945","-88.80368214"
"7","1","24186","Offshore Shelf LLC","CAIS","N","G06805","TERMIN","N","1995-01-01","2006-11-05","11.8","45","29.62709943","-88.8105472"
"8","1","24187","Offshore Shelf LLC","CAIS","N","G06805","TERMIN","N","1995-01-01","2006-11-10","11.9","45","29.64125496","-88.78907573"
"3","1","1803","W & T Offshore, Inc.","CAIS","N","G24730","TERMIN","N","2006-02-18","2017-04-22","11.2","49","29.2866815","-93.6863506"
"F","1","1837","W & T Offshore, Inc.","CAIS","N","G24954","TERMIN","N","2006-04-11","","","71","28.93404087","-90.15987546"
"E","1","1833","W & T Offshore, Inc.","FIXED","N","G01022","PROD","S","2006-01-01","","","112","28.50901455","-91.07172444"
"7","1","1971","W & T Offshore, Inc.","CAIS","N","G04565","TERMIN","N","2006-09-30","2013-02-27","6.4","66","28.87947641","-95.06449974"
"8","1","2132","W & T Offshore, Inc.","CAIS","N","00253","TERMIN","N","2008-01-06","2021-10-26","13.8","39","29.44508682","-93.39863822"
"B","1","2180","W & T Offshore, Inc.","CAIS","N","G24898","TERMIN","N","2008-09-17","","","40","28.94884027","-91.34155845"
"1","1","2209","W & T Offshore, Inc.","CAIS","N","G24905","TERMIN","N","2008-06-17","2009-09-20","1.3","79","28.73571272","-91.49550642"
"E","1","2226","W & T Offshore, Inc.","FIXED","Y","G04832","PROD","S","2008-10-14","","","59","29.55269309","-88.6847837"
"A","1","2261","W & T Offshore, Inc.","CAIS","Y","G27070","PROD","S","2009-01-27","","","133","28.67031322","-92.26760448"
"C","1","2246","W & T Offshore, Inc.","CAIS","N","G32197","TERMIN","N","2009-03-05","2024-12-24","15.8","63","28.60480381","-90.80897677"
"B-AUX","1","2272","W & T Offshore, Inc.","FIXED","N","G27862","RELINQ","N","2009-06-04","2015-02-15","5.7","110","28.76331173","-92.58542523"
"B-Newfield","1","2374","W & T Offshore, Inc.","FIXED","Y","G01082","TERMIN","N","2010-05-13","","","156","28.95651957","-89.75198128"
"A","1","2395","W & T Offshore, Inc.","FIXED","Y","G27965","PROD","S","2010-09-30","","","91","29.57621854","-88.60095397"
"#8","1","2431","W & T Offshore, Inc.","CAIS","N","G04832","PROD","S","2011-11-04","","","75","29.55572548","-88.64217562"
"E","1","2533","W & T Offshore, Inc.","FIXED","N","G01201","PROD","S","2013-05-27","","","130","28.64952871","-92.07003035"
"B","1","2711","W & T Offshore, Inc.","FIXED","N","G14385","PROD","S","2021-06-13","","","285","28.10335074","-92.82186263"
"41","1","2678","W & T Offshore, Inc.","FIXED","N","00346","UNIT","S","2019-11-03","","","13","29.13157864","-91.18415737"
"A","1","23433","Hughes Eastern Petroleum, Inc.","FIXED","Y","G05055","TERMIN","N","1975-01-01","2000-08-02","25.6","280","29.362407","-87.805898"
"A","1","23812","Hughes Eastern Petroleum, Inc.","CAIS","N","G05604","TERMIN","N","1988-01-01","1994-02-05","6.1","90","28.59513","-90.560163"
"1","1","21854","Senior - G & A Operating Company, Inc.","CAIS","N","G02531","TERMIN","N","1975-01-01","1990-10-30","15.8","32","29.65816","-93.390597"
"4","1","23651","Senior - G & A Operating Company, Inc.","CAIS","N","G02531","TERMIN","N","1987-01-01","1990-10-30","3.8","34","29.666619","-93.397863"
"A","1","10517","Wayman W. Buchanan, Inc.","FIXED","N","G09055","EXPIR","N","1990-01-01","1998-12-02","8.9","160","28.250441","-94.721575"
"A","1","23692","The Stone Petroleum Corporation","FIXED","Y","G05218","TERMIN","N","1988-01-01","1997-01-08","9","25","29.497898","-92.469551"
"A","1","23362","Petrobras America Inc.","FIXED","Y","G08642","TERMIN","N","1989-01-01","1994-08-24","5.6","62","29.264931","-92.663226"
"A","1","10293","Aviva America, Inc.","FIXED","Y","G06116","TERMIN","N","1986-01-01","1994-09-03","8.7","180","28.437048","-95.253809"
"2","1","23343","American Exploration Company","CAIS","N","G05192","TERMIN","N","1989-01-01","1996-03-23","7.2","59","29.103691","-92.314553"
"A","1","23681","American Exploration Company","FIXED","Y","G05192","TERMIN","N","1988-01-01","1996-04-02","8.3","60","29.093751","-92.311084"
"B","1","27019","American Exploration Company","FIXED","Y","G05192","TERMIN","N","1995-02-05","1996-03-22","1.1","55","29.11342428","-92.31265308"
"PLTF.C","1","27020","American Exploration Company","FIXED","Y","G05192","TERMIN","N","1995-05-31","1996-03-04","0.8","61","29.09949758","-92.33514878"
"A","1","23460","Century Offshore Management Corporation","FIXED","Y","G06840","TERMIN","N","1989-01-01","1995-02-22","6.1","65","29.738082","-88.650133"
"A","1","23566","Century Offshore Management Corporation","FIXED","Y","G05199","TERMIN","N","1989-01-01","1994-10-05","5.8","211","28.348313","-91.46339"
"A","1","23956","Century Offshore Management Corporation","FIXED","Y","G07747","RELINQ","N","1991-10-23","1995-09-05","3.9","26","28.98364","-91.028251"
"1","1","23684","Century Offshore Management Corporation","CAIS","N","G05313","TERMIN","N","1988-01-01","1992-12-31","5","75","28.924192","-93.332059"
"1","1","23735","Century Offshore Management Corporation","CAIS","N","G06584","TERMIN","N","1990-01-01","1994-03-15","4.2","75","28.923968","-93.292486"
"2","1","23738","Century Offshore Management Corporation","CAIS","N","G04767","TERMIN","N","1989-01-01","1994-03-06","5.2","77","28.913079","-93.329688"
"A","1","20477","Sandefer Offshore Operating Co.","FIXED","Y","G00978","RELINQ","N","1973-01-01","1988-02-19","15.1","119","28.633484","-91.600833"
"A","1","22796","Sandefer Offshore Operating Co.","FIXED","Y","G03534","TERMIN","N","1983-01-01","1991-11-05","8.8","65","29.049849","-92.64173"
"1","1","23679","Sandefer Offshore Operating Co.","CAIS","N","G05366","TERMIN","N","1988-01-01","1991-10-27","3.8","76","29.058216","-92.628712"
"4","1","21210","Norcen Explorer, Inc.","WP","N","G01521","RELINQ","N","1971-01-01","1996-05-30","25.4","107","28.521827","-91.081239"
"4","1","23302","Norcen Explorer, Inc.","CAIS","N","G05038","TERMIN","N","1987-01-01","1989-12-31","3","16","29.303118","-91.693953"
"A","1","23750","Norcen Explorer, Inc.","FIXED","Y","G11760","EXPIR","N","1991-01-01","1996-06-29","5.5","35","29.611566","-93.030505"
"13","1","21345","Gulfstream Resources, Inc.","CAIS","N","00044","TERMIN","N","1967-01-01","1993-11-21","26.9","30","29.11799","-91.737607"
"11","1","21346","Gulfstream Resources, Inc.","CAIS","N","00044","TERMIN","N","1967-01-01","1993-11-17","26.9","30","29.122272","-91.731135"
"2","1","21523","Gulfstream Resources, Inc.","WP","N","00044","TERMIN","N","1960-01-01","1992-05-06","32.3","22","29.107074","-91.75455"
"19","1","22775","Gulfstream Resources, Inc.","CAIS","N","00044","TERMIN","N","1983-01-01","1994-10-14","11.8","30","29.105728","-91.755672"
"A","1","20683","Gulfstream Resources, Inc.","FIXED","Y","G02048","TERMIN","N","1972-01-01","1993-09-04","21.7","180","28.430415","-92.658529"
"A-AUX1","2","20683","Gulfstream Resources, Inc.","FIXED","Y","G02048","TERMIN","N","1972-01-01","1993-09-04","21.7","180","28.43014","-92.658526"
"1","1","22332","Gulfstream Resources, Inc.","FIXED","Y","G02818","TERMIN","N","1979-01-01","1993-01-19","14.1","27","29.703648","-93.497568"
"41","1","21082","J. M. Huber Corporation","CAIS","N","00263","RELINQ","N","1962-01-01","1992-06-09","30.4","43","29.002635","-90.259321"
"11","1","21084","J. M. Huber Corporation","CAIS","N","00263","RELINQ","N","1959-01-01","1992-06-12","33.4","38","29.01251","-90.275477"
"97","1","21087","J. M. Huber Corporation","WP","N","00263","RELINQ","N","1967-01-01","2003-11-22","36.9","48","28.99194619","-90.25875967"
"87","1","21090","J. M. Huber Corporation","FIXED","N","00263","RELINQ","N","1965-01-01","","","48","29.000851","-90.241964"
"GE","2","21090","J. M. Huber Corporation","CAIS","N","00263","RELINQ","N","2007-12-23","","","48","29.00089627","-90.24205773"
"78","1","21091","J. M. Huber Corporation","CAIS","N","00263","RELINQ","N","1965-01-01","2003-11-17","38.9","34","29.026747","-90.251054"
"64","1","21094","J. M. Huber Corporation","CAIS","N","00263","RELINQ","N","1964-01-01","1992-06-09","28.4","41","29.007277","-90.260679"
"58","1","21096","J. M. Huber Corporation","CAIS","N","00263","RELINQ","N","1963-01-01","2012-09-25","49.7","36","29.018083","-90.277396"
"H","1","21098","J. M. Huber Corporation","FIXED","Y","00263","RELINQ","N","1956-01-01","","","36","29.0194959","-90.27587943"
"D","2","21098","J. M. Huber Corporation","FIXED","Y","00263","RELINQ","N","1956-01-01","","","36","29.019496","-90.275879"
"48","1","21100","J. M. Huber Corporation","FIXED","N","00263","RELINQ","N","1962-01-01","","","50","28.999592","-90.25789"
"33","1","21102","J. M. Huber Corporation","CAIS","N","00263","RELINQ","N","1961-01-01","1989-10-02","28.8","42","29.00564","-90.261642"
"2","1","21105","J. M. Huber Corporation","CAIS","N","G01362","RELINQ","N","1964-01-01","2004-05-23","40.4","50","28.981327","-90.251636"
"4","1","21106","J. M. Huber Corporation","CAIS","N","G01362","RELINQ","N","1964-01-01","2004-05-24","40.4","50","28.986159","-90.254627"
"FLR","3","21108","J. M. Huber Corporation","FIXED","N","G01362","RELINQ","N","1964-01-01","1995-12-14","32","49","28.98657975","-90.25164233"
"F","1","21108","J. M. Huber Corporation","FIXED","Y","G01362","RELINQ","N","1964-01-01","","","49","28.986569","-90.250391"
"PRD","2","21108","J. M. Huber Corporation","FIXED","Y","G01362","RELINQ","N","1964-01-01","","","49","28.98780936","-90.25069085"
"88","1","21161","J. M. Huber Corporation","FIXED","N","00263","RELINQ","N","1966-01-01","","","46","28.994901","-90.242038"
"10","1","21672","J. M. Huber Corporation","CAIS","N","00263","RELINQ","N","1959-01-01","2003-11-26","44.9","39","29.011418","-90.269701"
"DA","1","21935","J. M. Huber Corporation","CAIS","N","00263","RELINQ","N","1966-01-01","","","42","29.01654003","-90.27830687"
"DA-Aux","2","21935","J. M. Huber Corporation","CAIS","N","00263","RELINQ","N","2005-04-18","","","42","29.01644342","-90.27827659"
"F","1","22966","J. M. Huber Corporation","FIXED","Y","00165","RELINQ","N","1984-01-01","","","50","28.996691","-90.238703"
"12","1","23164","J. M. Huber Corporation","CAIS","N","00165","RELINQ","N","1985-01-01","1987-10-29","2.8","48","28.99587763","-90.226426"
"124","1","23801","J. M. Huber Corporation","FIXED","N","00263","RELINQ","N","1989-01-01","","","40","29.021826","-90.271312"
"A","1","23882","J. M. Huber Corporation","FIXED","Y","G09676","TERMIN","N","1991-01-01","2003-05-29","12.4","147","28.886316","-89.863417"
"1","1","21722","J. M. Huber Corporation","CAIS","N","00554","EXPIR","N","1960-01-01","1990-08-27","30.7","28","29.34478","-92.405041"
"A","1","22298","J. M. Huber Corporation","FIXED","Y","G15175","EXPIR","N","1997-01-01","2004-01-21","7.1","62","29.13919155","-92.51169196"
"6","1","23356","J. M. Huber Corporation","WP","N","G03980","TERMIN","N","1989-01-01","2004-01-29","15.1","65","29.143023","-92.491022"
"5","1","23689","J. M. Huber Corporation","CAIS","N","G03980","TERMIN","N","1988-01-01","2004-01-22","16.1","65","29.129166","-92.504816"
"C","1","22369","J. M. Huber Corporation","FIXED","Y","G03499","TERMIN","N","1980-01-01","2006-04-12","26.3","70","29.070958","-93.097403"
"3","1","22831","J. M. Huber Corporation","CAIS","N","G02834","RELINQ","N","1983-01-01","2003-07-18","20.5","75","29.089994","-93.110862"
"GC","1","1911","J. M. Huber Corporation","CAIS","N","00263","RELINQ","N","1965-01-01","","","55","28.99462809","-90.24722392"
"A","1","22557","Marathon Petroleum Company","FIXED","Y","G03333","RELINQ","N","1982-01-01","1984-12-31","3","281","28.174915","-91.365602"
"A","1","22214","Marathon Petroleum Company","FIXED","Y","G02056","TERMIN","N","1977-01-01","1984-12-31","8","191","28.330703","-92.783241"
"1","1","10431","Santa Fe Minerals, Inc.","CAIS","N","G06201","RELINQ","N","1985-01-01","1988-12-31","4","51","29.213267","-93.817167"
"A","1","22995","ATP Oil & Gas Corporation","FIXED","N","G04827","TERMIN","N","1984-01-01","2016-10-25","32.8","63","28.777511","-90.612601"
"C","2","22995","ATP Oil & Gas Corporation","FIXED","Y","G04827","TERMIN","N","1984-01-01","2016-10-25","32.8","63","28.77700508","-90.61260438"
"F","1","23857","ATP Oil & Gas Corporation","FIXED","Y","G04460","TERMIN","N","1990-01-01","1997-05-18","7.4","63","28.76298","-90.678317"
"A","1","23030","ATP Oil & Gas Corporation","FIXED","Y","G04877","TERMIN","N","1984-01-01","2012-09-14","28.7","315","28.162201","-91.193665"
"A","1","22697","ATP Oil & Gas Corporation","FIXED","Y","G04427","TERMIN","N","1982-01-01","2009-09-30","27.7","209","28.304045","-92.441133"
"A","1","22126","ATP Oil & Gas Corporation","FIXED","Y","G02833","TERMIN","N","1978-01-01","2016-05-27","38.4","70","29.107708","-93.085114"
"2","1","23621","ATP Oil & Gas Corporation","FIXED","Y","G06572","TERMIN","N","1986-01-01","2010-12-09","24.9","44","29.425637","-93.150238"
"C","1","23663","ATP Oil & Gas Corporation","FIXED","Y","G21058","TERMIN","N","1986-01-01","2016-09-11","30.7","200","28.267823","-93.002423"
"A","1","23787","ATP Oil & Gas Corporation","FIXED","Y","G09402","TERMIN","N","1993-06-24","2010-11-15","17.4","58","29.290862","-93.10145"
"2","1","26068","ATP Oil & Gas Corporation","CAIS","N","G09614","TERMIN","N","1993-01-01","2011-06-07","18.4","37","28.848232","-91.281527"
"A","1","28006","ATP Oil & Gas Corporation","FIXED","Y","G10226","TERMIN","N","1994-07-06","2016-08-23","22.1","118","28.254571","-95.58529"
"A","1","10394","ATP Oil & Gas Corporation","FIXED","Y","G13295","TERMIN","N","1994-10-22","2011-04-01","16.4","148","27.87130009","-96.39055124"
"A","1","29016","ATP Oil & Gas Corporation","FIXED","Y","G25864","RELINQ","N","1994-01-01","2017-08-18","23.6","106","28.70689707","-93.08573386"
"A","1","29022","ATP Oil & Gas Corporation","FIXED","Y","G11796","RELINQ","N","1995-02-15","2000-08-11","5.5","100","28.69400345","-93.38648575"
"A (REMOVED)","1","10392","EOG Resources, Inc.","FIXED","Y","G14104","EXPIR","N","1994-09-23","1997-07-17","2.8","167","27.62431193","-96.62115901"
"A","1","24182","EOG Resources, Inc.","FIXED","Y","G07870","TERMIN","N","1994-01-01","2010-09-26","16.7","103","29.94922407","-88.16071846"
"A","1","10393","EOG Resources, Inc.","FIXED","Y","G14103","TERMIN","N","1994-11-18","2012-08-31","17.8","154","27.74009911","-96.52304638"
"B","1","10399","EOG Resources, Inc.","WP","N","G14103","TERMIN","N","1995-09-01","2011-07-11","15.9","155","27.73048117","-96.5352851"
"A","1","70002","EOG Resources, Inc.","FIXED","Y","G08770","TERMIN","N","1996-11-11","2010-09-08","13.8","103","29.85805942","-87.90916891"
"A","1","80007","EOG Resources, Inc.","FIXED","Y","G14467","TERMIN","N","1997-07-26","2011-07-31","14","68","28.91020173","-91.76574958"
"B","1","250","EOG Resources, Inc.","FIXED","N","G08151","TERMIN","N","1998-07-22","2006-08-20","8.1","50","29.1036851","-94.43858011"
"B","1","413","EOG Resources, Inc.","FIXED","N","G14467","TERMIN","N","1999-07-12","2011-08-02","12.1","68","28.89821426","-91.76631061"
"C","1","1382","EOG Resources, Inc.","FIXED","Y","G04548","TERMIN","N","2003-12-25","2012-08-25","8.7","90","27.95243519","-96.53725954"
"18","1","20235","Maritech Resources, Inc.","WP","N","00367","PROD","S","1964-01-01","2002-01-12","38","55","29.146401","-89.69028"
"12","1","20236","Maritech Resources, Inc.","WP","N","00367","PROD","S","1960-01-01","2001-12-24","42","63","29.138107","-89.695976"
"6","1","20237","Maritech Resources, Inc.","CAIS","N","00367","PROD","S","1960-01-01","2001-12-29","42","64","29.118424","-89.68774"
"5","1","20238","Maritech Resources, Inc.","CAIS","N","00367","PROD","S","1961-01-01","2001-12-22","41","61","29.123374","-89.687659"
"4","1","20239","Maritech Resources, Inc.","WP","N","G01332","TERMIN","N","1960-01-01","2002-01-13","42","61","29.128981","-89.700747"
"4","1","20240","Maritech Resources, Inc.","CAIS","N","00367","PROD","S","1959-01-01","2002-01-07","43","52","29.146639","-89.687278"
"2","1","20243","Maritech Resources, Inc.","WP","N","00367","PROD","S","1960-01-01","2002-01-10","42","62","29.13085","-89.691671"
"1","1","20244","Maritech Resources, Inc.","WP","N","G01332","TERMIN","N","1963-01-01","2002-01-03","39","61","29.131065","-89.69916"
"1","1","20245","Maritech Resources, Inc.","WP","N","00367","PROD","S","1960-01-01","2002-01-09","42","62","29.130798","-89.687537"
"C","1","20248","Maritech Resources, Inc.","FIXED","Y","G01332","TERMIN","N","1964-01-01","2004-10-17","40.8","59","29.134937","-89.707087"
"A","1","22212","Maritech Resources, Inc.","FIXED","Y","G02185","TERMIN","N","1978-01-01","2004-09-22","26.7","227","28.823904","-89.411733"
"A","1","22753","Maritech Resources, Inc.","FIXED","Y","G04494","TERMIN","N","1982-01-01","2009-04-05","27.3","35","29.768572","-88.7088"
"C","2","22753","Maritech Resources, Inc.","FIXED","Y","G04494","TERMIN","N","1984-01-01","2008-08-28","24.7","35","29.768745","-88.70836"
"A","1","23888","Maritech Resources, Inc.","FIXED","Y","G12092","TERMIN","N","1991-01-01","2009-08-30","18.7","130","29.542857","-88.5622"
"C","1","20605","Maritech Resources, Inc.","FIXED","N","00829","RELINQ","N","1972-01-01","2010-06-12","38.4","113","28.512494","-91.117249"
"A","1","20723","Maritech Resources, Inc.","FIXED","Y","G01036","TERMIN","N","1965-01-01","2012-09-28","47.7","170","28.33145","-91.204913"
"A-AUX","2","20723","Maritech Resources, Inc.","FIXED","Y","G01036","TERMIN","N","1972-01-01","2012-09-28","40.7","170","28.33145","-91.205224"
"4","1","20838","Maritech Resources, Inc.","FIXED","Y","00053","TERMIN","N","1971-01-01","2011-05-10","40.4","52","28.967338","-91.61125"
"C","1","20866","Maritech Resources, Inc.","FIXED","Y","00053","TERMIN","N","1957-01-01","2011-08-01","54.6","52","28.95911769","-91.60799768"
"C-7","2","20866","Maritech Resources, Inc.","WP","N","00053","TERMIN","N","1974-01-01","2011-07-23","37.6","52","28.95951061","-91.60814882"
"F-4","1","20887","Maritech Resources, Inc.","FIXED","Y","00053","TERMIN","N","1964-01-01","2007-08-05","43.6","52","28.968355","-91.614445"
"F","2","20887","Maritech Resources, Inc.","CAIS","N","00053","TERMIN","N","1984-01-01","2007-08-05","23.6","52","28.968402","-91.61422"
"1","1","20943","Maritech Resources, Inc.","CAIS","N","00054","TERMIN","N","1959-01-01","2009-01-02","50","52","28.968973","-91.615885"
"A","1","21243","Maritech Resources, Inc.","FIXED","Y","00580","TERMIN","N","1959-01-01","1981-12-31","23","100","28.647906","-91.507144"
"FH","7","21468","Maritech Resources, Inc.","FIXED","N","","","","1959-01-01","2011-09-12","52.7","45","28.959633","-91.623895"
"CF PROD","1","21468","Maritech Resources, Inc.","FIXED","Y","","","","1959-01-01","2011-09-12","52.7","45","28.959632","-91.62452"
"CF-MP-VALVE","2","21468","Maritech Resources, Inc.","FIXED","Y","","","","1959-01-01","2011-09-12","52.7","45","28.959631","-91.624833"
"CF-GM#1","3","21468","Maritech Resources, Inc.","FIXED","Y","","","","1959-01-01","2004-06-14","45.5","45","28.959355","-91.625144"
"CF-GM#2","4","21468","Maritech Resources, Inc.","FIXED","Y","","","","1959-01-01","2004-06-09","45.4","45","28.959355","-91.625457"
"CF-QTR","5","21468","Maritech Resources, Inc.","FIXED","N","","","","1959-01-01","2011-12-02","52.9","45","28.959359","-91.623581"
"CF-F","6","21468","Maritech Resources, Inc.","FIXED","N","","","","1959-01-01","2011-09-12","52.7","45","28.959633","-91.623895"
"CF-GM#1-Flare","8","21468","Maritech Resources, Inc.","CAIS","N","","","","1972-01-01","2006-04-20","34.3","45","28.95645725","-91.627991"
"C","1","21769","Maritech Resources, Inc.","FIXED","Y","00580","TERMIN","N","1974-01-01","2003-09-26","29.7","100","28.632493","-91.499504"
"A","1","21844","Maritech Resources, Inc.","FIXED","N","G02108","TERMIN","N","1975-01-01","2009-07-21","34.6","221","28.330451","-91.535137"
"B","1","21882","Maritech Resources, Inc.","FIXED","Y","G02108","TERMIN","N","1976-01-01","2009-07-10","33.5","221","28.303871","-91.532832"
"A","1","22109","Maritech Resources, Inc.","FIXED","Y","G13628","TERMIN","N","1978-01-01","2009-05-30","31.4","333","28.131525","-91.452931"
"D","1","22643","Maritech Resources, Inc.","FIXED","Y","00580","TERMIN","N","1982-01-01","2003-09-26","21.7","100","28.649566","-91.499087"
"A","1","22833","Maritech Resources, Inc.","FIXED","Y","G03995","TERMIN","N","1984-01-01","2002-07-27","18.6","97","28.691631","-91.405902"
"5","1","23147","Maritech Resources, Inc.","CAIS","N","00053","TERMIN","N","1984-01-01","2011-05-31","27.4","52","28.965806","-91.611543"
"A","1","23754","Anadarko E&P Company LP","FIXED","Y","G10601","TERMIN","N","1991-01-01","1997-03-30","6.2","285","28.102361","-93.097571"
"A","1","10351","Anadarko E&P Company LP","FIXED","Y","G05975","TERMIN","N","1989-01-01","1995-09-22","6.7","248","26.935262","-96.752502"
"A","1","10593","Anadarko E&P Company LP","FIXED","Y","G13436","TERMIN","N","1994-02-25","1999-08-16","5.5","308","27.96896739","-94.47113088"
"A","1","27004","Anadarko E&P Company LP","CAIS","N","G10633","TERMIN","N","1994-01-01","1998-05-28","4.4","118","28.64914624","-92.99440538"
"A","1","26091","Anadarko E&P Company LP","FIXED","Y","G10782","TERMIN","N","1995-01-01","1998-09-07","3.7","160","28.36710844","-91.15133045"
"1","1","27057","Anadarko E&P Company LP","CAIS","N","G12904","TERMIN","N","1995-12-12","2004-10-27","8.9","52","29.0236","-91.8556"
"#2","1","90012","Anadarko E&P Company LP","CAIS","N","G13885","TERMIN","N","1997-02-12","2001-04-18","4.2","125","28.70799636","-92.35920893"
"1","1","878","Anadarko E&P Company LP","CAIS","N","G08707","TERMIN","N","2001-02-23","2004-11-09","3.7","53","28.7666076","-91.30122872"
"A","1","20195","Noble Energy, Inc.","FIXED","Y","G01676","TERMIN","N","1969-01-01","2010-09-07","41.7","180","29.225415","-88.57607"
"B","1","20445","Noble Energy, Inc.","FIXED","Y","G01676","TERMIN","N","1969-01-01","2010-08-22","41.6","241","29.216809","-88.583035"
"C","1","20446","Noble Energy, Inc.","FIXED","Y","G01676","TERMIN","N","1969-01-01","2007-07-30","38.6","244","29.198178","-88.5834"
"D","1","20447","Noble Energy, Inc.","FIXED","Y","G01677","TERMIN","N","1969-01-01","2007-07-30","38.6","255","29.224917","-88.552566"
"E","1","20449","Noble Energy, Inc.","FIXED","Y","G01677","TERMIN","N","1969-01-01","2007-07-30","38.6","255","29.214886","-88.546572"
"A","1","20450","Noble Energy, Inc.","FIXED","Y","G21712","TERMIN","N","1969-01-01","2007-07-30","38.6","247","29.230669","-88.564345"
"A","1","21984","Noble Energy, Inc.","FIXED","Y","G03177","TERMIN","N","1976-01-01","2006-09-16","30.7","105","28.571986","-90.499623"
"F","1","22220","Noble Energy, Inc.","FIXED","Y","G01677","TERMIN","N","1978-01-01","2010-11-30","32.9","271","29.194832","-88.555279"
"1-A","1","23498","Noble Energy, Inc.","CAIS","N","G05693","TERMIN","N","1988-01-01","2006-09-20","18.7","30","29.287184","-89.058512"
"A","1","23117","Noble Energy, Inc.","FIXED","Y","G00996","TERMIN","N","1985-01-01","2010-07-29","25.6","223","28.30005","-91.671445"
"AJ","1","23677","Noble Energy, Inc.","FIXED","Y","G04794","TERMIN","N","1988-01-01","2005-09-20","17.7","45","28.912133","-92.389035"
"A","1","10285","Noble Energy, Inc.","FIXED","Y","G04081","RELINQ","N","1985-01-01","","","276","28.006372","-94.102363"
"C","1","10296","Noble Energy, Inc.","FIXED","Y","G06085","TERMIN","N","1986-01-01","2011-08-31","25.7","140","28.062749","-95.647655"
"A","1","10424","Noble Energy, Inc.","FIXED","Y","G06085","TERMIN","N","1986-01-01","2011-08-23","25.6","162","28.053052","-95.633117"
"B","1","10462","Noble Energy, Inc.","WP","Y","G06085","TERMIN","N","1985-01-01","2010-08-04","25.6","160","28.053441","-95.611694"
"D","1","10508","Noble Energy, Inc.","FIXED","Y","G06086","TERMIN","N","1990-01-01","2010-08-13","20.6","164","28.070161","-95.576666"
"F","1","10589","Noble Energy, Inc.","WP","N","G08549","TERMIN","N","1993-10-18","2010-06-24","16.7","162","28.035207","-95.662675"
"C","1","10596","Noble Energy, Inc.","WP","N","G03377","TERMIN","N","1994-08-26","2005-06-20","10.8","170","28.405397","-93.811104"
"A","1","24085","Noble Energy, Inc.","FIXED","Y","G09478","TERMIN","N","1994-07-26","","","250","28.164072","-92.862457"
"A","1","27028","Noble Energy, Inc.","FIXED","Y","G09514","TERMIN","N","1995-08-26","","","219","28.2648941","-92.20941753"
"A(Neptune Spar)","1","24235","Noble Energy, Inc.","SPAR","Y","","","","1996-11-19","2023-08-12","26.7","1930","29.16345432","-87.98775824"
"A","1","421","Noble Energy, Inc.","FIXED","N","G12807","TERMIN","N","1999-05-17","2008-06-03","9","273","28.12508824","-93.06075032"
"A","1","884","Noble Energy, Inc.","CAIS","N","G21353","RELINQ","N","2001-03-08","2005-06-20","4.3","108","28.62457656","-93.62782925"
"1","1","23542","ConocoPhillips Company","CAIS","N","G05530","TERMIN","N","1987-01-01","1994-07-14","7.5","10","29.116107","-91.051145"
"2","1","23991","ConocoPhillips Company","CAIS","N","G05530","TERMIN","N","1991-01-01","1994-10-20","3.8","9","29.115199","-91.061684"
"4","1","10005","ConocoPhillips Company","WP","N","00741","TERMIN","N","1964-01-01","1991-06-18","27.5","49","29.268141","-94.116336"
"5","1","10013","ConocoPhillips Company","WP","N","00743","TERMIN","N","1965-10-01","2001-01-22","35.3","51","29.243151","-94.150274"
"5","1","10014","ConocoPhillips Company","WP","N","00741","TERMIN","N","1965-01-01","2001-03-06","36.2","50","29.262084","-94.090092"
"4","1","10016","ConocoPhillips Company","WP","N","00744","TERMIN","N","1965-01-01","2001-03-20","36.2","51","29.224587","-94.116587"
"1","1","10025","ConocoPhillips Company","WP","N","00741","TERMIN","N","1964-01-01","2001-02-20","37.1","49","29.258538","-94.118856"
"2","1","10027","ConocoPhillips Company","WP","N","00742","TERMIN","N","1965-01-01","2001-02-21","36.1","50","29.261224","-94.125844"
"6","1","10029","ConocoPhillips Company","WP","N","00743","TERMIN","N","1965-01-01","1986-12-31","22","52","29.220182","-94.126647"
"1","1","10030","ConocoPhillips Company","WP","N","00743","TERMIN","N","1961-01-01","2001-01-26","40.1","51","29.232327","-94.135374"
"3","1","10046","ConocoPhillips Company","WP","N","00741","TERMIN","N","1964-01-01","1986-12-31","23","50","29.264531","-94.104167"
"4","1","10047","ConocoPhillips Company","WP","N","00742","TERMIN","N","1965-01-01","1975-12-31","11","49","29.257306","-94.138018"
"2","1","10049","ConocoPhillips Company","WP","N","00743","TERMIN","N","1961-01-01","2000-12-20","40","51","29.231897","-94.141925"
"A","1","10092","ConocoPhillips Company","FIXED","Y","G02405","TERMIN","N","1977-01-01","1991-07-09","14.5","192","28.303233","-93.766315"
"A","1","10109","ConocoPhillips Company","FIXED","Y","G02398","TERMIN","N","1978-01-01","1987-12-31","10","165","28.422685","-93.646535"
"A","1","10215","ConocoPhillips Company","WP","N","G04560","TERMIN","N","1982-01-01","1988-04-21","6.3","140","28.105992","-95.705944"
"8","1","20130","ConocoPhillips Company","CAIS","N","00301","TERMIN","N","1968-01-01","1979-12-31","12","38","29.64008","-93.597327"
"6","1","20743","ConocoPhillips Company","CAIS","N","00301","TERMIN","N","1967-01-01","1983-12-31","17","38","29.644335","-93.601"
"7","1","20753","ConocoPhillips Company","CAIS","N","00300","TERMIN","N","1957-01-01","1980-12-31","24","28","29.684017","-93.593517"
"13","1","26137","Gulfstream Resources, Inc.","FIXED","N","00228","TERMIN","N","1998-04-11","1998-04-11","0","20","29.08144048","-91.75659007"
"4","1","21357","Mobil Exploration and Producing North America Inc.","CAIS","N","00797","TERMIN","N","1961-01-01","1990-09-10","29.7","24","29.036645","-91.452094"
"A","1","20641","Mobil Exploration and Producing North America Inc.","FIXED","Y","G02074","TERMIN","N","1972-01-01","1988-10-29","16.8","102","28.813593","-92.602402"
"A-AUX1","2","20641","Mobil Exploration and Producing North America Inc.","FIXED","Y","G02074","TERMIN","N","1973-01-01","1988-10-29","15.8","102","28.813596","-92.60209"
"6","1","21838","Mobil Exploration and Producing North America Inc.","CAIS","N","G02595","TERMIN","N","1975-01-01","1983-12-31","9","23","29.295333","-91.9965"
"4","1","22069","Mobil Exploration and Producing North America Inc.","WP","N","G02596","TERMIN","N","1977-01-01","1977-12-31","1","20","29.292165","-92.046595"
"9","1","22563","Mobil Exploration and Producing North America Inc.","CAIS","N","G02300","TERMIN","N","1982-01-01","1988-10-10","6.8","25","29.311409","-92.058272"
"A","1","22683","Mobil Exploration and Producing North America Inc.","FIXED","Y","G03527","TERMIN","N","1982-01-01","1991-09-30","9.7","41","29.534756","-92.911578"
"G","1","23232","Mobil Exploration and Producing North America Inc.","CAIS","N","00245","TERMIN","N","1986-01-01","1988-03-01","2.2","40","29.596899","-93.178662"
"A","1","20135","Conn Energy, Inc.","FIXED","Y","G00966","TERMIN","N","1971-01-01","2017-04-18","46.3","115","28.625198","-92.891593"
"C-AUX1","2","21338","Conn Energy, Inc.","WP","N","G01997","TERMIN","N","1972-01-01","1990-12-31","19","45","29.399656","-93.282889"
"C","1","21338","Conn Energy, Inc.","FIXED","N","G01997","TERMIN","N","1975-01-01","1990-07-08","15.5","45","29.399652","-93.283203"
"B","1","21440","Conn Energy, Inc.","FIXED","Y","G01997","TERMIN","N","1973-01-01","2001-07-21","28.6","38","29.377115","-93.269468"
"B-AUX1","2","21440","Conn Energy, Inc.","FIXED","Y","G01997","TERMIN","N","1973-01-01","2001-07-21","28.6","38","29.37712","-93.269154"
"B-AUX2","3","21440","Conn Energy, Inc.","FIXED","N","G01997","TERMIN","N","1974-01-01","2001-07-21","27.6","38","29.377111","-93.269781"
"6","1","21750","Conn Energy, Inc.","CAIS","N","G01997","TERMIN","N","1974-01-01","1978-12-31","5","44","29.378884","-93.248724"
"A","1","22151","Conn Energy, Inc.","FIXED","Y","G03381","RELINQ","N","1978-01-01","1990-03-03","12.2","80","28.953442","-93.080932"
"No.14","1","2494","Conn Energy, Inc.","CAIS","N","G01997","TERMIN","N","2012-10-10","2019-01-18","6.3","41","29.39614919","-93.2509155"
"A","1","23744","Santa Fe Energy Operating Partners, L.P.","FIXED","Y","G08409","TERMIN","N","1990-01-01","1994-04-18","4.3","125","28.546734","-93.537306"
"3","1","20555","Union Exploration Partners, Ltd.","CAIS","N","00560","TERMIN","N","1960-01-01","1990-01-27","30.1","25","29.301844","-92.388955"
"4","1","20892","Union Exploration Partners, Ltd.","CAIS","N","G00935","TERMIN","N","1965-01-01","1989-11-04","24.8","60","29.266581","-92.731479"
"3","1","20895","Union Exploration Partners, Ltd.","CAIS","N","G01475","TERMIN","N","1970-01-01","1981-12-31","12","58","29.292235","-92.72368"
"2","1","20924","Union Exploration Partners, Ltd.","CAIS","N","00560","TERMIN","N","1962-01-01","1990-01-25","28.1","26","29.296304","-92.386977"
"4","1","20927","Union Exploration Partners, Ltd.","CAIS","N","00560","TERMIN","N","1967-01-01","1990-01-28","23.1","26","29.295733","-92.380047"
"5","1","22520","Union Exploration Partners, Ltd.","CAIS","N","G01475","TERMIN","N","1981-01-01","1989-11-02","8.8","56","29.303837","-92.721017"
"A","1","21890","Union Exploration Partners, Ltd.","FIXED","Y","G02437","TERMIN","N","1975-01-01","1991-11-22","16.9","343","28.148185","-93.292283"
"A","1","28046","IP Petroleum Company, Inc.","CAIS","N","G13317","TERMIN","N","1996-05-07","2003-03-08","6.8","94","28.59951354","-95.22484423"
"TEMP.CAIS.#1","1","28055","IP Petroleum Company, Inc.","FIXED","Y","G15776","RELINQ","N","1996-08-02","1997-11-18","1.3","50","29.32276097","-94.33785426"
"PLTF.A(MOPU)","2","28055","IP Petroleum Company, Inc.","FIXED","N","G15776","RELINQ","N","1997-01-15","1997-11-15","0.8","50","29.31825714","-94.33799327"
"CAIS.#1","1","40011","IP Petroleum Company, Inc.","FIXED","N","G15771","RELINQ","N","1998-03-01","1999-03-30","1.1","45","29.40881169","-94.11760248"
"B","1","23449","Atlantic Richfield Company","CAIS","N","G04009","RELINQ","N","1988-01-01","1994-01-15","6","74","29.397804","-88.862073"
"1","1","23486","Atlantic Richfield Company","CAIS","N","G05671","TERMIN","N","1984-01-01","1992-05-24","8.4","73","29.118644","-89.824969"
"1","1","23487","Atlantic Richfield Company","CAIS","N","G05672","TERMIN","N","1987-01-01","1992-05-27","5.4","78","29.101021","-89.845789"
"A","1","23492","Atlantic Richfield Company","CAIS","N","G04009","RELINQ","N","1985-01-01","1994-01-22","9.1","72","29.379885","-88.869141"
"1","1","23840","Atlantic Richfield Company","CAIS","N","G07803","TERMIN","N","1990-01-01","1990-12-31","1","56","29.548096","-88.797374"
"3","1","23299","Atlantic Richfield Company","CAIS","N","G03810","TERMIN","N","1987-01-01","1994-10-11","7.8","31","29.018802","-91.529887"
"A","1","22951","Atlantic Richfield Company","FIXED","Y","G03535","TERMIN","N","1984-01-01","1989-07-27","5.6","80","29.042117","-92.747746"
"A","1","10148","Atlantic Richfield Company","FIXED","Y","G02664","TERMIN","N","1980-01-01","1992-11-15","12.9","200","27.82282","-95.989565"
"A","1","10247","Atlantic Richfield Company","FIXED","Y","G06145","TERMIN","N","1984-01-01","1988-10-08","4.8","45","29.418432","-94.156813"
"C","1","10269","Atlantic Richfield Company","CAIS","N","G03242","TERMIN","N","1985-01-01","1990-09-09","5.7","175","28.328363","-94.061435"
"1","1","10423","Atlantic Richfield Company","CAIS","N","G06155","EXPIR","N","1985-01-01","1988-12-31","4","43","29.310576","-93.980251"
"1","1","22515","Atlantic Richfield Company","CAIS","N","G04392","TERMIN","N","1981-01-01","1990-10-26","9.8","51","29.237571","-93.34519"
"4","1","22819","Atlantic Richfield Company","CAIS","N","G03965","TERMIN","N","1983-01-01","1991-02-10","8.1","68","29.11083","-93.184035"
"2","1","23059","Atlantic Richfield Company","CAIS","N","G04758","TERMIN","N","1984-01-01","1990-10-28","6.8","60","29.238932","-93.317883"
"5","1","23256","Atlantic Richfield Company","CAIS","N","G02832","TERMIN","N","1983-01-01","1990-10-30","7.8","60","29.268031","-93.315193"
"A-AUX","1","20643","Union Texas Petroleum Corporation","FIXED","Y","G12352","TERMIN","N","1971-01-01","1995-01-16","24","45","29.147156","-92.528281"
"A","1","24206","ATP Oil & Gas Corporation","FIXED","Y","G05759","TERMIN","N","1994-11-23","2011-07-28","16.7","49","30.06658436","-87.95517706"
"1","1","24226","ATP Oil & Gas Corporation","CAIS","N","G13928","PROD","S","1995-05-24","2003-10-20","8.4","52","28.95391421","-90.36072717"
"A","1","27061","ATP Oil & Gas Corporation","FIXED","Y","G11903","RELINQ","N","1996-09-02","2003-08-09","6.9","362","27.98534632","-92.5892322"
"A","1","90023","ATP Oil & Gas Corporation","FIXED","N","G14430","RELINQ","N","1996-08-19","2003-08-22","7","364","28.01147714","-92.61837563"
"1","1","50013","ATP Oil & Gas Corporation","CAIS","N","G13833","TERMIN","N","1997-04-16","2003-01-10","5.7","58","29.28069599","-93.12351487"
"#5","1","1580","ATP Oil & Gas Corporation","CAIS","N","G02833","TERMIN","N","2004-10-04","2016-05-14","11.6","76","29.09834695","-93.06234936"
"1","1","1623","ATP Oil & Gas Corporation","FIXED","N","G21348","TERMIN","N","2005-03-17","2014-08-12","9.4","30","29.3749472","-93.81908394"
"A","1","33033","ATP Oil & Gas Corporation","FIXED","N","G12906","TERMIN","N","1996-08-03","2017-06-01","20.8","21","29.15106305","-91.75964904"
"A","1","50014","ATP Oil & Gas Corporation","FIXED","Y","G14336","TERMIN","N","1997-04-28","2016-11-09","19.5","128","28.59680423","-93.17862578"
"A","1","90026","ATP Oil & Gas Corporation","FIXED","N","G13896","TERMIN","N","1997-01-02","2006-12-16","10","64","28.97856471","-91.95122205"
"B","1","74","ATP Oil & Gas Corporation","FIXED","N","G10226","TERMIN","N","1997-10-04","2017-08-16","19.9","116","28.25635349","-95.56508722"
"CAIS.#2","1","239","ATP Oil & Gas Corporation","CAIS","N","G13829","TERMIN","N","1998-06-03","2003-01-04","4.6","40","29.53543316","-93.60651741"
"A","1","387","ATP Oil & Gas Corporation","FIXED","Y","G14518","TERMIN","N","1999-01-07","2011-05-21","12.4","66","28.87293181","-90.37430389"
"A","1","546","ATP Oil & Gas Corporation","FIXED","Y","G17212","TERMIN","N","1999-10-15","2005-05-12","5.6","293","28.04163067","-93.66453131"
"B","1","599","ATP Oil & Gas Corporation","FIXED","N","G15145","TERMIN","N","1999-12-18","2007-11-03","7.9","144","28.55761101","-92.79946112"
"A","1","712","ATP Oil & Gas Corporation","FIXED","Y","G16195","TERMIN","N","2000-01-01","2007-09-22","7.7","142","28.49168328","-93.38921454"
"CAIS.#1","1","801","ATP Oil & Gas Corporation","CAIS","N","G15167","RELINQ","N","2000-08-25","2004-08-02","3.9","50","29.30715582","-92.56804917"
"A","1","933","ATP Oil & Gas Corporation","CAIS","Y","G16115","TERMIN","N","2001-04-11","2007-03-18","5.9","43","29.57019437","-93.16225049"
"CAIS.C","1","1262","ATP Oil & Gas Corporation","CAIS","N","G17776","TERMIN","N","2003-03-20","2010-11-14","7.7","105","28.73488317","-93.00973964"
"A","1","1320","ATP Oil & Gas Corporation","FIXED","Y","G21378","TERMIN","N","2003-11-08","2017-05-23","13.5","542","27.8080675","-93.4314275"
"B","1","1392","ATP Oil & Gas Corporation","FIXED","N","G09591","TERMIN","N","2003-11-01","2008-08-22","4.8","189","28.40888144","-91.47159572"
"4","1","1661","ATP Oil & Gas Corporation","CAIS","N","G04827","TERMIN","N","2005-04-17","2010-04-13","5","68","28.7774645","-90.60572557"
"1","1","1706","ATP Oil & Gas Corporation","CAIS","N","G25517","EXPIR","N","2005-06-26","2011-04-01","5.8","117","28.23803611","-95.62254193"
"5","1","1724","ATP Oil & Gas Corporation","CAIS","N","G04827","TERMIN","N","2005-07-01","2010-04-25","4.8","63","28.77691644","-90.60606658"
"2","1","1830","ATP Oil & Gas Corporation","CAIS","N","G21348","TERMIN","N","2006-04-16","2016-12-13","10.7","30","29.40526797","-93.8502108"
"A","1","1839","ATP Oil & Gas Corporation","FIXED","Y","G24786","TERMIN","N","2006-08-06","2018-02-17","11.5","348","27.85985991","-93.41814021"
"A (GOMEZ)","1","1771","ATP Oil & Gas Corporation","SEMI","Y","G14016","RELINQ","N","2006-03-08","2014-02-03","7.9","2975","28.22065524","-89.61507167"
"6","1","1974","ATP Oil & Gas Corporation","FIXED","N","G04827","TERMIN","N","2007-02-23","2016-10-31","9.7","60","28.76463984","-90.63674301"
"A","1","2099","ATP Oil & Gas Corporation","FIXED","Y","","","","2008-07-30","2016-10-24","8.2","136","28.54910528","-93.19344249"
"A","1","22381","LLECO Holdings, Inc.","FIXED","Y","G02860","TERMIN","N","1980-01-01","1993-03-28","13.2","125","28.586472","-92.658185"
"A","1","24000","LLECO Holdings, Inc.","FIXED","Y","G07653","TERMIN","N","1991-01-01","1993-03-31","2.2","150","28.529327","-92.93093"
"A","1","10439","LLECO Holdings, Inc.","FIXED","Y","G04578","TERMIN","N","1988-01-01","1991-08-15","3.6","152","28.393323","-94.170003"
"A","1","10473","LLECO Holdings, Inc.","FIXED","Y","G10285","EXPIR","N","1989-01-01","1994-01-14","5","133","28.51975","-93.956565"
"A","1","24146","Dauphin Island Gathering Partners","FIXED","Y","","","","1993-05-10","","","52","30.179913","-88.207415"
"A","1","24258","Dauphin Island Gathering Partners","FIXED","Y","","","","1996-01-19","","","250","29.39979903","-88.04275675"
"A","1","258","Dauphin Island Gathering Partners","FIXED","Y","","","","1998-11-18","","","348","29.33210866","-87.87786506"
"4","1","23917","Vastar Resources, Inc.","CAIS","N","G03810","TERMIN","N","1990-01-01","1994-10-29","4.8","28","29.030551","-91.566617"
"A","1","23358","Vastar Resources, Inc.","FIXED","Y","G05359","TERMIN","N","1989-01-01","2004-08-27","15.7","50","29.384298","-92.812582"
"1","1","10386","Vastar Resources, Inc.","CAIS","N","G13761","TERMIN","N","1994-01-01","1998-05-21","4.4","118","27.583369","-96.815324"
"HA","1","24222","Vastar Resources, Inc.","FIXED","Y","00839","PROD","S","1995-05-02","2002-05-13","7","165","28.90083381","-89.79369248"
"1","1","32025","Vastar Resources, Inc.","FIXED","Y","G14437","EXPIR","N","1996-05-29","1998-11-19","2.5","83","28.85708625","-91.92952903"
"A","1","39","Vastar Resources, Inc.","FIXED","N","G12093","TERMIN","N","1998-03-04","2004-02-23","6","163","29.51224267","-88.30415015"
"A","1","213","Vastar Resources, Inc.","FIXED","N","G15704","EXPIR","N","1998-07-11","2001-10-21","3.3","130","27.60593851","-96.75011635"
"A","1","29029","Louis Dreyfus Natural Gas Corp.","FIXED","Y","G10580","TERMIN","N","1995-04-09","2002-05-22","7.1","98","28.75159782","-93.09787772"
"A(Removed)","1","23297","Devon Energy Operating Corporation","FIXED","Y","G04864","TERMIN","N","1987-01-01","1997-03-03","10.2","60","28.835235","-91.450321"
"A","1","23593","NCX Company, Inc.","FIXED","Y","G06721","TERMIN","N","1989-01-01","1994-03-31","5.2","193","28.407501","-91.734511"
"A","1","23335","NCX Company, Inc.","FIXED","Y","G04781","TERMIN","N","1988-01-01","2001-10-02","13.8","111","28.691577","-92.783729"
"A (REMOVED)","1","23382","NCX Company, Inc.","FIXED","Y","G10648","TERMIN","N","1989-01-01","1997-11-09","8.9","48","29.332828","-92.603998"
"9","1","23294","Maritech Resources, Inc.","CAIS","N","00054","TERMIN","N","1986-01-01","2011-08-12","25.6","50","28.969393","-91.632331"
"1","1","23558","Maritech Resources, Inc.","CAIS","N","G05479","TERMIN","N","1989-01-01","1991-06-01","2.4","12","29.30325421","-91.71475686"
"2","1","23559","Maritech Resources, Inc.","CAIS","N","G05479","TERMIN","N","1988-01-01","1999-07-14","11.5","12","29.301393","-91.722882"
"11","1","23570","Maritech Resources, Inc.","CAIS","N","00478","TERMIN","N","1988-01-01","2011-08-10","23.6","50","28.972378","-91.636392"
"G","1","23573","Maritech Resources, Inc.","CAIS","N","00478","TERMIN","N","1989-01-01","2011-05-07","22.3","48","28.971199","-91.616423"
"12","1","23574","Maritech Resources, Inc.","CAIS","N","00478","TERMIN","N","1989-01-01","2011-08-09","22.6","50","28.972552","-91.626433"
"A","1","23929","Maritech Resources, Inc.","FIXED","Y","G07759","TERMIN","N","1990-01-01","2011-03-15","21.2","258","28.237215","-91.150738"
"C","1","23955","Maritech Resources, Inc.","FIXED","Y","G07757","TERMIN","N","1991-09-26","2010-10-15","19.1","201","28.342349","-91.184436"
"13","1","23957","Maritech Resources, Inc.","CAIS","N","00478","TERMIN","N","1991-01-01","2008-08-10","17.6","50","28.972576","-91.629095"
"C","1","20642","Maritech Resources, Inc.","FIXED","Y","G01149","TERMIN","N","1972-01-01","2014-12-10","42.9","145","28.5745","-92.21888"
"C-AUX1","2","20642","Maritech Resources, Inc.","FIXED","Y","G01149","TERMIN","N","1972-01-01","2015-06-29","43.5","145","28.57428","-92.218837"
"E","3","20642","Maritech Resources, Inc.","WP","N","G01149","TERMIN","N","1983-01-01","2013-06-28","30.5","145","28.57341","-92.218665"
"A","1","21224","Maritech Resources, Inc.","FIXED","Y","G00958","TERMIN","N","1969-01-01","2009-06-08","40.4","103","28.756388","-92.802706"
"C","1","21458","Maritech Resources, Inc.","FIXED","Y","00786","EXPIR","N","1966-01-01","2013-06-01","47.4","105","28.741666","-91.88414"
"C-PRD","2","21458","Maritech Resources, Inc.","FIXED","Y","00786","EXPIR","N","1966-01-01","2001-10-24","35.8","105","28.741664","-91.884452"
"B","1","21463","Maritech Resources, Inc.","FIXED","Y","00786","EXPIR","N","1965-01-01","2014-07-24","49.6","107","28.74187","-91.890378"
"B-PRD","2","21463","Maritech Resources, Inc.","FIXED","Y","00786","EXPIR","N","1965-01-01","2010-08-23","45.6","107","28.741869","-91.89069"
"A","1","22537","Maritech Resources, Inc.","FIXED","Y","G03977","TERMIN","N","1981-01-01","2009-03-18","28.2","35","29.359447","-92.423951"
"A","1","22714","Maritech Resources, Inc.","FIXED","Y","G03394","TERMIN","N","1983-01-01","2009-11-05","26.8","85","28.972049","-92.402346"
"F","1","23024","Maritech Resources, Inc.","FIXED","Y","G05431","TERMIN","N","1984-01-01","2012-03-27","28.2","153","28.550237","-92.194662"
"D","1","23331","Maritech Resources, Inc.","FIXED","Y","G02882","TERMIN","N","1988-01-01","2007-02-07","19.1","210","28.337231","-91.907573"
"1","1","24014","Maritech Resources, Inc.","CAIS","N","G11929","TERMIN","N","1991-01-01","2008-07-18","17.5","19","29.322901","-92.143644"
"A","1","24015","Maritech Resources, Inc.","FIXED","Y","G11929","TERMIN","N","1991-01-01","2009-05-30","18.4","13","29.3228","-92.157268"
"A","1","10133","Maritech Resources, Inc.","FIXED","Y","G02716","TERMIN","N","1979-01-01","2013-09-05","34.7","280","27.976278","-94.143948"
"A","1","10134","Maritech Resources, Inc.","FIXED","Y","G02416","TERMIN","N","1979-01-01","2012-05-27","33.4","229","28.15378","-93.668321"
"A","1","10456","Maritech Resources, Inc.","CAIS","N","G06113","TERMIN","N","1989-01-01","2006-12-18","18","73","28.714711","-95.265111"
"B","1","10474","Maritech Resources, Inc.","FIXED","N","G02416","TERMIN","N","1989-01-01","2001-10-04","12.8","228","28.160596","-93.645946"
"3","1","10496","Maritech Resources, Inc.","CAIS","N","G06113","TERMIN","N","1989-01-01","2006-12-05","17.9","70","28.716427","-95.279672"
"A","1","10518","Maritech Resources, Inc.","FIXED","Y","G09037","TERMIN","N","1993-01-01","2006-11-23","13.9","61","28.940954","-94.959868"
"A","1","10531","Maritech Resources, Inc.","FIXED","Y","G09012","TERMIN","N","1992-05-16","2011-10-25","19.4","81","28.605005","-95.379278"
"A","1","10537","Maritech Resources, Inc.","WP","N","G09017","RELINQ","N","1991-01-01","2011-09-28","20.7","90","28.54432","-95.381076"
"A","1","10543","Maritech Resources, Inc.","FIXED","Y","G07286","TERMIN","N","1991-01-01","2009-06-27","18.5","55","29.12359948","-94.50810646"
"A","1","21758","Maritech Resources, Inc.","FIXED","Y","G02436","TERMIN","N","1972-01-01","2012-11-08","40.9","235","28.159794","-93.290335"
"A","1","21991","Maritech Resources, Inc.","FIXED","Y","G02839","RELINQ","N","1976-01-01","2009-07-26","33.6","72","28.992951","-93.504063"
"A","1","22031","Maritech Resources, Inc.","FIXED","Y","G02560","TERMIN","N","1977-01-01","2010-09-24","33.7","337","28.003441","-93.294141"
"A","1","10308","Maritech Resources, Inc.","FIXED","Y","G04541","RELINQ","N","1984-01-01","2002-02-24","18.1","78","28.222479","-96.136577"
"1","1","10365","Maritech Resources, Inc.","CAIS","N","G08548","TERMIN","N","1990-01-01","2006-09-02","16.7","81","27.935688","-96.645774"
"B","1","10594","Maritech Resources, Inc.","WP","N","G09037","TERMIN","N","1994-01-23","2006-11-26","12.8","64","28.930842","-94.965264"
"A","1","24153","Maritech Resources, Inc.","FIXED","Y","G08756","TERMIN","N","1994-02-25","2003-07-05","9.4","155","29.52656766","-88.30334593"
"CAIS.#3","1","24173","Maritech Resources, Inc.","FIXED","N","G08756","TERMIN","N","1994-02-25","2003-07-12","9.4","155","29.53583863","-88.29610738"
"A","1","24090","Maritech Resources, Inc.","FIXED","Y","G12831","TERMIN","N","1994-11-18","2006-11-18","12","78","28.9425694","-92.87883897"
"A","1","27008","Maritech Resources, Inc.","FIXED","Y","G10638","PROD","S","1994-12-21","","","243","28.17909569","-92.6959886"
"A","1","24200","Maritech Resources, Inc.","FIXED","Y","G32223","RELINQ","N","1994-11-02","2012-11-26","18.1","245","28.25112468","-90.50492347"
"D","1","26092","Maritech Resources, Inc.","FIXED","Y","G07757","TERMIN","N","1994-12-05","2001-06-08","6.5","191","28.35405174","-91.14782023"
"B","1","24181","Maritech Resources, Inc.","CAIS","N","G12092","TERMIN","N","1994-09-09","2009-08-25","15","130","29.56384585","-88.59083312"
"A","1","28018","Maritech Resources, Inc.","FIXED","N","G10213","TERMIN","N","1995-05-23","2011-09-21","16.3","80","28.59167515","-95.32797877"
"A","1","28017","Maritech Resources, Inc.","FIXED","Y","G14193","TERMIN","N","1995-01-01","2013-02-02","18.1","243","27.98519289","-94.53718101"
"A","1","27034","Maritech Resources, Inc.","FIXED","Y","G12876","TERMIN","N","1995-08-31","2007-08-10","11.9","243","28.18831631","-92.19601624"
"PP","7","23270","Freeport-McMoRan Energy LLC","FIXED","Y","00025","RELINQ","N","1969-01-01","2002-08-25","33.6","55","29.129977","-89.989601"
"4-TWR","8","23270","Freeport-McMoRan Energy LLC","FIXED","N","00025","RELINQ","N","1969-01-01","2002-08-25","33.6","55","29.130032","-89.9896"
"2-PRD","9","23270","Freeport-McMoRan Energy LLC","WP","N","00025","RELINQ","N","1969-01-01","2002-08-25","33.6","55","29.129977","-89.989601"
"STRG","10","23270","Freeport-McMoRan Energy LLC","FIXED","N","00025","RELINQ","N","1987-01-01","2002-08-25","15.6","55","29.129977","-89.989601"
"BLEEDWATER","1","23271","Freeport-McMoRan Energy LLC","FIXED","Y","00025","RELINQ","N","1969-01-01","2002-08-25","33.6","50","29.13356","-89.988723"
"B","1","23872","Freeport-McMoRan Energy LLC","FIXED","Y","G12362","TERMIN","N","1991-01-01","","","209","29.268639","-88.75596"
"BW-CONTROL","1","23873","Freeport-McMoRan Energy LLC","FIXED","Y","G09372","TERMIN","N","1991-01-01","","","209","29.27927","-88.75804"
"QRT","5","23874","Freeport-McMoRan Energy LLC","FIXED","N","G09372","TERMIN","N","1991-01-01","2003-07-20","12.5","210","29.261496","-88.769273"
"PRD1RIG","1","23874","Freeport-McMoRan Energy LLC","FIXED","N","G09372","TERMIN","N","1991-01-01","","","210","29.265656","-88.758138"
"PRD2RIG","2","23874","Freeport-McMoRan Energy LLC","FIXED","N","G09372","TERMIN","N","1991-01-01","","","210","29.267543","-88.763203"
"PP","3","23874","Freeport-McMoRan Energy LLC","FIXED","Y","G09372","TERMIN","N","1991-01-01","2003-07-20","12.5","210","29.260851","-88.770328"
"STR","4","23874","Freeport-McMoRan Energy LLC","FIXED","N","G09372","TERMIN","N","1991-01-01","","","210","29.26073","-88.77481"
"FP","1","23876","Freeport-McMoRan Energy LLC","FIXED","Y","G12362","TERMIN","N","1991-01-01","","","209","29.264714","-88.772089"
"A","1","23896","Freeport-McMoRan Energy LLC","FIXED","Y","G12362","TERMIN","N","1991-01-01","","","212","29.263202","-88.759226"
"BS","1","24248","Freeport-McMoRan Energy LLC","WP","N","G09372","TERMIN","N","1992-01-01","2003-07-20","11.5","212","29.260961","-88.772154"
"BS","2","24248","Freeport-McMoRan Energy LLC","FIXED","N","G09372","TERMIN","N","1992-01-01","","","212","29.262356","-88.767815"
"BS-Y","3","24248","Freeport-McMoRan Energy LLC","WP","N","G09372","TERMIN","N","1991-01-01","2003-07-20","12.5","212","29.26326","-88.766229"
"BS","4","24248","Freeport-McMoRan Energy LLC","WP","N","G09372","TERMIN","N","1992-01-01","2003-07-20","11.5","212","29.264093","-88.764825"
"BS","5","24248","Freeport-McMoRan Energy LLC","WP","N","G09372","TERMIN","N","1992-01-01","2003-07-20","11.5","212","29.264908","-88.763443"
"BS","6","24248","Freeport-McMoRan Energy LLC","WP","N","G09372","TERMIN","N","1992-01-01","2003-07-20","11.5","212","29.265725","-88.76206"
"BS-Y","7","24248","Freeport-McMoRan Energy LLC","FIXED","N","G09372","TERMIN","N","1991-01-01","","","212","29.26651","-88.760735"
"BS","8","24248","Freeport-McMoRan Energy LLC","FIXED","N","G09372","TERMIN","N","1991-01-01","","","212","29.267495","-88.761852"
"BS","9","24248","Freeport-McMoRan Energy LLC","FIXED","N","G09372","TERMIN","N","1991-01-01","","","212","29.265649","-88.75949"
"A","1","23076","Fairways Offshore Exploration, Inc.","FIXED","Y","G05740","TERMIN","N","1984-01-01","2014-08-10","30.6","40","29.717963","-88.79659"
"B","2","23076","Fairways Offshore Exploration, Inc.","FIXED","Y","G05740","TERMIN","N","1994-01-01","2014-08-10","20.6","40","29.71744597","-88.79715781"
"A","1","23537","Fairways Offshore Exploration, Inc.","FIXED","Y","G05625","TERMIN","N","1987-01-01","2009-09-27","22.7","185","28.292371","-90.659309"
"D","1","23538","Fairways Offshore Exploration, Inc.","FIXED","N","G04460","TERMIN","N","1987-01-01","2018-09-29","31.7","63","28.761602","-90.674977"
"A","1","10057","Fairways Offshore Exploration, Inc.","FIXED","Y","G02694","TERMIN","N","1976-01-01","2005-03-12","29.2","193","28.131065","-94.390353"
"1","1","10099","Fairways Offshore Exploration, Inc.","WP","N","G02357","TERMIN","N","1977-01-01","1997-03-12","20.2","54","29.248024","-94.436159"
"9","1","10101","Fairways Offshore Exploration, Inc.","CAIS","N","G02357","TERMIN","N","1978-01-01","1997-03-14","19.2","54","29.242028","-94.431816"
"A-MOPU","1","10103","Fairways Offshore Exploration, Inc.","FIXED","Y","","","","1978-01-01","2020-08-12","42.6","54","29.2377908","-94.42312971"
"A-AUX-2","3","10103","Fairways Offshore Exploration, Inc.","FIXED","N","","","","1978-01-01","2020-08-20","42.6","54","29.237582","-94.42271"
"A-AUX-1","2","10103","Fairways Offshore Exploration, Inc.","FIXED","N","","","","1978-01-01","2020-08-19","42.6","54","29.238003","-94.422543"
"A","1","10453","Fairways Offshore Exploration, Inc.","FIXED","Y","","","","1988-01-01","2012-01-14","24","72","28.720403","-94.927656"
"B","1","10359","Fairways Offshore Exploration, Inc.","FIXED","Y","G05171","TERMIN","N","1990-01-01","2002-12-11","12.9","119","27.957384","-96.353791"
"A","1","28010","Fairways Offshore Exploration, Inc.","FIXED","N","","","","1994-10-24","2011-09-17","16.9","72","28.79178599","-94.78880196"
"A","1","803","Fairways Offshore Exploration, Inc.","FIXED","Y","G15299","TERMIN","N","2000-09-21","2018-11-25","18.2","184","28.31165938","-90.79155752"
"C","1","1756","Fairways Offshore Exploration, Inc.","WP","N","G22587","TERMIN","N","2006-03-13","2014-10-20","8.6","98","28.789224","-92.84155141"
"3","1","23373","Helis Oil & Gas Company, L.L.C.","CAIS","N","G02598","TERMIN","N","1990-01-01","2007-09-27","17.7","20","29.25011","-91.906026"
"A","1","28035","Helis Oil & Gas Company, L.L.C.","FIXED","Y","","","","1995-11-22","2009-05-25","13.5","94","28.60443583","-95.24243084"
"19","1","1566","Helis Oil & Gas Company, L.L.C.","CAIS","N","G01848","TERMIN","N","2004-09-12","2013-01-14","8.3","50","29.27412197","-93.79845001"
"3","1","1567","Helis Oil & Gas Company, L.L.C.","FIXED","N","G23857","RELINQ","N","2004-10-08","2008-06-13","3.7","13","29.24328356","-91.45996069"
"G","2","1567","Helis Oil & Gas Company, L.L.C.","FIXED","Y","G23857","RELINQ","N","2005-01-20","2008-06-15","3.4","13","29.24318749","-91.45978499"
"1","1","1608","Helis Oil & Gas Company, L.L.C.","CAIS","N","G23857","RELINQ","N","2004-12-06","2008-06-15","3.5","13","29.24898703","-91.45416708"
"3","1","1633","Helis Oil & Gas Company, L.L.C.","CAIS","N","G16107","TERMIN","N","2005-03-22","2010-06-13","5.2","30","29.67629534","-93.50866398"
"A","1","70028","Helis Oil & Gas Company, L.L.C.","CAIS","Y","G16435","RELINQ","N","1997-06-07","2004-06-04","7","150","28.41130444","-90.51927409"
"A","1","829","Helis Oil & Gas Company, L.L.C.","CAIS","N","G18921","TERMIN","N","2001-06-20","2009-05-17","7.9","91","28.58487441","-95.26896181"
"A","2","20643","Union Texas Petroleum Corporation","CAIS","N","G12352","TERMIN","N","1984-01-01","1995-01-16","11","45","29.147099","-92.528209"
"1","1","21692","Union Texas Petroleum Corporation","CAIS","N","00224","TERMIN","N","1960-01-01","1982-12-31","23","34","29.65322","-93.38764"
"F","1","22488","Anadarko Petroleum Corporation","FIXED","N","G04237","TERMIN","N","1981-01-01","2007-08-31","26.7","97","28.533082","-90.693386"
"C","1","23858","Anadarko Petroleum Corporation","FIXED","Y","G05224","TERMIN","N","1990-01-01","2001-07-10","11.5","186","28.385905","-90.301004"
"A","1","24128","Anadarko Petroleum Corporation","CAIS","N","G04001","TERMIN","N","1993-02-05","2000-10-10","7.7","110","28.534871","-90.520329"
"A","1","23040","Anadarko Petroleum Corporation","FIXED","Y","G04470","TERMIN","N","1985-01-01","1987-06-26","2.5","28","29.000883","-90.657568"
"A","1","22382","Anadarko Petroleum Corporation","FIXED","Y","G03975","TERMIN","N","1980-01-01","1992-09-06","12.7","62","29.198463","-92.837266"
"A-AUX","2","22382","Anadarko Petroleum Corporation","WP","N","G03975","TERMIN","N","1980-01-01","1992-09-06","12.7","62","29.199073","-92.837535"
"2","1","10043","Anadarko Petroleum Corporation","CAIS","N","G01848","TERMIN","N","1970-01-01","1997-01-18","27","40","29.252534","-93.778644"
"3","1","10044","Anadarko Petroleum Corporation","CAIS","N","G01848","TERMIN","N","1971-01-01","1977-12-31","7","50","29.263034","-93.785942"
"4","1","10045","Anadarko Petroleum Corporation","WP","N","G01848","TERMIN","N","1973-01-01","1997-01-18","24","40","29.271943","-93.791656"
"7","1","10174","Anadarko Petroleum Corporation","CAIS","N","G01848","TERMIN","N","1981-01-01","1997-03-03","16.2","50","29.265398","-93.805027"
"12","1","10427","Anadarko Petroleum Corporation","CAIS","N","G01848","TERMIN","N","1988-01-01","1997-01-20","9.1","50","29.235746","-93.777895"
"A","1","23209","Anadarko Petroleum Corporation","FIXED","Y","G05346","TERMIN","N","1985-01-01","2004-01-01","19","177","28.30943311","-92.9980001"
"B","2","23209","Anadarko Petroleum Corporation","FIXED","Y","G05346","TERMIN","N","1985-01-01","2004-01-01","19","177","28.31002322","-92.99786997"
"E","1","24197","Anadarko Petroleum Corporation","CAIS","N","G05613","TERMIN","N","1994-09-03","2001-04-07","6.6","165","28.45641782","-90.30148318"
"A (Holstein)","1","1035","Anadarko Petroleum Corporation","SPAR","Y","G11081","UNIT","S","2004-06-03","","","4340","27.32122996","-90.53546944"
"A (Marlin)","1","235","Anadarko Petroleum Corporation","TLP","Y","G06894","UNIT","S","1999-07-27","","","3236","29.10755646","-87.94362203"
"A (Nansen)","1","821","Anadarko Petroleum Corporation","SPAR","Y","G14205","TERMIN","N","2001-11-10","2026-01-15","24.2","3675","27.3671371","-94.46765355"
"A (Boomvang)","1","822","Anadarko Petroleum Corporation","SPAR","Y","G09184","UNIT","S","2002-04-28","","","3650","27.35356527","-94.62531327"
"A(Horn Mountain","1","876","Anadarko Petroleum Corporation","SPAR","Y","G19925","PROD","S","2002-06-29","","","5400","28.86601399","-88.05626441"
"A (Gunnison)","1","1288","Anadarko Petroleum Corporation","SPAR","Y","G17407","TERMIN","N","2003-12-09","","","3150","27.30383941","-93.53830635"
"A (Marco Polo)","1","1323","Anadarko Petroleum Corporation","TLP","Y","G18402","PROD","S","2004-01-24","","","4300","27.36212111","-90.18138623"
"A(Red Hawk Spar","1","1384","Anadarko Petroleum Corporation","SPAR","Y","G23338","EXPIR","N","2004-04-02","2014-09-20","10.5","5300","27.12105805","-91.95846083"
"A(Constitution)","1","1665","Anadarko Petroleum Corporation","SPAR","Y","G22987","PROD","S","2005-12-27","","","4970","27.29220815","-90.96802088"
"A(Independence)","1","1766","Anadarko Petroleum Corporation","SEMI","Y","","","","2007-06-11","2019-12-04","12.5","8000","28.08505618","-87.98583928"
"A (Lucius)","1","2576","Anadarko Petroleum Corporation","SPAR","N","G21444","UNIT","S","2014-03-17","","","7000","26.13196228","-92.04008253"
"A (Heidelberg)","1","2597","Anadarko Petroleum Corporation","SPAR","N","","","","2016-01-07","","","5300","27.11142926","-90.76396349"
"3","1","10008","Ivory Production Co.","WP","N","00709","TERMIN","N","1963-01-01","1985-12-31","23","68","28.8906747","-94.68607278"
"2","1","10022","Ivory Production Co.","WP","N","00714","TERMIN","N","1963-01-01","1984-12-31","22","68","28.865563","-94.707766"
"12","1","10033","Ivory Production Co.","WP","N","00714","TERMIN","N","1967-01-01","1984-12-31","18","68","28.847492","-94.693584"
"2","1","10051","Ivory Production Co.","WP","N","00709","TERMIN","N","1963-01-01","1986-12-31","24","68","28.881949","-94.692658"
"3","1","10053","Ivory Production Co.","WP","N","00714","TERMIN","N","1967-01-01","1984-12-31","18","68","28.851641","-94.708312"
"5","1","10054","Ivory Production Co.","WP","N","00714","TERMIN","N","1964-01-01","1975-12-31","12","68","28.851878","-94.724458"
"A","1","10010","Mitchell Energy Corporation","WP","N","00092","TERMIN","N","1958-01-01","1980-12-31","23","58","29.154549","-94.676011"
"C","2","10163","Mitchell Energy Corporation","WP","N","00092","TERMIN","N","1981-01-01","1999-06-01","18.4","60","29.143992","-94.680027"
"D","3","10163","Mitchell Energy Corporation","WP","N","00092","TERMIN","N","1970-01-01","1999-06-01","29.4","60","29.144138","-94.680021"
"B","1","10163","Mitchell Energy Corporation","FIXED","Y","00092","TERMIN","N","1981-01-01","1999-06-01","18.4","60","29.143992","-94.680027"
"A","1","10166","Mitchell Energy Corporation","FIXED","Y","00092","TERMIN","N","1980-01-01","1992-02-02","12.1","58","29.154547","-94.675964"
"A","1","23441","Vintage Petroleum, Inc.","FIXED","Y","G05697","TERMIN","N","1988-01-01","2000-11-03","12.8","78","29.413672","-88.720319"
"A","1","23443","Vintage Petroleum, Inc.","FIXED","Y","G04913","TERMIN","N","1988-01-01","2005-01-10","17","78","29.419936","-88.737218"
"D","1","20220","KIRBY EXPLORATION COMPANY OF TEXAS","FIXED","Y","G01107","RELINQ","N","1965-01-01","1992-01-20","27","280","28.734408","-89.73517"
"1","1","23412","Hall-Houston Oil Company","WP","N","G06804","TERMIN","N","1987-01-01","1992-12-08","5.9","35","29.6774245","-88.7476059"
"2","1","23618","Hall-Houston Oil Company","CAIS","N","G05365","TERMIN","N","1986-01-01","1993-01-05","7","77","29.087448","-92.863299"
"2","1","23622","Hall-Houston Oil Company","CAIS","N","G04103","TERMIN","N","1986-01-01","1992-10-31","6.8","20","29.294816","-92.282605"
"A","1","23623","Hall-Houston Oil Company","FIXED","Y","G04103","TERMIN","N","1986-01-01","1992-10-31","6.8","20","29.295887","-92.276786"
"1","2","23623","Hall-Houston Oil Company","CAIS","N","G04103","TERMIN","N","1986-01-01","1992-10-31","6.8","20","29.295892","-92.276796"
"A","1","10122","NCX Company, Inc.","FIXED","Y","G03485","TERMIN","N","1979-01-01","2001-12-11","22.9","185","28.355034","-93.856063"
"A-AUX","2","10122","NCX Company, Inc.","WP","N","G03485","TERMIN","N","1980-01-01","2001-12-11","21.9","185","28.355111","-93.856274"
"A","1","10485","NCX Company, Inc.","CAIS","N","G06227","TERMIN","N","1989-01-01","2000-04-28","11.3","166","28.244239","-94.333322"
"A","1","31032","NCX Company, Inc.","FIXED","Y","G13040","TERMIN","N","1996-11-05","2000-06-26","3.6","97","29.78561486","-88.563055"
"B","1","28009","NCX Company, Inc.","FIXED","N","G04591","TERMIN","N","1994-10-01","1994-10-27","0.1","168","28.36724436","-93.85467126"
"11","1","22367","Unocal Exploration Corporation","CAIS","N","G00935","TERMIN","N","1980-01-01","1990-12-09","10.9","35","29.266001","-92.708388"
"A","1","22373","Unocal Exploration Corporation","FIXED","Y","G03530","TERMIN","N","1980-01-01","1993-02-11","13.1","50","29.377241","-92.691054"
"A","2","22373","Unocal Exploration Corporation","CAIS","N","G03530","TERMIN","N","1982-01-01","1993-02-11","11.1","50","29.377145","-92.690726"
"1","1","22436","Unocal Exploration Corporation","CAIS","N","G02869","TERMIN","N","1980-01-01","1982-12-31","3","38","29.433737","-92.602095"
"4","1","23342","Unocal Exploration Corporation","CAIS","N","G03530","TERMIN","N","1989-01-01","1993-02-01","4.1","50","29.386121","-92.706884"
"A","1","20288","The Superior Oil Company","FIXED","Y","00248","TERMIN","N","1947-01-01","1982-12-31","36","20","29.29433486","-92.18871047"
"1","1","20289","The Superior Oil Company","FIXED","Y","00248","TERMIN","N","1961-01-01","1986-12-31","26","15","29.316233","-92.170143"
"9","1","20291","The Superior Oil Company","FIXED","Y","00248","TERMIN","N","1969-01-01","1985-12-31","17","14","29.32171","-92.171108"
"C","1","21717","The Superior Oil Company","WP","N","00467","EXPIR","N","1959-01-01","1976-12-31","18","40","29.406779","-93.406042"
"A","1","20689","CSX Oil & Gas Corporation","FIXED","Y","00795","TERMIN","N","1973-01-01","1979-12-31","7","25","29.076088","-91.485236"
"A","1","22112","CSX Oil & Gas Corporation","FIXED","Y","G01535","TERMIN","N","1978-01-01","1992-08-08","14.6","272","28.223545","-91.318931"
"A","1","10277","Tri-Union Development Corporation","FIXED","N","G06094","TERMIN","N","1985-01-01","2005-05-21","20.4","60","29.114258","-94.640588"
"A","1","10471","Tri-Union Development Corporation","FIXED","N","G08561","EXPIR","N","1989-01-01","2005-05-30","16.4","102","28.646576","-93.958624"
"A","1","10476","Tri-Union Development Corporation","WP","N","G20666","RELINQ","N","1989-01-01","2005-05-05","16.3","100","28.667795","-93.885656"
"A","1","10479","Tri-Union Development Corporation","WP","N","G07306","TERMIN","N","1989-01-01","2005-04-22","16.3","100","28.617039","-93.983716"
"A","1","10482","Tri-Union Development Corporation","CAIS","N","G08562","TERMIN","N","1989-01-01","2005-05-10","16.4","100","28.656044","-93.9073"
"A","1","10526","Tri-Union Development Corporation","FIXED","Y","G11274","TERMIN","N","1990-01-01","2001-09-18","11.7","75","28.43541934","-95.7995224"
"A(RUE)","1","10527","Tri-Union Development Corporation","FIXED","N","G08154","TERMIN","N","1991-01-01","2005-05-20","14.4","60","28.994125","-94.438637"
"2","1","10529","Tri-Union Development Corporation","CAIS","N","G11274","TERMIN","N","1990-01-01","2001-09-13","11.7","75","28.46220425","-95.80611494"
"A","1","10229","Freeport-McMoRan Oil & Gas Company","FIXED","Y","G02728","TERMIN","N","1980-01-01","1992-01-17","12","187","28.347199","-93.631149"
"A-PIG","1","10481","WFS - Offshore Gathering Company","FIXED","Y","G12370","","","1989-01-01","2002-12-13","13.9","89","28.827376","-94.239025"
"AP","1","10522","WFS - Offshore Gathering Company","FIXED","N","","","","1990-01-01","2009-08-24","19.6","51","29.22011","-94.315355"
"6","1","10017","Blue Dolphin Exploration Company","WP","N","00714","TERMIN","N","1964-01-01","1994-06-10","30.4","68","28.857557","-94.694335"
"1","1","10018","Blue Dolphin Exploration Company","WP","N","00713","TERMIN","N","1963-01-01","1986-12-31","24","68","28.87194","-94.682712"
"10","1","10019","Blue Dolphin Exploration Company","WP","N","00709","TERMIN","N","1966-01-01","1994-06-14","28.4","68","28.891651","-94.691814"
"5","1","10020","Blue Dolphin Exploration Company","WP","N","00709","TERMIN","N","1964-01-01","1994-06-12","30.4","68","28.900054","-94.687831"
"4","1","10021","Blue Dolphin Exploration Company","WP","N","00709","TERMIN","N","1966-01-01","1994-06-09","28.4","68","28.891337","-94.698516"
"1","1","10032","Blue Dolphin Exploration Company","WP","N","00714","TERMIN","N","1964-01-01","1994-06-12","30.4","68","28.871207","-94.697078"
"8","1","10034","Blue Dolphin Exploration Company","WP","N","00709","TERMIN","N","1964-01-01","1994-06-12","30.4","68","28.898608","-94.698168"
"A","1","10035","Blue Dolphin Exploration Company","FIXED","Y","00709","TERMIN","N","1965-01-01","2003-08-12","38.6","68","28.890892","-94.694795"
"A-QRT","2","10035","Blue Dolphin Exploration Company","FIXED","N","00709","TERMIN","N","1965-01-01","2003-08-12","38.6","68","28.890902","-94.695107"
"B","1","10036","Blue Dolphin Exploration Company","FIXED","Y","00714","TERMIN","N","1963-01-01","2003-08-24","40.6","68","28.867102","-94.697728"
"B-QRT","2","10036","Blue Dolphin Exploration Company","FIXED","N","00714","TERMIN","N","1963-01-01","2003-08-22","40.6","68","28.867112","-94.698041"
"18","1","10052","Blue Dolphin Exploration Company","WP","N","00709","TERMIN","N","1967-01-01","1999-06-03","32.4","68","28.878176","-94.697193"
"AJ","1","10125","McMoRan Offshore Production Co.","WP","N","G02347","TERMIN","N","1979-01-01","1985-12-31","7","188","28.146491","-94.649986"
"A","1","22091","The Houston Exploration Company","FIXED","Y","G02598","TERMIN","N","1978-01-01","2011-08-17","33.6","23","29.243205","-91.896571"
"A","1","23035","The Houston Exploration Company","FIXED","Y","G05377","TERMIN","N","1984-01-01","2001-03-06","17.2","95","28.819245","-92.736523"
"A","1","23316","The Houston Exploration Company","FIXED","Y","G05197","RELINQ","N","1988-01-01","1992-09-05","4.7","32","29.0972408","-91.88475849"
"A","1","23388","The Houston Exploration Company","FIXED","N","G07727","TERMIN","N","1990-01-01","1999-09-13","9.7","22","29.248274","-91.838696"
"A","1","23652","The Houston Exploration Company","FIXED","Y","G05022","TERMIN","N","1987-01-01","1998-07-14","11.5","47","29.45325","-92.89146"
"A","1","10566","The Houston Exploration Company","FIXED","Y","G12501","TERMIN","N","1992-09-27","1999-10-27","7.1","68","28.870873","-94.769442"
"C","1","28031","Maritech Resources, Inc.","FIXED","N","G02416","TERMIN","N","1995-12-29","2008-06-01","12.4","220","28.17913924","-93.65920541"
"A","1","29041","Maritech Resources, Inc.","FIXED","Y","G23674","","","1996-05-03","2007-08-27","11.3","187","28.35416102","-93.3920453"
"3","1","90005","Maritech Resources, Inc.","CAIS","N","G11929","TERMIN","N","1996-07-08","2008-07-18","12","17","29.320185","-92.13323"
"A","1","24265","Maritech Resources, Inc.","FIXED","Y","G12096","TERMIN","N","1996-06-12","2012-07-08","16.1","269","29.39231503","-87.95615262"
"A","1","29038","Maritech Resources, Inc.","FIXED","Y","G14590","RELINQ","N","1997-03-13","2009-08-11","12.4","34","29.5069209","-93.6662629"
"#1","1","50005","Maritech Resources, Inc.","FIXED","N","G03496","RELINQ","N","1997-01-18","2007-10-31","10.8","56","29.26762377","-93.35932006"
"CAIS.#1","1","33036","Maritech Resources, Inc.","CAIS","N","G02857","TERMIN","N","1996-08-05","2005-04-14","8.7","45","29.47800684","-92.78259055"
"F","1","31","Maritech Resources, Inc.","FIXED","Y","00786","EXPIR","N","1997-10-06","2013-06-09","15.7","100","28.75324847","-91.92051013"
"A","1","92","Maritech Resources, Inc.","CAIS","N","G03496","RELINQ","N","1998-01-27","2007-11-04","9.8","53","29.25553965","-93.36596066"
"A","1","126","Maritech Resources, Inc.","FIXED","Y","G16202","TERMIN","N","1998-01-01","2008-07-09","10.5","171","28.39140209","-93.1987503"
"A(FMR CAIS.#1)","1","164","Maritech Resources, Inc.","FIXED","N","G17986","RELINQ","N","1998-05-22","2004-08-22","6.3","105","28.61294795","-91.43379235"
"B","1","234","Maritech Resources, Inc.","FIXED","Y","G15387","TERMIN","N","1998-12-10","2012-06-11","13.5","319","29.3573691","-87.97859158"
"A","1","396","Maritech Resources, Inc.","FIXED","Y","G13968","TERMIN","N","1999-06-13","2011-04-25","11.9","95","29.62449449","-88.57295814"
"#7","1","452","Maritech Resources, Inc.","CAIS","N","G02562","TERMIN","N","1999-12-25","2004-11-11","4.9","42","29.46427278","-92.64179111"
"A","1","624","Maritech Resources, Inc.","FIXED","N","G15102","TERMIN","N","2000-05-15","2007-09-17","7.3","173","28.40323625","-93.31678168"
"B","1","736","Maritech Resources, Inc.","FIXED","N","G00958","TERMIN","N","2000-08-21","2007-08-08","7","100","28.77348344","-92.81371967"
"CAIS.#11","1","967","Maritech Resources, Inc.","CAIS","N","00054","TERMIN","N","2001-09-10","2009-01-06","7.3","50","28.96471449","-91.6420568"
"A CAISSON #1","1","1351","Maritech Resources, Inc.","CAIS","N","G21720","TERMIN","N","2003-09-22","2007-09-15","4","131","29.78427928","-87.83200744"
"7","1","20810","Devon Energy Production Company, L.P.","CAIS","N","00049","TERMIN","N","1962-01-01","2009-04-11","47.3","37","28.982547","-91.491781"
"3","1","20828","Devon Energy Production Company, L.P.","CAIS","N","00050","TERMIN","N","1966-01-01","2008-04-28","42.3","36","28.979839","-91.452844"
"4","1","20832","Devon Energy Production Company, L.P.","WP","N","00051","TERMIN","N","1972-01-01","2009-10-12","37.8","40","28.961951","-91.467236"
"B","1","20888","Devon Energy Production Company, L.P.","FIXED","Y","00078","TERMIN","N","1949-01-01","2007-12-13","58.9","17","29.236865","-91.684347"
"B-GEN","2","20888","Devon Energy Production Company, L.P.","FIXED","Y","00078","TERMIN","N","1949-01-01","2007-12-13","58.9","17","29.236864","-91.68466"
"B-HEL","3","20888","Devon Energy Production Company, L.P.","FIXED","N","00078","TERMIN","N","1951-01-01","2007-12-13","56.9","17","29.236865","-91.684033"
"C/TOPPLED","1","21031","Devon Energy Production Company, L.P.","FIXED","Y","G02115","PROD","S","1972-01-01","2012-07-13","40.5","254","28.226535","-91.684597"
"S/TOPPLED PLATF","2","21031","Devon Energy Production Company, L.P.","FIXED","Y","G02115","PROD","S","1972-01-01","2008-11-08","36.9","254","28.226536","-91.684287"
"1","1","21512","Devon Energy Production Company, L.P.","CAIS","N","00078","TERMIN","N","1961-01-01","2007-01-20","46.1","20","29.24747","-91.700746"
"2","1","21513","Devon Energy Production Company, L.P.","CAIS","N","00078","TERMIN","N","1961-01-01","2007-03-20","46.2","21","29.246637","-91.703565"
"4","1","21514","Devon Energy Production Company, L.P.","CAIS","N","00078","TERMIN","N","1963-01-01","2007-01-27","44.1","22","29.247954","-91.695025"
"A-TOPPLED","1","21579","Devon Energy Production Company, L.P.","FIXED","Y","G02115","PROD","S","1971-01-01","2011-05-21","40.4","244","28.23845","-91.69642"
"D","1","20627","Devon Energy Production Company, L.P.","FIXED","Y","00778","TERMIN","N","1963-01-01","2002-01-17","39","83","28.859223","-91.889705"
"D-PRD","2","20627","Devon Energy Production Company, L.P.","FIXED","Y","00778","TERMIN","N","1972-01-01","2002-01-17","30","83","28.859222","-91.890017"
"4","1","20712","Devon Energy Production Company, L.P.","CAIS","N","G01192","PROD","S","1964-01-01","1985-12-31","22","102","28.796643","-92.075178"
"CA","1","22068","Devon Energy Production Company, L.P.","FIXED","N","G02890","TERMIN","N","1977-01-01","2003-11-06","26.8","25","29.177168","-91.94856"
"A","2","22068","Devon Energy Production Company, L.P.","FIXED","Y","G02890","TERMIN","N","1979-01-01","2003-11-11","24.9","25","29.176573","-91.948647"
"12","1","23140","Devon Energy Production Company, L.P.","CAIS","N","G01192","PROD","S","1985-01-01","2003-02-09","18.1","97","28.774749","-92.08555"
"1","1","23292","Devon Energy Production Company, L.P.","CAIS","N","G04112","TERMIN","N","1987-01-01","2002-05-31","15.4","25","29.196812","-91.965027"
"5","1","23306","Devon Energy Production Company, L.P.","WP","N","00786","EXPIR","N","1987-01-01","2003-02-23","16.1","100","28.75753","-91.893085"
"1","1","20497","Devon Energy Production Company, L.P.","WP","N","00758","TERMIN","N","1960-01-01","2004-08-26","44.7","48","29.37068","-93.562048"
"12","1","20760","Devon Energy Production Company, L.P.","CAIS","N","00680","PROD","S","1968-01-01","2001-07-25","33.6","26","29.701772","-93.576686"
"7","1","20807","Devon Energy Production Company, L.P.","CAIS","N","00680","PROD","S","1960-01-01","2002-12-28","43","28","29.69161","-93.577438"
"4","1","20876","Devon Energy Production Company, L.P.","CAIS","N","00680","PROD","S","1960-01-01","2004-08-22","44.6","28","29.691144","-93.605601"
"6","1","20880","Devon Energy Production Company, L.P.","CAIS","N","00680","PROD","S","1960-01-01","2004-08-23","44.6","28","29.691639","-93.584098"
"1","1","20882","Devon Energy Production Company, L.P.","CAIS","N","00680","PROD","S","1959-01-01","2002-12-30","44","28","29.690577","-93.605951"
"11","1","20938","Devon Energy Production Company, L.P.","CAIS","N","00680","PROD","S","1968-01-01","2001-07-23","33.6","26","29.699716","-93.592297"
"3","1","953","Offshore Shelf LLC","CAIS","N","G19785","TERMIN","N","2001-05-23","2008-07-25","7.2","23","29.25372628","-91.73090605"
"A","1","1041","Offshore Shelf LLC","FIXED","Y","G18948","TERMIN","N","2002-06-02","2009-08-30","7.2","42","29.35018165","-93.81478467"
"B","1","1291","Offshore Shelf LLC","FIXED","N","G24366","EXPIR","N","2003-07-29","2009-08-20","6.1","86","28.72628754","-94.843131"
"A","1","22727","TDC Energy LLC","FIXED","Y","G04424","TERMIN","N","1982-01-01","2008-06-30","26.5","111","28.704697","-92.600393"
"A","1","23587","Rooster Petroleum, LLC","FIXED","Y","G05479","TERMIN","N","1989-01-01","2018-10-03","29.8","16","29.300218","-91.71755"
"4","1","23940","Rooster Petroleum, LLC","CAIS","N","G05479","TERMIN","N","1991-01-01","2015-10-08","24.8","15","29.301669","-91.715061"
"A","1","24028","Rooster Petroleum, LLC","WP","Y","G07684","TERMIN","N","1991-01-01","2012-03-29","21.2","90","28.847234","-92.309432"
"JA","1","10196","Rooster Petroleum, LLC","FIXED","Y","G03738","TERMIN","N","1981-01-01","2016-11-24","35.9","40","29.054005","-94.752672"
"B","2","10213","Rooster Petroleum, LLC","FIXED","N","G03244","TERMIN","N","1982-01-01","2019-10-09","37.8","190","28.228459","-93.937064"
"A","1","10213","Rooster Petroleum, LLC","FIXED","Y","G03244","TERMIN","N","1982-01-01","2019-09-09","37.7","190","28.228459","-93.937064"
"A","1","10361","Rooster Petroleum, LLC","FIXED","Y","G08101","TERMIN","N","1990-01-01","2010-03-04","20.2","76","28.196486","-96.324176"
"1","1","24178","Rooster Petroleum, LLC","CAIS","N","G10825","TERMIN","N","1994-04-15","2015-10-30","21.5","62","28.674562","-90.745327"
"A","1","29019","Rooster Petroleum, LLC","FIXED","Y","G10549","TERMIN","N","1994-11-20","2010-03-03","15.3","48","29.41238915","-93.5757563"
"2","1","24195","Rooster Petroleum, LLC","CAIS","N","G10825","TERMIN","N","1994-08-08","2011-08-13","17","57","28.67459703","-90.70525372"
"2","1","24196","Rooster Petroleum, LLC","CAIS","N","G10828","TERMIN","N","1994-07-23","2015-11-13","21.3","57","28.66152686","-90.73129623"
"A","1","24204","Rooster Petroleum, LLC","FIXED","Y","G10828","TERMIN","N","1994-11-25","2015-10-15","20.9","62","28.66861458","-90.71063131"
"A(SEAHORSE)","1","32028","Rooster Petroleum, LLC","FIXED","Y","G14364","TERMIN","N","1996-08-01","2015-10-07","19.2","81","29.05687818","-92.66864378"
"C","1","375","Rooster Petroleum, LLC","CAIS","N","G03244","TERMIN","N","1999-01-16","2019-10-03","20.7","142","28.20784421","-93.95283923"
"A","1","594","Rooster Petroleum, LLC","FIXED","N","G14864","TERMIN","N","1999-10-26","2018-09-24","18.9","45","29.26327762","-94.41505569"
"A","1","794","Rooster Petroleum, LLC","FIXED","Y","G14428","TERMIN","N","2000-09-01","2021-09-20","21.1","302","28.09853873","-92.23400012"
"B","1","1231","Rooster Petroleum, LLC","CAIS","N","G18936","TERMIN","N","2003-05-17","2016-12-24","13.6","39","29.30005219","-94.00879865"
"Caisson No.6","1","2384","Rooster Petroleum, LLC","CAIS","N","G05479","TERMIN","N","2010-10-03","2018-09-27","8","16","29.29757497","-91.72879265"
"A","1","2445","Rooster Petroleum, LLC","FIXED","N","G27949","TERMIN","N","2011-10-26","2019-04-21","7.5","154","28.76990525","-89.97220342"
"B","1","2128","Hall-Houston Exploration II, L.P.","FIXED","Y","G15740","TERMIN","N","2008-02-08","2013-09-04","5.6","54","29.22577946","-94.61690335"
"C","1","22923","Hess Corporation","WP","N","G04492","RELINQ","N","1983-01-01","1997-08-07","14.6","27","29.442368","-89.042631"
"A","1","22958","Hess Corporation","FIXED","Y","G04491","TERMIN","N","1984-01-01","1996-09-09","12.7","17","29.433341","-89.065553"
"B","2","22958","Hess Corporation","WP","N","G04491","TERMIN","N","1984-01-01","1997-08-07","13.6","17","29.433578","-89.065272"
"A","1","23860","Hess Corporation","FIXED","Y","G04918","TERMIN","N","1990-01-01","1999-09-27","9.7","216","29.294137","-88.539497"
"D","1","23885","Hess Corporation","WP","N","G07775","TERMIN","N","1991-01-01","1994-09-12","3.7","165","28.406909","-90.372813"
"A","1","24125","Hess Corporation","CAIS","N","G12087","TERMIN","N","1992-01-01","1997-05-05","5.3","56","29.531115","-88.714699"
"8","1","22055","Hess Corporation","CAIS","N","G02601","TERMIN","N","1977-01-01","1989-10-22","12.8","10","29.23475","-91.382703"
"1","1","22521","Hess Corporation","CAIS","N","G02892","TERMIN","N","1980-01-01","1996-09-14","16.7","10","29.377253","-91.789243"
"3","1","22591","Hess Corporation","CAIS","N","G02892","TERMIN","N","1981-01-01","1996-08-23","15.6","10","29.372953","-91.800708"
"4","1","22640","Hess Corporation","CAIS","N","G02892","TERMIN","N","1982-01-01","1996-08-17","14.6","9","29.369837","-91.787508"
"A","1","22700","Hess Corporation","FIXED","Y","G02892","TERMIN","N","1982-01-01","1996-09-13","14.7","13","29.370701","-91.792874"
"B-QTR","2","22700","Hess Corporation","FIXED","N","G02892","TERMIN","N","1982-01-01","1996-09-13","14.7","13","29.370231","-91.792649"
"A2","3","22700","Hess Corporation","CAIS","N","G02892","TERMIN","N","1982-01-01","1996-08-21","14.6","13","29.370956","-91.792998"
"A (REMOVED)","1","22116","Hess Corporation","FIXED","Y","G03400","TERMIN","N","1978-01-01","1997-09-12","19.7","200","28.325795","-92.20908"
"B(Removed)","1","22154","Hess Corporation","FIXED","Y","G03400","TERMIN","N","1978-01-01","1997-10-01","19.7","200","28.331368","-92.2343"
"10","3","22243","Hess Corporation","CAIS","N","G03546","TERMIN","N","1996-02-19","2002-12-16","6.8","34","29.35362094","-92.44952024"
"A","1","22243","Hess Corporation","CAIS","N","G03546","TERMIN","N","1979-01-01","2002-10-23","23.8","34","29.353779","-92.449707"
"A-AUX","2","22243","Hess Corporation","FIXED","Y","G03546","TERMIN","N","1979-01-01","2002-12-16","24","34","29.353642","-92.449577"
"3","1","22244","Hess Corporation","CAIS","N","G03546","TERMIN","N","1979-01-01","2002-12-15","24","34","29.359106","-92.449644"
"9","2","22244","Hess Corporation","CAIS","N","G03546","TERMIN","N","1984-01-01","2002-12-15","19","34","29.359047","-92.449813"
"2","1","22245","Hess Corporation","CAIS","N","G03546","TERMIN","N","1979-01-01","2002-10-21","23.8","34","29.335647","-92.467561"
"4","1","22261","Hess Corporation","CAIS","N","G03546","TERMIN","N","1979-01-01","2002-10-25","23.8","34","29.334927","-92.444803"
"5","2","22261","Hess Corporation","CAIS","N","G03546","TERMIN","N","1982-01-01","2002-12-16","21","34","29.334927","-92.444806"
"7","1","22607","Hess Corporation","CAIS","N","G03546","TERMIN","N","1982-01-01","2002-12-17","21","33","29.350793","-92.4618"
"B","1","22623","Hess Corporation","WP","N","G03546","TERMIN","N","1982-01-01","2002-10-22","20.8","33","29.338947","-92.483662"
"B","1","24001","Hess Corporation","WP","N","G13586","TERMIN","N","1991-01-01","2002-04-29","11.3","95","28.799287","-92.881737"
"A-AUX","2","23633","Hall-Houston Oil Company","WP","N","G07647","TERMIN","N","1986-01-01","1993-01-17","7","77","29.085355","-92.870769"
"A","1","23633","Hall-Houston Oil Company","FIXED","Y","G07647","TERMIN","N","1986-01-01","1993-12-31","8","77","29.08508","-92.870765"
"2","1","23640","Hall-Houston Oil Company","CAIS","N","G07647","TERMIN","N","1987-01-01","1993-01-09","6","75","29.101627","-92.893071"
"1","1","23648","Hall-Houston Oil Company","CAIS","N","G05423","TERMIN","N","1987-01-01","1994-02-19","7.1","126","28.693391","-92.366639"
"A","1","10149","Hall-Houston Oil Company","FIXED","Y","G02702","TERMIN","N","1980-01-01","1993-04-23","13.3","230","28.047617","-94.152064"
"A","1","10403","Hall-Houston Oil Company","FIXED","Y","G08140","TERMIN","N","1986-01-01","1992-09-12","6.7","150","28.286511","-94.704865"
"A","1","10404","Hall-Houston Oil Company","FIXED","Y","G04727","TERMIN","N","1986-01-01","1992-10-20","6.8","161","28.255839","-94.646339"
"A","1","10407","Hall-Houston Oil Company","WP","N","G08139","EXPIR","N","1987-01-01","1992-09-22","5.7","149","28.317658","-94.704798"
"1","1","10409","Hall-Houston Oil Company","CAIS","N","G07257","TERMIN","N","1987-01-01","1990-01-25","3.1","147","28.336024","-94.647197"
"2","1","10410","Hall-Houston Oil Company","CAIS","N","G08140","TERMIN","N","1987-01-01","1992-09-11","5.7","151","28.293599","-94.692383"
"2","1","10414","Hall-Houston Oil Company","CAIS","N","G06177","TERMIN","N","1987-01-01","1993-12-31","7","73","29.03545","-93.946998"
"3","1","10415","Hall-Houston Oil Company","CAIS","N","G06177","TERMIN","N","1987-01-01","1993-12-31","7","73","29.035467","-93.947019"
"2","1","10419","Hall-Houston Oil Company","CAIS","N","G06206","TERMIN","N","1987-01-01","1992-12-06","5.9","65","29.064769","-93.825107"
"A(REMOVED)","1","10421","Hall-Houston Oil Company","FIXED","Y","G06203","TERMIN","N","1987-01-01","1997-05-14","10.4","60","29.107267","-93.824551"
"4","1","10444","Hall-Houston Oil Company","CAIS","N","G06202","TERMIN","N","1988-01-01","1992-11-18","4.9","60","29.138074","-93.836446"
"3","1","10454","Hall-Houston Oil Company","CAIS","N","G06203","TERMIN","N","1988-01-01","1992-12-02","4.9","61","29.142766","-93.820948"
"A","1","23643","Hall-Houston Oil Company","FIXED","Y","G04765","TERMIN","N","1987-01-01","1992-12-12","5.9","55","29.193079","-93.647289"
"1","1","23719","Hall-Houston Oil Company","CAIS","N","G10541","RELINQ","N","1989-01-01","1992-11-12","3.9","34","29.648371","-93.529698"
"2","1","23720","Hall-Houston Oil Company","CAIS","N","G10541","RELINQ","N","1989-01-01","1992-11-12","3.9","34","29.646138","-93.52968"
"A","1","10322","Hall-Houston Oil Company","FIXED","Y","G05993","TERMIN","N","1988-01-01","1992-08-29","4.7","128","27.623624","-96.739179"
"A","1","10333","Hall-Houston Oil Company","FIXED","Y","G05986","TERMIN","N","1989-01-01","1993-03-11","4.2","125","27.741709","-96.645877"
"1","1","29010","Hall-Houston Oil Company","CAIS","N","G10576","TERMIN","N","1994-05-09","1998-01-29","3.7","73","29.037955","-93.55415"
"1","1","29014","Hall-Houston Oil Company","CAIS","N","G14329","RELINQ","N","1994-08-28","1998-02-07","3.4","75","28.941808","-93.579138"
"1","1","10548","Hall-Houston Oil Company","CAIS","N","G12545","EXPIR","N","1991-01-01","1997-03-21","6.2","56","29.01062834","-94.3892115"
"A","1","26093","Hall-Houston Oil Company","CAIS","N","G12947","TERMIN","N","1994-01-01","1999-07-24","5.6","60","28.6319179","-90.94253212"
"1(Removed)","1","23688","Cockrell Oil Corporation","CAIS","N","G06618","TERMIN","N","1988-01-01","1996-12-30","9","67","29.151953","-92.918923"
"A","1","10523","Cockrell Oil Corporation","FIXED","Y","G10245","TERMIN","N","1990-01-01","1996-09-16","6.7","70","28.893187","-94.570092"
"4","1","26055","Cockrell Oil Corporation","CAIS","N","G03560","TERMIN","N","1993-10-12","1997-09-13","3.9","10","29.319212","-91.517327"
"1","1","24086","Cockrell Oil Corporation","CAIS","N","G10628","TERMIN","N","1994-05-14","2000-05-29","6","110","28.742673","-92.624001"
"1","1","27006","Cockrell Oil Corporation","CAIS","N","G11838","TERMIN","N","1994-10-06","1999-06-23","4.7","106","28.742741","-92.65011"
"A","1","24091","Cockrell Oil Corporation","FIXED","Y","G09457","RELINQ","N","1994-01-01","1999-07-02","5.5","104","28.79589185","-92.62883336"
"1","1","27016","Cockrell Oil Corporation","CAIS","N","G14409","RELINQ","N","1994-12-22","1999-06-25","4.5","107","28.74907036","-92.58821288"
"A","1","22124","TXP Operating Company","FIXED","Y","G03299","TERMIN","N","1978-01-01","1989-02-06","11.1","161","28.457793","-92.98594"
"A","1","10114","TXP Operating Company","FIXED","Y","G03243","TERMIN","N","1978-01-01","1990-01-25","12.1","195","28.22415","-94.055746"
"A","1","10137","BHP Petroleum Company Inc.","FIXED","Y","G02342","TERMIN","N","1979-01-01","1991-08-10","12.6","179","28.207903","-94.690589"
"A","1","10183","BHP Petroleum Company Inc.","FIXED","Y","G03755","TERMIN","N","1981-01-01","1989-08-05","8.6","180","28.178623","-94.558583"
"A","1","20374","Texaco Exploration and Production Inc.","FIXED","Y","G01606","TERMIN","N","1970-01-01","2002-04-20","32.3","280","28.866098","-89.260893"
"A-PRD","1","21846","Texaco Exploration and Production Inc.","FIXED","Y","G02608","TERMIN","N","1975-01-01","2000-07-15","25.5","236","28.257556","-91.759236"
"A-QTR","2","21846","Texaco Exploration and Production Inc.","FIXED","N","G02608","TERMIN","N","1977-01-01","2000-07-15","23.5","236","28.257968","-91.759238"
"C","1","23954","Texaco Exploration and Production Inc.","FIXED","Y","G02608","TERMIN","N","1991-09-06","2006-12-18","15.3","230","28.286946","-91.794463"
"2","1","22351","Texaco Exploration and Production Inc.","CAIS","N","G02868","RELINQ","N","1979-01-01","1997-01-20","18.1","12","29.433279","-92.162312"
"A","1","22549","Texaco Exploration and Production Inc.","FIXED","Y","G03983","TERMIN","N","1981-01-01","1988-04-14","7.3","155","28.514657","-92.501956"
"5","1","22718","Texaco Exploration and Production Inc.","CAIS","N","G02868","RELINQ","N","1983-01-01","1999-11-18","16.9","14","29.44666","-92.198665"
"4","1","22730","Texaco Exploration and Production Inc.","CAIS","N","G02868","RELINQ","N","1983-01-01","1999-11-19","16.9","14","29.452953","-92.182587"
"12","1","22924","Texaco Exploration and Production Inc.","CAIS","N","G02868","RELINQ","N","1984-01-01","1997-10-19","13.8","14","29.447608","-92.179837"
"11","1","22930","Texaco Exploration and Production Inc.","CAIS","N","G02868","RELINQ","N","1984-01-01","1997-01-01","13","17","29.441954","-92.182271"
"16","1","22960","Texaco Exploration and Production Inc.","CAIS","N","G02868","RELINQ","N","1984-01-01","1997-01-20","13.1","17","29.433505","-92.17473"
"A","1","10349","The Houston Exploration Company","FIXED","Y","G08998","TERMIN","N","1989-01-01","2000-09-16","11.7","123","28.015232","-96.253654"
"6","1","26066","The Houston Exploration Company","CAIS","N","G07727","TERMIN","N","1994-01-24","1999-09-13","5.6","23","29.243956","-91.822188"
"A","1","27002","The Houston Exploration Company","FIXED","Y","G12871","TERMIN","N","1994-10-18","2004-04-15","9.5","107","28.7531381","-92.55112495"
"A","1","30001","The Houston Exploration Company","FIXED","Y","G11214","TERMIN","N","1995-12-14","2000-08-21","4.7","136","27.75867874","-96.57193909"
"B","1","28037","The Houston Exploration Company","CAIS","N","G12501","TERMIN","N","1996-01-09","1999-11-08","3.8","68","28.87308156","-94.76593995"
"A","1","30004","The Houston Exploration Company","WP","N","G14105","TERMIN","N","1996-11-14","2004-03-21","7.3","180","27.56833426","-96.63340516"
"B","1","29","The Houston Exploration Company","WP","N","G05377","TERMIN","N","1997-10-10","2001-02-07","3.3","95","28.83190031","-92.76028878"
"A","1","173","The Houston Exploration Company","FIXED","N","G17119","TERMIN","N","1998-05-28","2004-04-02","5.8","52","29.26570662","-94.52426844"
"2","1","844","The Houston Exploration Company","CAIS","N","G16239","TERMIN","N","2001-02-19","2007-07-07","6.4","90","29.01770159","-92.7573616"
"1","1","23604","Wood Energy Corporation","CAIS","N","G04750","TERMIN","N","1984-01-01","2001-06-16","17.5","40","29.550464","-93.473149"
"2","1","23605","Wood Energy Corporation","FIXED","Y","G04750","TERMIN","N","1986-01-01","2001-06-10","15.4","40","29.554873","-93.459433"
"3","1","23484","Signal Oil & Gas Company","CAIS","N","G05050","TERMIN","N","1986-01-01","2013-08-08","27.6","30","29.060285","-89.472419"
"4","1","23485","Signal Oil & Gas Company","CAIS","N","G05050","TERMIN","N","1986-01-01","2013-08-09","27.6","30","29.061505","-89.476957"
"A","1","23353","Poseidon Oil Pipeline Company, L.L.C.","FIXED","Y","","","","1989-01-01","","","457","27.959061","-91.909758"
"A","1","20534","Pennzoil Exploration and Production Company","FIXED","Y","G02045","TERMIN","N","1971-01-01","1994-08-22","23.6","170","28.462043","-92.664111"
"A","1","21648","Pennzoil Exploration and Production Company","FIXED","Y","00419","TERMIN","N","1955-01-01","1992-11-24","37.9","54","28.71638","-91.243408"
"7","1","23920","Pennzoil Exploration and Production Company","CAIS","N","00589","TERMIN","N","1990-01-01","1995-07-22","5.6","98","28.61997761","-91.30361232"
"B","1","20624","Pennzoil Exploration and Production Company","FIXED","Y","00778","TERMIN","N","1961-01-01","1994-12-03","33.9","79","28.865801","-91.891599"
"B-PRD","2","20624","Pennzoil Exploration and Production Company","FIXED","Y","00778","TERMIN","N","1961-01-01","1994-12-03","33.9","79","28.8658","-91.891912"
"E","1","21436","Pennzoil Exploration and Production Company","FIXED","Y","00778","TERMIN","N","1964-01-01","1994-01-23","30.1","84","28.859718","-91.903023"
"A","1","21437","Pennzoil Exploration and Production Company","FIXED","Y","00778","TERMIN","N","1960-01-01","1993-09-29","33.7","80","28.882992","-91.895756"
"A-QTR","3","21437","Pennzoil Exploration and Production Company","FIXED","N","00778","TERMIN","N","1960-01-01","1993-09-29","33.7","80","28.882993","-91.895444"
"A-PRD","2","21437","Pennzoil Exploration and Production Company","FIXED","Y","00778","TERMIN","N","1960-01-01","1994-08-06","34.6","80","28.882991","-91.896068"
"C","1","21453","Pennzoil Exploration and Production Company","FIXED","Y","00778","TERMIN","N","1962-01-01","1994-01-29","32.1","80","28.882728","-91.903346"
"C-PRD","2","21453","Pennzoil Exploration and Production Company","FIXED","Y","00778","TERMIN","N","1962-01-01","1994-01-29","32.1","80","28.882727","-91.903659"
"A","1","21461","Pennzoil Exploration and Production Company","FIXED","Y","00786","EXPIR","N","1961-01-01","1993-12-27","33","105","28.747764","-91.90972"
"B","1","10048","Pennzoil Exploration and Production Company","WP","N","00518","TERMIN","N","1962-01-01","1993-07-26","31.6","50","29.274783","-94.354713"
"A","1","23669","Barrett Resources Corporation","FIXED","Y","G08667","TERMIN","N","1988-01-01","1998-11-03","10.8","80","28.972955","-92.332246"
"1","1","10167","Barrett Resources Corporation","FIXED","N","G04140","TERMIN","N","1981-01-01","2002-02-12","21.1","60","28.548845","-95.678322"
"8","1","21246","Forcenergy Inc","CAIS","N","G01441","TERMIN","N","1970-01-01","1979-12-31","10","9","29.112296","-91.051719"
"8-HTR","2","21246","Forcenergy Inc","FIXED","N","G01441","TERMIN","N","1970-01-01","1979-12-31","10","9","29.11202","-91.051406"
"6-HTR","1","21247","Forcenergy Inc","FIXED","N","G01441","TERMIN","N","1970-01-01","1984-12-31","15","8","29.102789","-91.044341"
"6","2","21247","Forcenergy Inc","CAIS","N","G01441","TERMIN","N","1970-01-01","1984-12-31","15","8","29.10279","-91.044654"
"3","1","21249","Forcenergy Inc","CAIS","N","G01441","TERMIN","N","1967-01-01","1979-12-31","13","8","29.11046761","-91.05840921"
"1","1","21250","Forcenergy Inc","CAIS","N","G01441","TERMIN","N","1966-01-01","1975-12-31","10","8","29.117546","-91.043991"
"2","1","21251","Forcenergy Inc","CAIS","N","G01441","TERMIN","N","1966-01-01","1975-12-31","10","8","29.0967767","-91.06157744"
"5","1","21252","Forcenergy Inc","CAIS","N","G01441","TERMIN","N","1970-01-01","1979-12-31","10","8","29.108242","-91.046517"
"5-HTR","2","21252","Forcenergy Inc","FIXED","N","G01441","TERMIN","N","1970-01-01","1979-12-31","10","8","29.107967","-91.046518"
"B","1","23340","Forcenergy Inc","WP","N","G07661","TERMIN","N","1989-01-01","2001-01-25","12.1","182","28.386535","-92.885119"
"A","1","23341","Forcenergy Inc","FIXED","Y","G07660","TERMIN","N","1989-01-01","2001-05-13","12.4","182","28.373184","-92.906592"
"B","1","23695","Forcenergy Inc","FIXED","Y","G07663","RELINQ","N","1988-01-01","2001-03-26","13.2","182","28.317009","-92.915737"
"JA","1","10126","Forcenergy Inc","FIXED","Y","G03117","TERMIN","N","1979-01-01","1999-08-10","20.6","186","28.222333","-94.162675"
"C","1","22580","Forcenergy Inc","FIXED","Y","G04758","TERMIN","N","1982-01-01","2001-10-30","19.8","53","29.228682","-93.33153"
"3","1","23258","Forcenergy Inc","CAIS","N","G04758","TERMIN","N","1985-01-01","2000-11-25","15.9","60","29.232402","-93.304485"
"5","1","23745","Forcenergy Inc","CAIS","N","G04758","TERMIN","N","1990-01-01","2000-11-03","10.8","53","29.243362","-93.302674"
"E-AUX","2","21654","Ridgelake Energy, Inc.","FIXED","Y","00420","TERMIN","N","1956-01-01","","","54","28.697428","-91.193065"
"E","1","21654","Ridgelake Energy, Inc.","FIXED","Y","00420","TERMIN","N","1956-01-01","","","54","28.69742808","-91.1927535"
"8","1","21686","Devon Energy Production Company, L.P.","CAIS","N","00680","PROD","S","1961-01-01","2002-12-25","42","28","29.690971","-93.58774"
"8","1","26076","Devon Energy Production Company, L.P.","CAIS","N","00078","TERMIN","N","1994-06-20","2007-03-10","12.7","20","29.238281","-91.692247"
"7","1","530","Devon Energy Production Company, L.P.","CAIS","N","00051","TERMIN","N","1999-08-22","2009-01-20","9.4","40","28.95419495","-91.47098072"
"A","1","595","Devon Energy Production Company, L.P.","FIXED","Y","G15353","TERMIN","N","1999-10-28","2007-07-21","7.7","195","28.76298607","-89.86598932"
"1","1","851","Devon Energy Production Company, L.P.","CAIS","N","G21138","RELINQ","N","2000-12-08","2009-08-14","8.7","34","29.56026775","-88.94477914"
"A","1","27031","St. Mary Energy Company","FIXED","Y","G14412","TERMIN","N","1995-06-20","2008-05-20","12.9","185","28.47177966","-92.21028965"
"1","1","23374","Virgin Offshore U.S.A., Inc.","CAIS","N","G10605","TERMIN","N","1989-01-01","1994-11-07","5.8","28","29.654961","-92.983444"
"A","1","24082","Virgin Offshore U.S.A., Inc.","FIXED","Y","G10605","TERMIN","N","1994-03-06","2016-07-20","22.4","28","29.65945369","-93.0037211"
"3","1","24092","Virgin Offshore U.S.A., Inc.","CAIS","N","G10605","TERMIN","N","1994-06-20","2016-07-11","22.1","30","29.65773416","-93.01388793"
"A","1","848","Virgin Offshore U.S.A., Inc.","WP","Y","","","","2000-12-10","2016-12-29","16.1","64","29.18178941","-92.8643836"
"AJ","1","863","Virgin Offshore U.S.A., Inc.","FIXED","Y","G15097","TERMIN","N","2000-12-01","2016-07-27","15.7","144","28.49302969","-93.47658379"
"A","1","1048","Virgin Offshore U.S.A., Inc.","CAIS","N","G17753","TERMIN","N","2001-10-08","2015-11-05","14.1","33","29.67363613","-93.39991635"
"3","2","1048","Virgin Offshore U.S.A., Inc.","CAIS","N","G17753","TERMIN","N","2007-08-03","2015-11-05","8.3","33","29.67363613","-93.39991635"
"C","1","1222","Virgin Offshore U.S.A., Inc.","FIXED","Y","G19750","TERMIN","N","2003-04-10","2017-04-24","14","122","28.65045169","-92.66159486"
"A","1","1237","Virgin Offshore U.S.A., Inc.","CAIS","N","G17151","TERMIN","N","2003-12-17","2016-05-05","12.4","47","29.15955762","-94.25687091"
"1","1","1310","Virgin Offshore U.S.A., Inc.","CAIS","Y","G19702","TERMIN","N","2003-07-05","2016-08-02","13.1","40","29.60666065","-93.45189022"
"2","1","1418","Virgin Offshore U.S.A., Inc.","CAIS","N","G17764","TERMIN","N","2004-02-01","2005-07-17","1.5","42","29.44623668","-93.49254372"
"A","1","1155","Virgin Offshore U.S.A., Inc.","WP","N","G17764","TERMIN","N","2002-07-18","2005-07-14","3","40","29.43901517","-93.49179755"
"B","1","1761","Virgin Offshore U.S.A., Inc.","CAIS","N","G27042","EXPIR","N","2006-03-09","2016-11-04","10.7","78","29.08118872","-92.86185163"
"D","1","20054","Exxon Mobil Corporation","FIXED","Y","00018","RELINQ","N","1957-01-01","1991-08-29","34.7","66","28.82599","-90.376561"
"B","1","20055","Exxon Mobil Corporation","FIXED","N","00020","RELINQ","N","1956-01-01","","","65","28.813497","-90.39431"
"H","1","20056","Exxon Mobil Corporation","FIXED","N","00020","RELINQ","N","1967-01-01","","","66","28.798935","-90.414521"
"C","1","20059","Exxon Mobil Corporation","FIXED","Y","00019","RELINQ","N","1964-01-01","1988-07-29","24.6","65","28.830203","-90.407685"
"N","1","20079","Exxon Mobil Corporation","FIXED","Y","00125","RELINQ","N","1957-01-01","1984-12-31","28","62","29.086534","-89.959315"
"Y","1","20080","Exxon Mobil Corporation","WP","N","00125","RELINQ","N","1967-01-01","1980-12-31","14","62","29.082965","-89.970443"
"G","1","20081","Exxon Mobil Corporation","FIXED","Y","00034","RELINQ","N","1954-01-01","1975-12-31","22","42","29.122665","-90.02154"
"J","1","20082","Exxon Mobil Corporation","FIXED","Y","00034","RELINQ","N","1955-01-01","","","53","29.100774","-89.99444"
"K","1","20083","Exxon Mobil Corporation","FIXED","Y","00034","RELINQ","N","1956-01-01","2001-09-19","45.7","50","29.098561","-90.01016"
"T","1","20084","Exxon Mobil Corporation","FIXED","Y","00034","RELINQ","N","1962-01-01","","","48","29.110924","-90.023942"
"Q","1","20085","Exxon Mobil Corporation","FIXED","Y","00031","RELINQ","N","1961-01-01","","","55","29.094551","-89.989758"
"C","1","20086","Exxon Mobil Corporation","WP","N","00031","RELINQ","N","1949-01-01","1976-12-31","28","53","29.127232","-89.959448"
"P","1","20087","Exxon Mobil Corporation","FIXED","Y","00031","RELINQ","N","1957-01-01","","","55","29.10864021","-89.96921566"
"R","1","20088","Exxon Mobil Corporation","FIXED","Y","00031","RELINQ","N","1962-01-01","","","55","29.122691","-89.966184"
"W","1","20089","Exxon Mobil Corporation","FIXED","Y","G01445","RELINQ","N","1966-01-01","","","65","29.094778","-89.942114"
"X","1","20090","Exxon Mobil Corporation","FIXED","Y","G01445","RELINQ","N","1966-01-01","1984-12-31","19","65","29.095291","-89.925046"
"Z","1","20091","Exxon Mobil Corporation","FIXED","Y","G01445","RELINQ","N","1967-01-01","1994-02-11","27.1","62","29.108964","-89.932633"
"L-QTR","1","20104","Exxon Mobil Corporation","FIXED","Y","","","","1956-01-01","","","55","29.101445","-89.978237"
"L-PRD","2","20104","Exxon Mobil Corporation","FIXED","Y","","","","1956-01-01","","","55","29.101442","-89.977924"
"L-CMP-VALVE","3","20104","Exxon Mobil Corporation","FIXED","Y","","","","1956-01-01","","","55","29.101448","-89.97855"
"U","1","20144","Exxon Mobil Corporation","FIXED","Y","00367","PROD","S","1962-01-01","1996-08-24","34.6","57","29.125085","-89.680064"
"H","1","20146","Exxon Mobil Corporation","FIXED","Y","00016","PROD","S","1955-01-01","2001-09-29","46.7","49","29.154039","-89.665092"
"Q","1","20151","Exxon Mobil Corporation","FIXED","Y","00367","PROD","S","1957-01-01","2004-06-26","47.5","56","29.128662","-89.679388"
"V","1","20153","Exxon Mobil Corporation","FIXED","Y","00026","PROD","S","1964-01-01","1988-12-09","24.9","38","29.16335","-89.624205"
"W","1","20154","Exxon Mobil Corporation","FIXED","Y","00016","PROD","S","1964-01-01","1988-12-20","25","53","29.14091246","-89.66494313"
"X","1","20155","Exxon Mobil Corporation","FIXED","Y","G01495","TERMIN","N","1968-01-01","1996-08-03","28.6","83","29.102256","-89.716164"
"Y","1","20156","Exxon Mobil Corporation","FIXED","Y","G01495","TERMIN","N","1967-01-01","1996-08-01","29.6","82","29.100044","-89.73752"
"5","1","20157","Exxon Mobil Corporation","CAIS","N","00026","PROD","S","1965-01-01","1988-11-18","23.9","35","29.166496","-89.618512"
"1","1","20158","Exxon Mobil Corporation","CAIS","N","00016","PROD","S","1970-01-01","1988-11-14","18.9","48","29.158788","-89.671085"
"3","1","20160","Exxon Mobil Corporation","CAIS","N","00016","PROD","S","1967-01-01","1978-12-31","12","48","29.167254","-89.666399"
"1","1","20754","ConocoPhillips Company","CAIS","N","G01352","TERMIN","N","1965-01-01","1983-12-31","19","27","29.689907","-93.570656"
"4","1","20756","ConocoPhillips Company","CAIS","N","00301","TERMIN","N","1967-01-01","1977-12-31","11","38","29.641603","-93.606785"
"14","1","20757","ConocoPhillips Company","CAIS","N","00300","TERMIN","N","1966-01-01","1983-12-31","18","28","29.684436","-93.601112"
"3","1","20873","ConocoPhillips Company","CAIS","N","00301","TERMIN","N","1967-01-01","1980-12-31","14","38","29.636234","-93.608678"
"2","1","20875","ConocoPhillips Company","CAIS","N","G01352","TERMIN","N","1965-01-01","1981-12-31","17","27","29.693732","-93.574427"
"9","1","20935","ConocoPhillips Company","CAIS","N","00300","TERMIN","N","1958-01-01","1980-12-31","23","28","29.686336","-93.58664"
"1","1","21012","ConocoPhillips Company","CAIS","N","00300","TERMIN","N","1958-01-01","1983-12-31","26","28","29.669865","-93.608813"
"2","1","21704","ConocoPhillips Company","CAIS","N","00757","TERMIN","N","1967-01-01","1994-09-10","27.7","32","29.503847","-93.638818"
"3","1","21705","ConocoPhillips Company","CAIS","N","00757","TERMIN","N","1961-01-01","1994-09-23","33.7","34","29.51391","-93.643156"
"A","1","21791","ConocoPhillips Company","FIXED","Y","G02219","TERMIN","N","1974-01-01","1991-10-12","17.8","180","28.531359","-93.175757"
"A","1","22482","ConocoPhillips Company","FIXED","Y","G22513","TERMIN","N","1981-01-01","2001-08-20","20.6","36","29.500707","-93.528295"
"A-AUX","2","22482","ConocoPhillips Company","FIXED","Y","G22513","TERMIN","N","1981-01-01","2006-11-06","25.8","36","29.50086707","-93.52829855"
"9(Removed)","1","22898","ConocoPhillips Company","CAIS","N","00757","TERMIN","N","1983-01-01","1996-12-27","14","32","29.495045","-93.63479"
"5","1","21918","Explore Enterprises of Louisiana LLC","WP","N","00818","TERMIN","N","1970-01-01","2005-04-18","35.3","80","28.650241","-90.913149"
"7","1","22153","Explore Enterprises of Louisiana LLC","CAIS","N","00818","TERMIN","N","1978-01-01","2005-04-08","27.3","80","28.650384","-90.918432"
"1","1","23055","Explore Enterprises of Louisiana LLC","CAIS","N","G05549","TERMIN","N","1985-01-01","2005-04-02","20.2","60","28.657893","-90.887777"
"8","1","23913","Explore Enterprises of Louisiana LLC","CAIS","N","00818","TERMIN","N","1990-01-01","2005-04-03","15.3","50","28.645577","-90.909493"
"CAIS.#12(D)","1","216","Explore Enterprises of Louisiana LLC","CAIS","N","00818","TERMIN","N","1998-06-24","2005-04-05","6.8","56","28.65592742","-90.94076536"
"15","1","20801","Murphy Exploration & Production Company - USA","CAIS","N","00599","TERMIN","N","1971-01-01","1984-12-31","14","86","28.797872","-90.236174"
"1","1","21680","Murphy Exploration & Production Company - USA","CAIS","N","00605","TERMIN","N","1960-01-01","1978-12-31","19","92","28.781733","-90.224573"
"A","1","21681","Murphy Exploration & Production Company - USA","FIXED","Y","00605","TERMIN","N","1956-01-01","1987-12-31","32","92","28.778905","-90.234098"
"20","1","22835","Murphy Exploration & Production Company - USA","CAIS","N","00605","TERMIN","N","1983-01-01","1994-08-19","11.6","110","28.765487","-90.21977"
"12","1","23038","Murphy Exploration & Production Company - USA","WP","N","00605","TERMIN","N","1984-01-01","1996-06-17","12.5","92","28.780095","-90.230455"
"18","1","23039","Murphy Exploration & Production Company - USA","CAIS","N","00605","TERMIN","N","1984-01-01","1991-11-06","7.8","100","28.771875","-90.207247"
"24","1","23091","Murphy Exploration & Production Company - USA","WP","N","00605","TERMIN","N","1985-01-01","2003-12-20","19","100","28.780626","-90.232756"
"23","1","23104","Murphy Exploration & Production Company - USA","CAIS","N","00605","TERMIN","N","1985-01-01","1991-11-05","6.8","100","28.775935","-90.230476"
"21","1","21122","Murphy Exploration & Production Company - USA","WP","N","00073","RELINQ","N","1973-01-01","2003-11-29","30.9","27","28.89835","-90.695189"
"20","1","21123","Murphy Exploration & Production Company - USA","CAIS","N","00073","RELINQ","N","1967-01-01","1986-12-31","20","28","28.893135","-90.700465"
"17","1","21124","Murphy Exploration & Production Company - USA","CAIS","N","00073","RELINQ","N","1966-01-01","1975-12-31","10","30","28.898434","-90.693254"
"14","1","21125","Murphy Exploration & Production Company - USA","WP","N","00073","RELINQ","N","1981-01-01","1993-07-29","12.6","30","28.895691","-90.701421"
"13","1","21126","Murphy Exploration & Production Company - USA","CAIS","N","00073","RELINQ","N","1962-01-01","1975-12-31","14","28","28.894128","-90.701271"
"11","1","21127","Murphy Exploration & Production Company - USA","WP","N","00073","RELINQ","N","1965-01-01","1975-12-31","11","30","28.89762","-90.701121"
"4","1","21128","Murphy Exploration & Production Company - USA","CAIS","N","00073","RELINQ","N","1960-01-01","1975-12-31","16","30","28.897277","-90.695683"
"22","1","21158","Murphy Exploration & Production Company - USA","WP","N","00073","RELINQ","N","1973-01-01","2004-12-02","31.9","28","28.89854","-90.696975"
"9","1","21159","Murphy Exploration & Production Company - USA","FIXED","N","00073","RELINQ","N","1962-01-01","2003-12-01","41.9","28","28.899041","-90.699265"
"6","1","21160","Murphy Exploration & Production Company - USA","WP","N","00073","RELINQ","N","1961-01-01","1994-08-15","33.6","28","28.896913","-90.698185"
"25","1","21886","Murphy Exploration & Production Company - USA","WP","N","00073","RELINQ","N","1975-01-01","2003-12-11","28.9","32","28.894086","-90.696466"
"37","1","22528","Murphy Exploration & Production Company - USA","CAIS","N","00073","RELINQ","N","1981-01-01","2003-11-25","22.9","28","28.898907","-90.685396"
"35","1","22582","Murphy Exploration & Production Company - USA","CAIS","N","00073","RELINQ","N","1981-01-01","2003-11-26","22.9","30","28.89809","-90.688216"
"34","1","22632","Murphy Exploration & Production Company - USA","CAIS","N","00073","RELINQ","N","1980-01-01","2003-11-26","23.9","45","28.90085706","-90.68826423"
"44","1","23125","Murphy Exploration & Production Company - USA","CAIS","N","00073","RELINQ","N","1985-01-01","2003-11-30","18.9","32","28.899174","-90.698365"
"48","1","23263","Murphy Exploration & Production Company - USA","WP","N","00073","RELINQ","N","1986-01-01","1993-03-24","7.2","33","28.893188","-90.70073"
"4","1","10328","Murphy Exploration & Production Company - USA","CAIS","N","G06037","TERMIN","N","1998-07-22","2004-08-04","6","87","28.150403","-96.227536"
"6","1","10329","Murphy Exploration & Production Company - USA","CAIS","N","G06037","TERMIN","N","1988-01-01","1998-07-19","10.5","84","28.157947","-96.213063"
"17","1","22975","Texaco Exploration and Production Inc.","CAIS","N","G02868","RELINQ","N","1984-01-01","1996-12-30","13","13","29.459119","-92.18589"
"15","1","22989","Texaco Exploration and Production Inc.","CAIS","N","G02868","RELINQ","N","1984-01-01","1996-12-27","13","16","29.445243","-92.204937"
"19","1","22993","Texaco Exploration and Production Inc.","CAIS","N","G02868","RELINQ","N","1984-01-01","1996-12-06","12.9","15","29.43549","-92.182547"
"20","1","23010","Texaco Exploration and Production Inc.","CAIS","N","G02868","RELINQ","N","1984-01-01","1999-11-28","15.9","14","29.439099","-92.187919"
"7","1","23056","Texaco Exploration and Production Inc.","CAIS","N","G02868","RELINQ","N","1984-01-01","1997-10-19","13.8","15","29.453592","-92.189927"
"22","1","23078","Texaco Exploration and Production Inc.","CAIS","N","G02868","RELINQ","N","1985-01-01","1996-12-05","11.9","14","29.435065","-92.205304"
"21","1","23079","Texaco Exploration and Production Inc.","CAIS","N","G02868","RELINQ","N","1985-01-01","1996-12-03","11.9","14","29.44744012","-92.1631062"
"2","1","23135","Texaco Exploration and Production Inc.","CAIS","N","G04434","TERMIN","N","1985-01-01","1993-12-10","8.9","12","29.360875","-92.092714"
"1","1","10040","Texaco Exploration and Production Inc.","CAIS","N","G02354","TERMIN","N","1973-01-01","1989-08-23","16.6","45","29.301226","-94.218797"
"A","1","10104","Texaco Exploration and Production Inc.","FIXED","Y","G02706","TERMIN","N","1978-01-01","2003-10-05","25.8","240","28.019236","-93.988889"
"C","1","10211","Texaco Exploration and Production Inc.","WP","N","G02680","TERMIN","N","1982-01-01","1996-12-03","14.9","49","29.293496","-94.2451"
"2","1","10291","Texaco Exploration and Production Inc.","CAIS","N","G02354","TERMIN","N","1986-01-01","1999-06-02","13.4","45","29.316292","-94.201269"
"8","1","21464","Texaco Exploration and Production Inc.","CAIS","N","G01953","TERMIN","N","1971-01-01","1984-12-31","14","42","29.425626","-93.182796"
"A","1","22013","Texaco Exploration and Production Inc.","FIXED","Y","G02847","TERMIN","N","1977-01-01","1994-08-22","17.6","144","28.510306","-93.158392"
"1 (REMOVED)","1","26128","Texaco Exploration and Production Inc.","CAIS","N","G13618","RELINQ","N","1992-01-01","1996-12-28","5","24","29.24568963","-91.78135298"
"A","1","21002","Taylor Energy Company","FIXED","Y","00831","PROD","S","1962-01-01","1992-08-11","30.6","120","28.473923","-91.037457"
"1","1","21426","Taylor Energy Company","CAIS","N","00832","PROD","S","1964-01-01","1993-09-26","29.7","135","28.439723","-91.069754"
"A","1","21430","Taylor Energy Company","FIXED","Y","G01022","PROD","S","1964-01-01","1983-12-31","20","117","28.496067","-91.044059"
"2","1","21663","Taylor Energy Company","CAIS","N","00830","PROD","S","1964-01-01","1984-12-31","21","100","28.443241","-91.081024"
"A","1","20339","Taylor Energy Company","FIXED","Y","G01133","RELINQ","N","1965-01-01","1996-09-04","31.7","95","28.823966","-92.239573"
"A","1","20559","Taylor Energy Company","FIXED","Y","G01134","PROD","S","1963-01-01","1985-12-31","23","95","28.839942","-92.171524"
"A","1","20656","Taylor Energy Company","FIXED","Y","00789","RELINQ","N","1965-01-01","1999-08-18","34.6","100","28.728776","-91.894763"
"2","1","21214","Taylor Energy Company","FIXED","Y","G01184","RELINQ","N","1970-01-01","1981-12-31","12","82","28.907354","-92.08193"
"A","1","21729","Taylor Energy Company","FIXED","Y","G02080","RELINQ","N","1972-01-01","2000-05-26","28.4","139","28.570524","-92.356152"
"1","1","23380","Taylor Energy Company","CAIS","N","G07678","TERMIN","N","1990-01-01","1992-09-23","2.7","26","29.353803","-92.292426"
"D","1","24025","Taylor Energy Company","FIXED","N","G01134","PROD","S","1992-01-22","2003-09-21","11.7","96","28.846981","-92.167434"
"A-AUX","2","10129","Taylor Energy Company","FIXED","Y","G03464","RELINQ","N","1979-01-01","2003-04-15","24.3","74","27.989768","-96.629265"
"A","1","10129","Taylor Energy Company","FIXED","Y","G03464","RELINQ","N","1979-01-01","2003-04-15","24.3","74","27.98949","-96.629104"
"A","1","10132","Taylor Energy Company","FIXED","Y","G03467","RELINQ","N","1980-01-01","2002-11-25","22.9","194","27.85628","-96.189262"
"B","1","10187","Taylor Energy Company","CAIS","N","G03464","RELINQ","N","1981-01-01","2002-11-30","21.9","74","28.005162","-96.618364"
"D","1","1479","Taylor Energy Company","FIXED","N","G01022","PROD","S","2004-10-12","2006-05-15","1.6","112","28.50901729","-91.07172132"
"1","1","20412","OXY USA Inc.","CAIS","N","G01365","TERMIN","N","1964-01-01","1992-09-18","28.7","35","29.653209","-88.858475"
"2","1","20414","OXY USA Inc.","CAIS","N","G01365","TERMIN","N","1964-01-01","1993-07-16","29.5","34","29.653245","-88.847295"
"2","1","21923","OXY USA Inc.","FIXED","Y","G02623","TERMIN","N","1979-01-01","1986-12-31","8","88","28.953615","-90.423594"
"4","1","22698","OXY USA Inc.","CAIS","N","G01365","TERMIN","N","1979-01-01","1992-09-18","13.7","35","29.65354","-88.863357"
"5","1","23408","OXY USA Inc.","CAIS","N","G01365","TERMIN","N","1984-01-01","1992-09-18","8.7","34","29.653323","-88.858409"
"A","1","21954","OXY USA Inc.","WP","N","G02591","TERMIN","N","1976-01-01","1987-10-29","11.8","238","28.218867","-91.979964"
"A","1","10037","OXY USA Inc.","FIXED","Y","G01752","TERMIN","N","1969-01-01","1990-12-01","21.9","165","27.971356","-95.919901"
"B","2","10037","OXY USA Inc.","WP","N","G01752","TERMIN","N","1980-01-01","1990-12-01","10.9","165","27.971063","-95.919501"
"A","1","10068","OXY USA Inc.","FIXED","Y","G02378","TERMIN","N","1975-01-01","1991-09-10","16.7","238","28.1241","-93.956433"
"A","1","10108","OXY USA Inc.","FIXED","Y","G03374","TERMIN","N","1978-01-01","1989-06-05","11.4","50","29.275494","-94.522142"
"A-AUX1","2","10108","OXY USA Inc.","FIXED","Y","G03374","TERMIN","N","1979-01-01","1989-06-17","10.5","50","29.275804","-94.522832"
"A-AUX2","3","10108","OXY USA Inc.","FIXED","N","G03374","TERMIN","N","1979-01-01","1989-06-11","10.4","50","29.275774","-94.523248"
"B","1","10110","OXY USA Inc.","FIXED","Y","G02745","TERMIN","N","1978-01-01","1996-01-15","18","290","28.041504","-93.709155"
"B","1","10130","OXY USA Inc.","WP","N","G03374","TERMIN","N","1979-01-01","1986-11-30","7.9","48","29.288777","-94.558602"
"1","1","22377","Quintana Petroleum Corporation","CAIS","N","G03411","TERMIN","N","1980-01-01","1991-08-15","11.6","12","29.135264","-91.11096"
"A","1","22595","Quintana Petroleum Corporation","FIXED","Y","G03411","TERMIN","N","1982-01-01","1991-08-15","9.6","10","29.135399","-91.109393"
"Q","2","22595","Quintana Petroleum Corporation","FIXED","N","G03411","TERMIN","N","1982-01-01","1991-08-15","9.6","10","29.135572","-91.109477"
"J","1","21655","Ridgelake Energy, Inc.","FIXED","N","00420","TERMIN","N","1966-01-01","","","62","28.689342","-91.203189"
"B","1","23972","Ridgelake Energy, Inc.","FIXED","N","00419","TERMIN","N","1992-01-01","","","51","28.72320393","-91.24154011"
"A","1","1604","Ridgelake Energy, Inc.","FIXED","N","G22678","RELINQ","N","2005-06-26","2018-07-09","13","227","28.30841547","-91.44386329"
"C","1","196","Ridgelake Energy, Inc.","FIXED","Y","00419","TERMIN","N","1998-05-10","","","51","28.73911778","-91.253181"
"D","1","1303","Ridgelake Energy, Inc.","WP","Y","G17202","TERMIN","N","2003-09-09","2011-06-10","7.8","298","27.96478554","-94.22247231"
"A","1","1264","Ridgelake Energy, Inc.","FIXED","Y","G24424","EXPIR","N","2003-05-18","2009-06-16","6.1","275","28.04283705","-93.5794509"
"B","1","1731","Ridgelake Energy, Inc.","FIXED","N","G26041","TERMIN","N","2005-08-07","2010-06-24","4.9","254","28.24976621","-91.38844217"
"28","1","2062","Ridgelake Energy, Inc.","CAIS","N","00420","TERMIN","N","2007-06-04","2018-07-23","11.1","57","28.70797981","-91.2357842"
"A","1","2091","Ridgelake Energy, Inc.","FIXED","N","G24881","TERMIN","N","2007-10-12","","","27","29.21522613","-92.01013652"
"A","1","23420","Callon Petroleum Operating Company","FIXED","Y","G06842","RELINQ","N","1987-01-01","2005-06-19","18.5","108","29.695893","-88.519917"
"A","1","23428","Callon Petroleum Operating Company","FIXED","Y","G05705","TERMIN","N","1987-01-01","2001-12-03","14.9","156","29.621974","-88.450487"
"B","1","23450","Callon Petroleum Operating Company","CAIS","N","G05705","TERMIN","N","1987-01-01","2001-11-20","14.9","129","29.637957","-88.442381"
"1","1","23805","Callon Petroleum Operating Company","CAIS","N","G05746","TERMIN","N","1989-01-01","2006-08-07","17.6","118","29.708365","-88.473216"
"2","2","23805","Callon Petroleum Operating Company","CAIS","N","G05746","TERMIN","N","1997-06-22","2006-08-18","9.2","118","29.70866888","-88.47326396"
"1","1","23806","Callon Petroleum Operating Company","CAIS","N","G05703","TERMIN","N","1989-01-01","2003-08-02","14.6","115","29.678452","-88.551776"
"5","1","23807","Callon Petroleum Operating Company","CAIS","N","G05245","TERMIN","N","1989-01-01","2006-08-10","17.6","115","29.661629","-88.525593"
"2-A","1","23808","Callon Petroleum Operating Company","CAIS","N","G07809","TERMIN","N","1989-01-01","2006-08-15","17.6","110","29.62473","-88.538006"
"1","1","23809","Callon Petroleum Operating Company","CAIS","N","G07809","TERMIN","N","1989-01-01","2006-08-12","17.6","120","29.643621","-88.541024"
"B","2","23810","Callon Petroleum Operating Company","FIXED","Y","G07809","TERMIN","N","1989-01-01","2006-08-17","17.6","130","29.627095","-88.521606"
"A-1","1","23810","Callon Petroleum Operating Company","CAIS","N","G07809","TERMIN","N","1989-01-01","2006-08-17","17.6","130","29.627102","-88.521924"
"1","1","23811","Callon Petroleum Operating Company","CAIS","N","G06813","RELINQ","N","1989-01-01","2006-08-08","17.6","130","29.649138","-88.464732"
"2","1","23847","Callon Petroleum Operating Company","CAIS","N","G05748","TERMIN","N","1990-01-01","2014-05-22","24.4","65","30.111893","-88.370636"
"2","1","23867","Callon Petroleum Operating Company","FIXED","N","G05071","TERMIN","N","1991-12-31","2005-06-03","13.4","65","30.10189716","-88.3106663"
"A-PRD","1","23890","Callon Petroleum Operating Company","FIXED","Y","G05064","TERMIN","N","1991-09-12","2015-04-23","23.6","65","30.108154","-88.325749"
"A","2","23890","Callon Petroleum Operating Company","FIXED","Y","G05064","TERMIN","N","1991-01-01","2015-04-23","24.3","65","30.108469","-88.326171"
"1","1","24100","Callon Petroleum Operating Company","CAIS","N","G05755","TERMIN","N","1992-01-20","2006-08-06","14.5","85","30.042111","-88.296807"
"A","1","21993","Callon Petroleum Operating Company","WP","N","G02305","TERMIN","N","1977-01-01","2008-07-10","31.5","21","29.19539","-92.136339"
"A-PRD","2","21993","Callon Petroleum Operating Company","FIXED","Y","G02305","TERMIN","N","1978-01-01","2008-07-10","30.5","21","29.195245","-92.136652"
"1","1","1578","Callon Petroleum Operating Company","CAIS","N","G22576","TERMIN","N","2005-01-21","2009-05-03","4.3","61","29.26038533","-92.6691153"
"1","1","583","Callon Petroleum Operating Company","CAIS","N","G16337","TERMIN","N","1999-12-29","2008-06-01","8.4","34","29.15927417","-92.14826667"
"A","1","592","Callon Petroleum Operating Company","FIXED","N","G17871","RELINQ","N","2000-02-13","2004-06-07","4.3","183","28.41663091","-92.75923562"
"3","1","639","Callon Petroleum Operating Company","CAIS","N","G16337","TERMIN","N","2000-04-04","2008-06-01","8.2","34","29.16899137","-92.13694028"
"4","1","672","Callon Petroleum Operating Company","FIXED","N","G16337","TERMIN","N","2000-05-27","2008-06-01","8","34","29.15624624","-92.14249716"
"4","1","845","Callon Petroleum Operating Company","CAIS","N","G05071","TERMIN","N","2001-02-02","2005-06-01","4.3","64","30.08922501","-88.29551776"
"A","1","1144","Callon Petroleum Operating Company","FIXED","Y","G16267","TERMIN","N","2002-07-07","2009-06-24","7","165","28.46828723","-92.79244563"
"A","1","1243","Callon Petroleum Operating Company","FIXED","N","G22691","TERMIN","N","2003-04-12","2011-05-31","8.1","11","29.08719172","-91.13936578"
"B","2","1243","Callon Petroleum Operating Company","FIXED","N","G22691","TERMIN","N","2003-04-12","2011-05-31","8.1","11","29.08727722","-91.13953153"
"A","1","1709","Callon Petroleum Operating Company","FIXED","N","G22158","TERMIN","N","2005-08-01","2009-07-12","3.9","176","27.07151448","-96.90052563"
"B","1","1806","Callon Petroleum Operating Company","CAIS","N","G25967","EXPIR","N","2006-04-11","2011-08-13","5.3","168","28.4654251","-92.75428149"
"1","1","21928","Northstar Interests, L.C.","CAIS","N","G02895","TERMIN","N","1976-01-01","2011-06-30","35.5","10","29.23963","-91.377196"
"2","1","21950","Northstar Interests, L.C.","CAIS","N","G02895","TERMIN","N","1976-01-01","2011-07-19","35.5","12","29.24733","-91.378909"
"A","1","28042","Northstar Interests, L.C.","WP","Y","G12514","TERMIN","N","1996-05-05","2000-03-28","3.9","105","28.56832783","-94.88841562"
"A","1","22944","Seagull Energy E&P Inc.","WP","N","G03991","TERMIN","N","1984-01-01","1998-07-20","14.5","20","29.263274","-91.755484"
"B","2","22944","Seagull Energy E&P Inc.","FIXED","Y","G03991","TERMIN","N","1984-01-01","2000-06-05","16.4","20","29.263274","-91.755383"
"C","3","22944","Seagull Energy E&P Inc.","FIXED","N","G03991","TERMIN","N","1988-01-01","1998-07-19","10.5","20","29.263109","-91.755424"
"5","1","23187","Seagull Energy E&P Inc.","CAIS","N","G03991","TERMIN","N","1985-01-01","1998-07-18","13.5","21","29.263218","-91.74972"
"8","1","23595","Seagull Energy E&P Inc.","CAIS","N","G03991","TERMIN","N","1989-01-01","1998-07-19","9.5","22","29.260137","-91.741284"
"A","1","20164","Exxon Mobil Corporation","FIXED","Y","G01096","TERMIN","N","1963-01-01","2007-11-03","44.8","194","28.831526","-89.795584"
"G","1","20179","Exxon Mobil Corporation","FIXED","Y","00026","PROD","S","1955-01-01","1994-07-22","39.6","39","29.149626","-89.616669"
"E","1","20203","Exxon Mobil Corporation","FIXED","N","00421","RELINQ","N","1958-01-01","","","65","28.855683","-90.37717"
"U","1","20486","Exxon Mobil Corporation","FIXED","Y","00031","RELINQ","N","1963-01-01","","","60","29.096877","-89.964525"
"R","1","20487","Exxon Mobil Corporation","WP","N","00016","PROD","S","1957-01-01","1984-12-31","28","54","29.116587","-89.664147"
"A","1","20736","Exxon Mobil Corporation","FIXED","Y","00019","RELINQ","N","1955-01-01","1988-08-24","33.6","67","28.832468","-90.38999"
"A-QTR","2","20736","Exxon Mobil Corporation","FIXED","N","00019","RELINQ","N","1970-01-01","1988-08-24","18.6","67","28.832743","-90.389987"
"2","1","21676","Exxon Mobil Corporation","CAIS","N","00019","RELINQ","N","1964-01-01","1981-12-31","18","65","28.845837","-90.386742"
"F","1","21917","Exxon Mobil Corporation","FIXED","Y","00421","RELINQ","N","1976-01-01","2004-02-29","28.2","65","28.850973","-90.371686"
"OTS","1","21978","Exxon Mobil Corporation","FIXED","N","00020","RELINQ","N","1976-01-01","1978-12-31","3","65","",""
"A","1","22172","Exxon Mobil Corporation","FIXED","Y","G01619","RELINQ","N","1978-01-01","","","446","28.66291441","-89.40816289"
"3","1","22486","Exxon Mobil Corporation","FIXED","N","","","","1981-01-01","","","55","29.149858","-89.897425"
"B","1","22663","Exxon Mobil Corporation","FIXED","Y","G01096","TERMIN","N","1982-01-01","","","200","28.83174","-89.780082"
"G","1","22695","Exxon Mobil Corporation","FIXED","Y","00019","RELINQ","N","1982-01-01","","","66","28.833484","-90.416705"
"G-QTR","2","22695","Exxon Mobil Corporation","FIXED","N","00019","RELINQ","N","1987-01-01","","","66","28.832922","-90.416214"
"A (Lena CT)","1","22840","Exxon Mobil Corporation","CT","Y","G03818","TERMIN","N","1983-01-01","2020-09-07","37.7","1000","28.662679","-89.157757"
"B","1","23151","Exxon Mobil Corporation","FIXED","Y","G01619","RELINQ","N","1985-01-01","","","450","28.669635","-89.393492"
"C","1","23816","Exxon Mobil Corporation","FIXED","Y","G03188","TERMIN","N","1989-01-01","2009-07-08","20.5","197","28.859346","-89.746132"
"A (Alabaster)","1","23893","Exxon Mobil Corporation","FIXED","Y","G04939","RELINQ","N","1991-10-03","","","476","28.546431","-89.929614"
"A","1","24111","Exxon Mobil Corporation","FIXED","N","G05067","UNIT","S","1986-02-21","1993-04-23","7.2","42","30.14555013","-88.08276385"
"A","1","22299","Exxon Mobil Corporation","FIXED","Y","G02576","TERMIN","N","1979-01-01","1991-10-15","12.8","297","28.101578","-92.391621"
"A","1","24030","Exxon Mobil Corporation","FIXED","Y","G06668","RELINQ","N","1992-05-25","","","95","28.902763","-92.488892"
"A","1","10085","Exxon Mobil Corporation","FIXED","Y","G02741","TERMIN","N","1977-01-01","1989-04-14","12.3","237","28.084955","-93.762992"
"B","1","10087","Exxon Mobil Corporation","FIXED","Y","G02740","TERMIN","N","1977-01-01","1989-04-14","12.3","236","28.091655","-93.798279"
"A","1","10111","Exxon Mobil Corporation","FIXED","Y","G03237","TERMIN","N","1978-01-01","2010-12-27","33","58","29.15579","-94.495077"
"A","1","21975","Exxon Mobil Corporation","FIXED","Y","G02558","TERMIN","N","1976-01-01","1993-07-16","17.5","294","28.057945","-93.317229"
"1","1","22184","Exxon Mobil Corporation","CAIS","N","G03761","EXPIR","N","1979-01-01","1985-12-31","7","40","29.487698","-93.193774"
"A","1","10170","Exxon Mobil Corporation","FIXED","Y","G03091","TERMIN","N","1981-01-01","","","69","28.06623645","-96.57157688"
"B","1","10228","Exxon Mobil Corporation","FIXED","Y","G04139","TERMIN","N","1982-01-01","","","72","28.041196","-96.586114"
"2","1","10307","Exxon Mobil Corporation","CAIS","N","G04139","TERMIN","N","1984-01-01","1990-06-25","6.5","98","28.030029","-96.607297"
"1","1","10309","Exxon Mobil Corporation","WP","N","G04705","TERMIN","N","1982-01-01","1989-11-12","7.9","87","27.890275","-96.734205"
"C-DECK/SL","1","31002","Exxon Mobil Corporation","FIXED","N","","","","1993-01-01","","","40","30.18121081","-87.9915632"
"B","1","1600","Exxon Mobil Corporation","FIXED","N","G06668","RELINQ","N","2004-12-17","","","96","28.90966806","-92.52163538"
"4","1","40012","Exxon Mobil Corporation","CAIS","N","G06164","TERMIN","N","1997-01-01","1997-03-14","0.2","54","29.17517867","-94.37178996"
"BB(FMR CAIS.#1)","1","206","Exxon Mobil Corporation","FIXED","Y","G05066","TERMIN","N","1984-03-01","2015-10-11","31.6","52","30.14897749","-88.14558781"
"A (Hoover)","1","183","Exxon Mobil Corporation","SPAR","Y","G10380","TERMIN","N","2000-04-25","","","4825","26.93905139","-94.68872137"
"1","1","23866","El Paso Production GOM Inc.","CAIS","N","G09643","EXPIR","N","1990-01-01","1993-01-07","3","66","28.692523","-90.384261"
"B","1","22246","El Paso Production GOM Inc.","FIXED","Y","G03393","RELINQ","N","1978-01-01","2000-11-07","22.9","60","29.15657475","-92.59614025"
"A","1","23765","El Paso Production GOM Inc.","CAIS","N","G08632","TERMIN","N","1991-12-25","1994-09-11","2.7","64","28.930703","-93.550054"
"1","1","23775","El Paso Production GOM Inc.","CAIS","N","G13553","TERMIN","N","1992-11-10","2000-05-16","7.5","35","29.63467","-93.653845"
"A","1","24099","El Paso Production GOM Inc.","FIXED","Y","G13590","RELINQ","N","1994-12-05","2000-12-08","6","169","28.42793","-92.961975"
"9","1","27009","El Paso Production GOM Inc.","CAIS","N","G03393","RELINQ","N","1994-11-08","2000-09-24","5.9","68","29.170027","-92.604759"
"A","1","28038","El Paso Production GOM Inc.","FIXED","N","G12566","TERMIN","N","1995-12-11","2000-05-24","4.5","41","29.37651935","-93.83470998"
"A","1","80008","El Paso Production GOM Inc.","CAIS","N","G14470","TERMIN","N","1996-10-26","2001-10-21","5","114","28.61511868","-91.5611591"
"1","1","90024","El Paso Production GOM Inc.","CAIS","Y","G16336","TERMIN","N","1997-04-04","2003-09-01","6.4","20","29.28484399","-92.10624219"
"CAISSON #2","1","121","El Paso Production GOM Inc.","CAIS","Y","G10584","RELINQ","N","1997-11-08","2005-07-01","7.6","102","28.6931089","-93.13830995"
"D","1","148","El Paso Production GOM Inc.","FIXED","N","G15101","EXPIR","N","1998-02-17","2001-10-14","3.7","150","28.42767318","-93.03153348"
"1","1","353","El Paso Production GOM Inc.","FIXED","Y","G16415","TERMIN","N","1998-11-24","2002-08-21","3.7","68","28.90522297","-90.26125574"
"2","1","360","El Paso Production GOM Inc.","CAIS","N","G14520","TERMIN","N","1998-11-12","2003-09-13","4.8","102","28.76381596","-90.21922712"
"B","1","996","Helis Oil & Gas Company, L.L.C.","CAIS","N","G22190","TERMIN","N","2001-10-03","2009-05-16","7.6","87","28.58491159","-95.31738648"
"A","1","1042","Helis Oil & Gas Company, L.L.C.","FIXED","N","G22190","TERMIN","N","2002-01-18","2009-06-29","7.4","92","28.56703785","-95.31172188"
"A","1","1085","Helis Oil & Gas Company, L.L.C.","FIXED","Y","G16395","TERMIN","N","2002-02-22","2009-10-26","7.7","199","28.30966033","-90.95378004"
"B","1","1087","Helis Oil & Gas Company, L.L.C.","CAIS","N","G07769","TERMIN","N","2002-06-06","2003-12-03","1.5","125","28.454339","-90.69590842"
"CAIS.#2","1","1312","Helis Oil & Gas Company, L.L.C.","CAIS","N","G19784","RELINQ","N","2003-07-09","2009-11-28","6.4","20","29.27997065","-91.70878116"
"18","1","1391","Helis Oil & Gas Company, L.L.C.","CAIS","N","G01848","TERMIN","N","2003-11-16","2025-03-24","21.4","50","29.26776303","-93.77713695"
"1","1","1512","Helis Oil & Gas Company, L.L.C.","CAIS","N","G21068","EXPIR","N","2004-07-28","2009-04-16","4.7","79","29.04345823","-92.73000856"
"#2","1","1536","Helis Oil & Gas Company, L.L.C.","WP","N","G23857","RELINQ","N","2004-08-02","2008-06-15","3.9","13","29.24778703","-91.47180614"
"D","1","1651","Helis Oil & Gas Company, L.L.C.","FIXED","Y","G19784","RELINQ","N","2005-03-25","2010-05-19","5.1","20","29.25276098","-91.67238955"
"3","2","1651","Helis Oil & Gas Company, L.L.C.","CAIS","N","G19784","RELINQ","N","2004-10-07","2010-05-19","5.6","20","29.25288718","-91.67250286"
"A","1","1715","Helis Oil & Gas Company, L.L.C.","FIXED","Y","G21322","TERMIN","N","2005-08-15","2010-09-15","5.1","30","29.0479986","-94.53676118"
"20","1","1743","Helis Oil & Gas Company, L.L.C.","CAIS","N","G01848","TERMIN","N","2005-10-07","2013-01-11","7.3","50","29.26963722","-93.80402779"
"1","1","1847","Helis Oil & Gas Company, L.L.C.","CAIS","N","G26051","TERMIN","N","2006-04-13","2010-05-18","4.1","13","29.05300721","-91.21687655"
"9","1","1881","Helis Oil & Gas Company, L.L.C.","CAIS","N","G02099","TERMIN","N","2006-06-15","2012-01-03","5.6","21","29.13224055","-91.6171395"
"A","1","1871","Helis Oil & Gas Company, L.L.C.","FIXED","Y","G23181","TERMIN","N","2006-11-18","2017-07-18","10.7","88","28.69405927","-94.88547625"
"1","1","1982","Helis Oil & Gas Company, L.L.C.","CAIS","N","G25972","EXPIR","N","2006-11-22","2009-11-20","3","24","29.30859393","-92.31722618"
"C","1","1981","Helis Oil & Gas Company, L.L.C.","CAIS","N","G26480","TERMIN","N","2006-12-15","2017-07-15","10.6","88","28.72158141","-94.90469793"
"B","1","1983","Helis Oil & Gas Company, L.L.C.","CAIS","N","G05502","TERMIN","N","2006-12-14","2023-08-14","16.7","82","28.6802789","-91.37768316"
"1","1","1904","Helis Oil & Gas Company, L.L.C.","CAIS","N","G27100","TERMIN","N","2006-08-20","2015-10-01","9.1","21","29.24370321","-91.82587708"
"A","1","1931","Helis Oil & Gas Company, L.L.C.","CAIS","N","G26513","RELINQ","N","2006-08-13","2011-03-23","4.6","73","28.86225448","-94.46882925"
"1","1","1996","Helis Oil & Gas Company, L.L.C.","CAIS","N","G26017","TERMIN","N","2007-02-01","2014-06-05","7.3","32","29.14831989","-91.97375667"
"DA","1","20191","Anglo-Suisse Offshore Partners, LLC","CAIS","N","00384","RELINQ","N","1967-01-01","2010-07-10","43.5","42","29.128744","-89.569473"
"D","1","20223","Anglo-Suisse Offshore Partners, LLC","FIXED","Y","G01101","RELINQ","N","1969-01-01","2009-08-11","40.6","195","28.81888","-89.789925"
"E","1","20224","Anglo-Suisse Offshore Partners, LLC","FIXED","Y","G01101","RELINQ","N","1969-01-01","2011-07-13","42.5","208","28.813506","-89.784599"
"C","1","20225","Anglo-Suisse Offshore Partners, LLC","FIXED","Y","G01101","RELINQ","N","1965-01-01","2015-06-05","50.4","214","28.809573","-89.788025"
"QRT","2","20225","Anglo-Suisse Offshore Partners, LLC","FIXED","N","G01101","RELINQ","N","1982-01-01","2009-07-20","27.5","214","28.808877","-89.787102"
"7","1","20488","Anglo-Suisse Offshore Partners, LLC","CAIS","N","00385","RELINQ","N","1960-01-01","2009-12-21","50","36","29.152507","-89.595993"
"F","1","21802","Anglo-Suisse Offshore Partners, LLC","FIXED","Y","G01101","RELINQ","N","1974-01-01","2015-06-05","41.4","200","28.810311","-89.792254"
"H","1","1866","Anglo-Suisse Offshore Partners, LLC","FIXED","N","G01101","RELINQ","N","2006-06-20","","","199","28.81720753","-89.79848105"
"C","1","1795","Peregrine Oil & Gas, LP","FIXED","Y","G25008","TERMIN","N","2006-03-06","2023-04-23","17.1","142","29.00371153","-89.73161702"
"D","1","1797","Peregrine Oil & Gas, LP","FIXED","N","G25008","TERMIN","N","2006-09-25","2015-12-14","9.2","140","28.99854854","-89.70271429"
"E","1","1856","Peregrine Oil & Gas, LP","CAIS","N","G19839","RELINQ","N","2006-05-17","2023-04-28","16.9","135","29.03022925","-89.69445373"
"1","1","1918","Peregrine Oil & Gas, LP","CAIS","N","G24920","EXPIR","N","2009-03-12","2009-03-12","0","26","28.92754979","-91.11310241"
"A","1","2222","Peregrine Oil & Gas, LP","FIXED","Y","G30654","TERMIN","N","2009-01-14","","","180","28.16048463","-94.73975396"
"A","1","23813","Eni US Operating Co. Inc.","FIXED","Y","G01088","TERMIN","N","1989-01-01","2022-06-27","33.5","210","28.901085","-89.614413"
"A (Corral)","1","23875","Eni US Operating Co. Inc.","FIXED","Y","","","","1992-01-01","","","619","28.600964","-89.31131"
"A","1","21884","Eni US Operating Co. Inc.","FIXED","Y","G01172","TERMIN","N","1976-01-01","2009-10-15","33.8","210","28.28572","-92.230469"
"H","1","26087","Eni US Operating Co. Inc.","CAIS","N","G01027","TERMIN","N","1994-10-20","2009-06-09","14.6","162","28.42080913","-91.2626289"
"A","1","29052","Eni US Operating Co. Inc.","FIXED","Y","G12761","TERMIN","N","1997-12-18","2018-06-08","20.5","35","29.48589141","-93.5109452"
"B","2","29052","Eni US Operating Co. Inc.","FIXED","Y","G12761","TERMIN","N","2004-06-20","2018-06-08","14","35","29.48571491","-93.51146948"
"3","3","29052","Eni US Operating Co. Inc.","CAIS","N","G12761","TERMIN","N","2005-10-13","2018-06-08","12.7","35","29.48591215","-93.51151778"
"A","1","70009","Eni US Operating Co. Inc.","WP","Y","G13653","TERMIN","N","1997-04-23","2017-05-26","20.1","120","29.34550084","-88.85133118"
"A(Morpeth East)","1","70020","Eni US Operating Co. Inc.","MTLP","Y","G12142","TERMIN","N","1998-08-10","2021-04-26","22.7","1700","28.03480207","-90.02281189"
"A(Allegheny Sea","1","251","Eni US Operating Co. Inc.","MTLP","Y","G07049","UNIT","S","1999-08-19","","","3294","27.69156972","-90.2755364"
"2","1","1336","Eni US Operating Co. Inc.","CAIS","N","G12761","TERMIN","N","2003-11-02","2017-06-02","13.6","40","29.48250544","-93.51376048"
"A(Devils Tower)","1","1175","Eni US Operating Co. Inc.","SPAR","Y","G19996","PROD","S","2004-02-19","","","5610","28.20875531","-88.73747383"
"1","1","1640","Eni US Operating Co. Inc.","CAIS","N","G25566","RELINQ","N","2005-01-09","2011-04-12","6.3","59","29.1668646","-93.97645941"
"B","3","22595","Quintana Petroleum Corporation","FIXED","Y","G03411","TERMIN","N","1983-01-01","1991-08-15","8.6","10","29.135784","-91.109687"
"2","1","22694","Quintana Petroleum Corporation","CAIS","N","G03411","TERMIN","N","1982-01-01","1991-08-18","9.6","12","29.13456","-91.115979"
"4","1","22710","Quintana Petroleum Corporation","CAIS","N","G03411","TERMIN","N","1982-01-01","1991-08-18","9.6","10","29.134495","-91.120013"
"A","1","20113","Walter Oil & Gas Corporation","FIXED","Y","G13641","TERMIN","N","1968-01-01","2007-06-24","39.5","66","29.137452","-89.792132"
"C","2","20113","Walter Oil & Gas Corporation","FIXED","Y","G13641","TERMIN","N","1973-01-01","2007-06-24","34.5","66","29.137473","-89.792094"
"A","1","22577","Walter Oil & Gas Corporation","FIXED","Y","G02933","TERMIN","N","1980-01-01","1997-08-22","17.6","125","29.04206804","-89.69242707"
"8","1","22748","Walter Oil & Gas Corporation","CAIS","N","G13641","TERMIN","N","1982-01-01","2003-09-25","21.7","61","29.154217","-89.783325"
"A","1","23454","Walter Oil & Gas Corporation","FIXED","Y","G04486","TERMIN","N","1988-01-01","2019-11-19","31.9","225","29.2069","-88.767308"
"B","1","23824","Walter Oil & Gas Corporation","FIXED","Y","G02933","TERMIN","N","1990-01-01","1997-10-02","7.8","140","29.004165","-89.678989"
"1","1","24132","Walter Oil & Gas Corporation","CAIS","N","G13641","TERMIN","N","1993-02-03","2003-06-05","10.3","59","29.161571","-89.786517"
"A","1","23293","Walter Oil & Gas Corporation","FIXED","Y","G04824","TERMIN","N","1987-01-01","1990-06-13","3.4","22","29.126149","-91.780285"
"A","1","23575","Walter Oil & Gas Corporation","FIXED","Y","G05547","TERMIN","N","1989-01-01","2001-08-19","12.6","50","28.675445","-90.911937"
"A","1","26019","Walter Oil & Gas Corporation","FIXED","Y","G09651","RELINQ","N","1993-02-23","2018-09-27","25.6","41","28.941019","-90.533283"
"6B","2","26019","Walter Oil & Gas Corporation","FIXED","N","G09651","RELINQ","N","1997-05-31","2018-09-27","21.3","41","28.94095968","-90.53316817"
"A","1","26022","Walter Oil & Gas Corporation","FIXED","Y","G11940","TERMIN","N","1993-03-03","2001-08-29","8.5","23","29.1338","-91.461846"
"B","1","20334","Walter Oil & Gas Corporation","FIXED","Y","00492","TERMIN","N","1957-01-01","1989-09-19","32.7","100","28.881558","-92.481738"
"1","1","20335","Walter Oil & Gas Corporation","CAIS","N","00493","TERMIN","N","1957-01-01","1984-12-31","28","100","28.887556","-92.486355"
"9","1","20337","Walter Oil & Gas Corporation","FIXED","Y","00493","TERMIN","N","1970-01-01","1989-08-31","19.7","97","28.891548","-92.497543"
"JA","1","22291","Walter Oil & Gas Corporation","WP","N","00433","TERMIN","N","1980-01-01","1989-08-24","9.6","60","28.869099","-92.480009"
"A","1","23349","Walter Oil & Gas Corporation","FIXED","Y","G07699","TERMIN","N","1989-01-01","2009-09-24","20.7","95","28.782489","-91.879122"
"A","1","23390","Walter Oil & Gas Corporation","FIXED","Y","G09543","TERMIN","N","1990-01-01","1994-11-10","4.9","200","28.341988","-91.987462"
"1","1","23617","Walter Oil & Gas Corporation","WP","N","00433","TERMIN","N","1959-01-01","1989-09-04","30.7","60","28.867756","-92.476323"
"A","1","23690","Walter Oil & Gas Corporation","FIXED","Y","G05408","TERMIN","N","1988-01-01","1999-07-17","11.5","31","29.178654","-92.327129"
"B","1","24035","Walter Oil & Gas Corporation","FIXED","Y","G07700","RELINQ","N","1992-07-26","2009-09-19","17.1","97","28.774552","-91.887085"
"A","1","10256","Walter Oil & Gas Corporation","FIXED","Y","G04259","TERMIN","N","1984-01-01","1994-12-07","10.9","97","28.601068","-94.978094"
"A","1","10297","Walter Oil & Gas Corporation","FIXED","Y","G06280","RELINQ","N","1985-01-01","","","863","27.818735","-94.322836"
"A","1","10405","Walter Oil & Gas Corporation","FIXED","Y","G04719","EXPIR","N","1986-01-01","1989-09-22","3.7","71","28.800491","-94.735368"
"B","1","10433","Walter Oil & Gas Corporation","WP","N","G04721","TERMIN","N","1988-01-01","1998-09-24","10.7","78","28.724247","-94.898516"
"1","1","10434","Walter Oil & Gas Corporation","CAIS","N","G09047","TERMIN","N","1988-01-01","1993-12-20","6","79","28.748227","-94.886092"
"A","1","10446","Walter Oil & Gas Corporation","FIXED","Y","","","","1988-01-01","2002-08-23","14.6","90","28.256515","-95.875428"
"2","1","10458","Walter Oil & Gas Corporation","CAIS","N","G08132","EXPIR","N","1988-01-01","1990-12-09","2.9","95","28.63244","-94.954607"
"A","1","10472","Walter Oil & Gas Corporation","FIXED","Y","G10228","TERMIN","N","1989-01-01","2002-06-25","13.5","94","28.225036","-95.928132"
"A","1","10483","Walter Oil & Gas Corporation","CAIS","N","G08117","TERMIN","N","1989-01-01","1994-10-02","5.7","94","28.196901","-95.929743"
"A","1","10502","Walter Oil & Gas Corporation","FIXED","Y","G11365","TERMIN","N","1990-01-01","2011-09-09","21.7","62","29.0102","-94.284137"
"A","1","10536","Walter Oil & Gas Corporation","FIXED","Y","G08134","TERMIN","N","1991-01-01","1995-06-27","4.5","105","28.481935","-95.264517"
"2","1","10540","Walter Oil & Gas Corporation","CAIS","N","G04721","TERMIN","N","1991-01-01","1995-07-02","4.5","98","28.745932","-94.888245"
"5","1","10559","Walter Oil & Gas Corporation","CAIS","N","G06180","TERMIN","N","1992-03-01","1999-08-02","7.4","60","29.010942","-94.266524"
"A","1","10561","Walter Oil & Gas Corporation","FIXED","Y","G09032","TERMIN","N","1992-07-22","2015-08-12","23.1","59","29.045902","-94.665889"
"1","1","10565","Walter Oil & Gas Corporation","CAIS","N","G09032","TERMIN","N","1992-07-23","1995-09-15","3.1","57","29.019315","-94.660404"
"1","1","10567","Walter Oil & Gas Corporation","FIXED","Y","G09040","TERMIN","N","1992-09-03","1998-07-28","5.9","62","28.914261","-94.694695"
"A","1","10573","Walter Oil & Gas Corporation","FIXED","Y","","","","1992-10-12","2009-09-11","16.9","66","28.701613","-95.340734"
"A","1","23149","Walter Oil & Gas Corporation","FIXED","Y","G03956","TERMIN","N","1985-01-01","1988-05-19","3.4","37","29.603055","-93.755861"
"A","1","23725","Walter Oil & Gas Corporation","FIXED","Y","G09428","TERMIN","N","1989-01-01","1994-11-22","5.9","223","28.195075","-93.22326"
"A","1","23749","Walter Oil & Gas Corporation","FIXED","Y","G07608","TERMIN","N","1991-01-01","1998-07-28","7.6","73","29.017928","-93.175243"
"A","1","10301","Walter Oil & Gas Corporation","FIXED","Y","G04138","TERMIN","N","1986-01-01","1990-08-06","4.6","142","28.256325","-96.236754"
"11","1","10321","Walter Oil & Gas Corporation","CAIS","N","G04138","TERMIN","N","1988-01-01","1991-08-02","3.6","76","28.24568925","-96.26315789"
"A","1","10376","Walter Oil & Gas Corporation","CAIS","N","G08962","TERMIN","N","1991-01-01","2004-07-26","13.6","142","26.710317","-96.926345"
"10","1","26026","Seagull Energy E&P Inc.","CAIS","N","G03991","TERMIN","N","1993-04-27","1998-07-19","5.2","22","29.254913","-91.718333"
"A (REMOVED)","1","10185","Seagull Energy E&P Inc.","FIXED","Y","G03740","TERMIN","N","1981-01-01","1998-07-24","17.6","97","28.599198","-95.067865"
"B","2","10185","Seagull Energy E&P Inc.","FIXED","Y","G03740","TERMIN","N","1981-01-01","1998-07-24","17.6","97","28.599624","-95.068317"
"A","1","10491","Seagull Energy E&P Inc.","FIXED","Y","G07251","TERMIN","N","1989-01-01","1999-10-24","10.8","90","28.724518","-94.957267"
"4","1","10493","Seagull Energy E&P Inc.","WP","N","G07251","TERMIN","N","1989-01-01","1996-05-05","7.3","80","28.739793","-94.950432"
"3","1","10494","Seagull Energy E&P Inc.","CAIS","N","G07251","TERMIN","N","1989-01-01","1998-10-13","9.8","77","28.717692","-94.941364"
"5","1","10495","Seagull Energy E&P Inc.","WP","N","G07251","TERMIN","N","1989-01-01","1996-05-13","7.4","80","28.732648","-94.961173"
"2","1","10497","Seagull Energy E&P Inc.","CAIS","N","G07251","TERMIN","N","1988-01-01","1996-08-30","8.7","77","28.729742","-94.970406"
"6","1","10498","Seagull Energy E&P Inc.","WP","N","G07251","TERMIN","N","1990-01-01","1996-05-15","6.4","81","28.736293","-94.939486"
"A","1","10236","Seagull Energy E&P Inc.","FIXED","Y","G03043","TERMIN","N","1983-01-01","2002-07-19","19.5","165","27.430513","-96.779527"
"B","1","10258","Seagull Energy E&P Inc.","FIXED","Y","G06004","TERMIN","N","1985-01-01","2001-09-07","16.7","170","27.447448","-96.761803"
"A","1","10372","Seagull Energy E&P Inc.","FIXED","Y","G11213","TERMIN","N","1991-01-01","1998-07-28","7.6","240","26.872597","-96.77202675"
"A","1","10588","Seagull Energy E&P Inc.","WP","N","G13314","EXPIR","N","1993-10-29","1998-10-10","4.9","65","28.787844","-95.061044"
"1","1","28015","Seagull Energy E&P Inc.","CAIS","N","G12505","TERMIN","N","1995-03-01","1999-09-09","4.5","91","28.67695964","-94.9860808"
"A","1","90007","Seagull Energy E&P Inc.","CAIS","N","G12893","TERMIN","N","1996-12-18","1998-09-23","1.8","135","28.61327416","-92.15593297"
"D","1","28057","Seagull Energy E&P Inc.","CAIS","N","G15761","RELINQ","N","1996-09-12","2003-10-06","7.1","94","28.59235082","-95.1858604"
"2","1","23351","Apex Oil & Gas, Inc.","CAIS","N","G04098","TERMIN","N","1989-01-01","2014-08-12","25.6","42","29.529635","-92.802051"
"A","2","23351","Apex Oil & Gas, Inc.","FIXED","Y","G04098","TERMIN","N","2000-07-01","2015-07-22","15.1","42","29.52963495","-92.80205071"
"B","3","23351","Apex Oil & Gas, Inc.","CAIS","N","G04098","TERMIN","N","2001-01-22","2009-06-20","8.4","42","29.52956339","-92.80205595"
"A","1","10577","Apex Oil & Gas, Inc.","FIXED","Y","G12520","TERMIN","N","1993-04-23","2006-11-24","13.6","121","28.477852","-94.756384"
"A","1","29049","Apex Oil & Gas, Inc.","FIXED","Y","G15095","TERMIN","N","1996-09-19","2010-06-18","13.7","130","28.55414796","-93.49912334"
"4","1","90018","Apex Oil & Gas, Inc.","FIXED","N","G04098","TERMIN","N","1997-04-01","2001-12-18","4.7","30","29.56490777","-92.80809802"
"C","1","890","Apex Oil & Gas, Inc.","FIXED","Y","G31293","RELINQ","N","2001-03-04","2010-02-17","9","65","29.12750972","-93.29155109"
"B","1","1105","Apex Oil & Gas, Inc.","FIXED","Y","G17898","TERMIN","N","2002-04-14","2013-07-13","11.2","63","29.08061948","-92.29817184"
"A","1","1137","Apex Oil & Gas, Inc.","CAIS","N","G17897","TERMIN","N","2002-06-10","2009-07-18","7.1","65","29.08208858","-92.30550185"
"A","1","1179","Apex Oil & Gas, Inc.","FIXED","N","G23681","","","2002-10-25","2006-10-31","4","218","28.22762562","-93.7663983"
"1","1","1520","Apex Oil & Gas, Inc.","CAIS","N","G22615","EXPIR","N","2004-04-24","2006-10-09","2.5","19","29.2205913","-92.27268764"
"1","1","1674","Apex Oil & Gas, Inc.","CAIS","N","G26477","EXPIR","N","2005-04-04","2009-08-16","4.4","40","28.88543372","-94.56455925"
"1","1","1712","Apex Oil & Gas, Inc.","CAIS","N","G21591","TERMIN","N","2005-08-24","2011-06-25","5.8","22","29.29391587","-92.26439502"
"A","1","1750","Apex Oil & Gas, Inc.","CAIS","N","G25914","TERMIN","N","2005-09-06","2010-06-04","4.7","112","28.63609466","-93.49633429"
"No.1","1","2413","Apex Oil & Gas, Inc.","FIXED","N","G27036","TERMIN","N","2010-12-17","2015-07-24","4.6","37","29.52674186","-92.75390035"
"3","1","23418","General Atlantic Resources, Inc.","CAIS","N","G04906","TERMIN","N","1987-01-01","1991-06-01","4.4","40","29.352693","-89.102527"
"6","1","21038","General Atlantic Resources, Inc.","CAIS","N","G01119","TERMIN","N","1970-01-01","1992-06-14","22.5","15","29.327227","-92.168439"
"A","1","21145","General Atlantic Resources, Inc.","CAIS","N","G01119","TERMIN","N","1962-01-01","1992-06-19","30.5","18","29.32629","-92.174765"
"A-AUX","2","21145","General Atlantic Resources, Inc.","FIXED","Y","G01119","TERMIN","N","1970-01-01","1992-06-19","22.5","18","29.326156","-92.174765"
"7","1","21146","General Atlantic Resources, Inc.","CAIS","N","G01119","TERMIN","N","1970-01-01","1992-06-09","22.4","15","29.327271","-92.16163"
"A","1","23097","General Atlantic Resources, Inc.","FIXED","Y","G04104","TERMIN","N","1985-01-01","1992-06-21","7.5","20","29.264419","-92.199931"
"9","1","23099","General Atlantic Resources, Inc.","CAIS","N","G01119","TERMIN","N","1985-01-01","1992-06-11","7.4","16","29.356423","-92.165695"
"A","1","21888","General Atlantic Resources, Inc.","FIXED","Y","G02538","TERMIN","N","1975-01-01","1993-05-16","18.4","80","28.947984","-93.145457"
"A","1","23233","General Atlantic Resources, Inc.","WP","N","G02537","TERMIN","N","1985-01-01","1993-04-30","8.3","80","28.957829","-93.140744"
"1","1","23334","PG&E Resources Offshore Company","CAIS","N","G09495","RELINQ","N","1989-01-01","1994-01-14","5","82","28.929975","-92.211294"
"1","1","23384","PG&E Resources Offshore Company","FIXED","Y","G10714","TERMIN","N","1990-01-01","1995-12-17","6","47","29.099136","-92.105768"
"A","1","23639","PG&E Resources Offshore Company","FIXED","Y","G06638","RELINQ","N","1987-01-01","1994-11-09","7.9","171","28.462111","-92.811673"
"1","1","10447","PG&E Resources Offshore Company","FIXED","Y","G09053","TERMIN","N","1988-01-01","1995-07-20","7.5","102","28.532745","-95.155067"
"3","1","23600","PG&E Resources Offshore Company","CAIS","N","G05300","RELINQ","N","1984-01-01","1993-12-31","10","43","29.334995","-93.624413"
"1","1","23701","PG&E Resources Offshore Company","FIXED","Y","G09412","RELINQ","N","1989-01-01","1993-03-06","4.2","60","29.148476","-93.492073"
"1","1","22508","Diamond Shamrock Offshore Partners Limited Partnership","WP","N","G03418","TERMIN","N","1981-01-01","1990-11-18","9.9","48","29.50903","-88.808589"
"A","1","486","El Paso Production GOM Inc.","FIXED","N","G18064","TERMIN","N","1999-12-18","2004-10-20","4.8","75","29.07204359","-89.91300616"
"B","1","795","El Paso Production GOM Inc.","CAIS","N","G18065","TERMIN","N","2000-09-26","2004-10-24","4.1","75","29.08304035","-89.86570646"
"CAIS.#1","1","1100","El Paso Production GOM Inc.","CAIS","N","G17835","TERMIN","N","2002-06-03","2003-11-14","1.4","35","29.49277911","-92.65377561"
"E","1","23547","Dominion Exploration & Production, Inc.","FIXED","Y","G08443","TERMIN","N","1988-01-01","1992-07-09","4.5","65","28.767498","-90.743147"
"A","1","21666","Dominion Exploration & Production, Inc.","FIXED","Y","G01038","TERMIN","N","1965-01-01","1998-11-23","33.9","213","28.340232","-91.307268"
"B","1","21747","Dominion Exploration & Production, Inc.","FIXED","Y","G01027","TERMIN","N","1974-01-01","1997-09-28","23.7","170","28.438768","-91.28136"
"C","1","21927","Dominion Exploration & Production, Inc.","FIXED","Y","G01028","TERMIN","N","1974-01-01","2001-01-04","27","180","28.44028","-91.294452"
"B(Removed)","1","22110","Dominion Exploration & Production, Inc.","FIXED","Y","G01038","TERMIN","N","1978-01-01","1997-10-06","19.8","214","28.336419","-91.296045"
"A","1","22177","Dominion Exploration & Production, Inc.","FIXED","Y","G02144","TERMIN","N","1978-01-01","1990-07-15","12.5","320","28.143846","-91.324966"
"A","1","22275","Dominion Exploration & Production, Inc.","FIXED","Y","G02332","TERMIN","N","1979-01-01","1990-08-27","11.7","337","27.993073","-91.78384"
"A","1","22376","Dominion Exploration & Production, Inc.","FIXED","Y","G03999","TERMIN","N","1980-01-01","1993-08-22","13.6","245","28.264513","-91.325543"
"A","1","23298","Dominion Exploration & Production, Inc.","FIXED","Y","G05521","TERMIN","N","1987-01-01","1995-06-09","8.4","265","28.189879","-91.767029"
"B","1","21499","Dominion Exploration & Production, Inc.","CAIS","N","G01974","TERMIN","N","1973-01-01","1989-04-25","16.3","65","29.141403","-92.970992"
"A(Removed)","1","21500","Dominion Exploration & Production, Inc.","FIXED","Y","G00938","TERMIN","N","1973-01-01","1997-01-21","24.1","66","29.137256","-92.967257"
"C","1","22072","Dominion Exploration & Production, Inc.","FIXED","Y","G01974","TERMIN","N","1977-01-01","1989-04-25","12.3","67","29.141619","-92.984444"
"A","1","23346","Dominion Exploration & Production, Inc.","FIXED","Y","G06692","TERMIN","N","1989-01-01","1997-09-20","8.7","149","28.563657","-91.965727"
"A","1","24051","Dominion Exploration & Production, Inc.","FIXED","Y","G09548","TERMIN","N","1993-09-04","1995-06-28","1.8","246","28.203555","-92.017578"
"A","1","10186","Dominion Exploration & Production, Inc.","FIXED","Y","G02390","TERMIN","N","1981-01-01","2000-06-04","19.4","270","27.951288","-94.045062"
"A","1","10233","Dominion Exploration & Production, Inc.","FIXED","Y","G03478","TERMIN","N","1984-01-01","2000-06-13","16.4","178","28.293943","-94.243497"
"A","1","10260","Dominion Exploration & Production, Inc.","FIXED","Y","G06226","TERMIN","N","1984-01-01","2000-06-08","16.4","164","28.27201","-94.326582"
"A","1","22319","Dominion Exploration & Production, Inc.","FIXED","Y","G02236","TERMIN","N","1980-01-01","1990-08-12","10.6","335","28.022549","-93.019368"
"A","1","22795","Dominion Exploration & Production, Inc.","FIXED","Y","G03969","TERMIN","N","1983-01-01","1995-09-21","12.7","123","28.551375","-93.266766"
"A","1","22829","Dominion Exploration & Production, Inc.","FIXED","Y","G03802","TERMIN","N","1983-01-01","1987-11-05","4.8","65","29.159465","-93.494193"
"B","2","22928","Dominion Exploration & Production, Inc.","FIXED","Y","G05188","TERMIN","N","1984-01-01","2008-06-08","24.4","195","28.22354892","-93.42304447"
"A","1","22928","Dominion Exploration & Production, Inc.","FIXED","Y","G05188","TERMIN","N","1984-01-01","2008-06-08","24.4","195","28.22435984","-93.42306117"
"C","1","29006","Dominion Exploration & Production, Inc.","CAIS","N","G05348","TERMIN","N","1994-01-01","2005-08-16","11.6","190","28.251939","-93.410162"
"A","1","24094","Dominion Exploration & Production, Inc.","FIXED","Y","G11919","TERMIN","N","1994-10-16","2006-03-04","11.4","212","28.29764769","-92.1097724"
"B","1","254","Dominion Exploration & Production, Inc.","FIXED","N","G16514","TERMIN","N","1998-11-09","2006-02-22","7.3","290","29.27830097","-88.25767161"
"D","1","320","Dominion Exploration & Production, Inc.","FIXED","N","G02390","TERMIN","N","1999-02-07","2001-09-24","2.6","275","27.97745962","-94.05839431"
"K","1","1119","Dominion Exploration & Production, Inc.","FIXED","N","G21657","EXPIR","N","2002-07-05","2007-08-14","5.1","150","28.45938275","-91.27067534"
"2","1","1425","Dominion Exploration & Production, Inc.","CAIS","N","G10549","TERMIN","N","2004-01-12","2009-07-26","5.5","47","29.42252994","-93.58572174"
"1","1","1846","Dominion Exploration & Production, Inc.","CAIS","N","G24718","RELINQ","N","2007-03-17","2007-03-18","0","58","29.27512418","-93.17045482"
"2","1","2011","Dominion Exploration & Production, Inc.","CAIS","N","G27003","TERMIN","N","2007-01-18","2007-03-19","0.2","36","29.46398476","-93.41793158"
"PP-VALVE","1","24242","Venice Gathering System, L.L.C.","FIXED","N","","","","1996-10-01","2010-07-20","13.8","45","29.174728","-89.659422"
"PP-Flare Pile","2","24242","Venice Gathering System, L.L.C.","CAIS","N","","","","1996-10-01","1999-07-05","2.8","45","29.17554084","-89.65846805"
"1","1","10511","British-Borneo USA, Inc.","CAIS","N","G11315","TERMIN","N","1990-01-01","1993-12-19","4","67","28.82680206","-94.79572327"
"A","1","27033","British-Borneo USA, Inc.","WP","N","G14373","TERMIN","N","1995-07-25","2000-10-29","5.3","124","28.58465587","-92.63218637"
"CAIS.#1","1","166","Westport Resources Corporation","CAIS","N","G16347","EXPIR","N","1998-02-05","2002-07-07","4.4","27","29.09713276","-91.53613537"
"1","1","812","Westport Resources Corporation","CAIS","N","G19785","TERMIN","N","2000-09-08","2009-09-08","9","21","29.25652389","-91.72054696"
"D","1","20015","GOM Shelf LLC","FIXED","N","00182","UNIT","S","1963-01-01","","","131","28.969629","-89.819547"
"C","1","20018","GOM Shelf LLC","FIXED","N","00131","UNIT","S","1967-01-01","2026-05-17","59.4","100","28.998757","-89.937759"
"D","1","20020","GOM Shelf LLC","FIXED","Y","00129","UNIT","S","1968-01-01","","","90","28.993593","-89.967129"
"AQ-QRT","1","20021","GOM Shelf LLC","FIXED","N","00175","UNIT","S","1968-01-01","","","110","29.000964","-89.858925"
"AP-QRT","2","20021","GOM Shelf LLC","FIXED","Y","00175","UNIT","S","1968-01-01","","","110","29.001239","-89.858921"
"AC-CMP","3","20021","GOM Shelf LLC","FIXED","Y","00175","UNIT","S","1968-01-01","","","110","29.001243","-89.859234"
"JB","1","22536","BP America Production Company","CAIS","N","G02825","RELINQ","N","1982-01-01","2004-08-14","22.6","25","29.625857","-93.158042"
"A","1","10142","BP America Production Company","FIXED","Y","G03018","TERMIN","N","1980-01-01","1989-02-15","9.1","108","27.734562","-96.715196"
"A-AUX1","2","10142","BP America Production Company","FIXED","N","G03018","TERMIN","N","1980-01-01","1989-02-15","9.1","108","27.73429","-96.715448"
"1","1","10385","BP America Production Company","CAIS","N","G13768","TERMIN","N","1994-01-01","2001-10-09","7.8","70","28.07182411","-96.38149938"
"JC","1","29012","BP America Production Company","CAIS","N","G02825","RELINQ","N","1994-09-27","2006-04-27","11.6","35","29.63592475","-93.15872945"
"1","1","29035","BP America Production Company","FIXED","N","G11753","TERMIN","N","1995-07-24","2004-06-30","8.9","32","29.66065845","-93.16054702"
"A","1","26077","BP America Production Company","CAIS","N","G10735","TERMIN","N","1994-01-01","1997-05-12","3.4","80","28.75090226","-91.49116218"
"2","1","391","BP America Production Company","CAIS","N","G15780","TERMIN","N","1999-04-29","2004-07-12","5.2","55","29.17189168","-93.96946333"
"HIOS - A-LIQ","1","25002","High Island Offshore System, L.L.C.","FIXED","N","","","","1979-03-30","","","150","28.46944254","-93.73932384"
"B-CMP","2","25002","High Island Offshore System, L.L.C.","FIXED","N","","","","1979-03-30","","","150","28.47114855","-93.73929925"
"C-QTRS","3","25002","High Island Offshore System, L.L.C.","FIXED","N","","","","1979-03-30","","","150","28.47029404","-93.73996588"
"FLR BRG 1","4","25002","High Island Offshore System, L.L.C.","FIXED","N","","","","1979-03-30","","","150","28.47115473","-93.73945471"
"FLR BRG 2","5","25002","High Island Offshore System, L.L.C.","FIXED","N","","","","1979-03-30","","","150","28.47116091","-93.73961018"
"HIOS - VALVE","1","25005","High Island Offshore System, L.L.C.","FIXED","N","","","","1979-03-30","","","255","28.0973385","-93.50274218"
"HIOS - VALVE","1","25006","High Island Offshore System, L.L.C.","FIXED","N","","","","1979-03-30","","","230","28.09075523","-93.74354975"
"HIOS - HIA573","1","25007","High Island Offshore System, L.L.C.","FIXED","N","","","","1979-03-30","","","330","27.91044565","-93.95182702"
"HIOS - HIA582","1","25008","High Island Offshore System, L.L.C.","FIXED","N","","","","1979-03-30","","","327","27.9486202","-94.38900211"
"HIOS - VALVE","1","25024","High Island Offshore System, L.L.C.","FIXED","N","","","","1979-03-30","","","46","29.38769094","-93.44152034"
"BS1","2","25024","High Island Offshore System, L.L.C.","FIXED","N","","","","1979-03-30","","","46","29.38767829","-93.44230518"
"FLR","3","25024","High Island Offshore System, L.L.C.","FIXED","N","","","","1979-03-30","","","46","29.38766488","-93.44313712"
"5 & 12","1","20893","Calpine Natural Gas Company","WP","N","G00935","TERMIN","N","1965-01-01","2004-10-24","39.8","60","29.281561","-92.718827"
"B","1","21205","Anadarko E&P Company LP","FIXED","Y","G01520","TERMIN","N","1969-01-01","2002-05-26","33.4","107","28.528098","-91.124018"
"A","1","22978","Anadarko E&P Company LP","FIXED","Y","G05553","TERMIN","N","1985-01-01","1990-11-21","5.9","61","28.618123","-90.931723"
"A","1","23171","Anadarko E&P Company LP","FIXED","Y","G05548","TERMIN","N","1985-01-01","1993-03-22","8.2","60","28.669567","-90.825195"
"B","1","23540","Anadarko E&P Company LP","CAIS","N","G05553","TERMIN","N","1987-01-01","1990-11-21","3.9","61","28.618226","-90.931405"
"A","1","23594","Anadarko E&P Company LP","FIXED","Y","G05555","TERMIN","N","1990-01-01","2000-07-21","10.6","73","28.587801","-90.901861"
"A","1","23953","Anadarko E&P Company LP","FIXED","Y","G10719","TERMIN","N","1991-12-15","2004-09-19","12.8","25","29.164156","-91.829031"
"A","1","23960","Anadarko E&P Company LP","FIXED","Y","G10784","TERMIN","N","1991-01-01","1993-06-14","2.5","181","28.334949","-90.915282"
"A","1","23990","Anadarko E&P Company LP","FIXED","Y","G08707","TERMIN","N","1993-01-06","2004-11-08","11.8","54","28.775647","-91.329588"
"A","1","26020","Anadarko E&P Company LP","FIXED","Y","G12946","EXPIR","N","1993-04-27","1996-09-26","3.4","72","28.62467","-91.092048"
"A","1","26021","Anadarko E&P Company LP","CAIS","N","G09573","TERMIN","N","1993-06-08","1995-07-09","2.1","16","29.339283","-91.717781"
"A-PRD","1","26035","Anadarko E&P Company LP","FIXED","Y","G10784","TERMIN","N","1993-06-27","1996-04-11","2.8","176","28.334949","-90.915235"
"3","1","21832","Anadarko E&P Company LP","CAIS","N","G02311","TERMIN","N","1973-01-01","1981-12-31","9","25","29.113255","-91.892384"
"4","1","22062","Anadarko E&P Company LP","CAIS","N","G02600","TERMIN","N","1977-01-01","1981-12-31","5","47","29.059821","-91.864324"
"A","1","23675","Anadarko E&P Company LP","CAIS","N","G08644","EXPIR","N","1988-01-01","1993-03-27","5.2","65","29.164561","-92.75074"
"B","2","23675","Anadarko E&P Company LP","FIXED","Y","G08644","EXPIR","N","1990-01-01","1993-03-27","3.2","65","29.164561","-92.75074"
"A","1","24010","Anadarko E&P Company LP","WP","N","G10695","TERMIN","N","1991-01-01","1995-06-16","4.5","93","28.851665","-92.097139"
"B","2","24010","Anadarko E&P Company LP","FIXED","Y","G10695","TERMIN","N","1991-01-01","1994-06-21","3.5","93","28.851665","-92.097139"
"A(REMOVED)","1","10255","Anadarko E&P Company LP","FIXED","Y","G06211","TERMIN","N","1984-01-01","1997-10-19","13.8","71","28.966167","-93.689754"
"A","1","10429","Anadarko E&P Company LP","WP","N","G08150","TERMIN","N","1988-01-01","1994-08-06","6.6","52","29.213053","-94.440166"
"B","2","10429","Anadarko E&P Company LP","WP","N","G08150","TERMIN","N","1988-01-01","1994-08-06","6.6","52","29.2136","-94.441108"
"C","3","10429","Anadarko E&P Company LP","FIXED","Y","G08150","TERMIN","N","1989-01-01","1994-08-06","5.6","52","29.21357","-94.4404"
"D","4","10429","Anadarko E&P Company LP","FIXED","N","G08150","TERMIN","N","1989-01-01","1994-05-24","5.4","52","29.213387","-94.440606"
"A","1","10459","Anadarko E&P Company LP","FIXED","Y","G08170","TERMIN","N","1988-01-01","1993-04-14","5.3","65","29.050315","-93.723014"
"B","1","10475","Anadarko E&P Company LP","CAIS","N","G09099","TERMIN","N","1989-01-01","1995-06-24","6.5","82","28.837304","-94.079641"
"A","1","10477","Anadarko E&P Company LP","FIXED","Y","G09098","EXPIR","N","1989-01-01","1994-09-28","5.7","84","28.838339","-94.094885"
"A","1","10513","Anadarko E&P Company LP","FIXED","Y","G09025","TERMIN","N","1990-01-01","1997-06-04","7.4","118","28.322796","-95.359425"
"A (REMOVED)","1","10514","Anadarko E&P Company LP","FIXED","Y","G08172","TERMIN","N","1990-01-01","1997-10-17","7.8","80","28.880305","-93.84802"
"A","1","23198","Anadarko E&P Company LP","FIXED","Y","G05321","TERMIN","N","1985-01-01","1993-04-10","8.3","97","28.699255","-93.601425"
"A","1","28008","Walter Oil & Gas Corporation","FIXED","Y","G14152","TERMIN","N","1994-09-29","2008-10-30","14.1","268","27.968316","-94.589512"
"B","1","24189","Walter Oil & Gas Corporation","FIXED","Y","G04486","TERMIN","N","1994-01-01","2019-10-28","25.8","227","29.2196847","-88.79315655"
"A","1","24209","Walter Oil & Gas Corporation","FIXED","Y","G08735","UNIT","S","1994-11-30","","","252","28.83155982","-89.55783824"
"A(Removed)","1","26099","Walter Oil & Gas Corporation","WP","N","G14473","EXPIR","N","1995-01-11","1996-10-10","1.7","136","28.56853927","-91.61233785"
"A","1","26100","Walter Oil & Gas Corporation","FIXED","Y","G10720","TERMIN","N","1994-11-26","2007-06-16","12.6","1","29.13650929","-91.72974753"
"A","1","26123","Walter Oil & Gas Corporation","FIXED","Y","G10780","PROD","S","1995-05-12","","","151","28.42553126","-91.1369222"
"A","1","24225","Walter Oil & Gas Corporation","FIXED","Y","G14584","TERMIN","N","1995-05-05","2001-12-04","6.6","226","29.354481","-88.187484"
"A","1","27053","Walter Oil & Gas Corporation","FIXED","Y","G05431","TERMIN","N","1996-01-09","2023-05-10","27.3","150","28.54397788","-92.19020852"
"6","1","28061","Walter Oil & Gas Corporation","CAIS","N","G06180","TERMIN","N","1996-01-01","2011-09-30","15.7","60","29.03337268","-94.27818786"
"A","1","33038","Walter Oil & Gas Corporation","WP","N","G12845","TERMIN","N","1996-01-01","2004-05-21","8.4","181","28.40166773","-92.80562875"
"A","1","31027","Walter Oil & Gas Corporation","FIXED","Y","G14560","TERMIN","N","1996-09-02","2007-10-27","11.1","303","28.43771135","-89.98322472"
"A","1","31031","Walter Oil & Gas Corporation","FIXED","Y","G12037","TERMIN","N","1996-09-10","2011-09-21","15","303","28.27575747","-90.21214551"
"C","1","1571","Walter Oil & Gas Corporation","CAIS","N","G26151","EXPIR","N","2005-02-20","2009-06-01","4.3","71","29.65153309","-88.58965198"
"A","1","80003","Walter Oil & Gas Corporation","FIXED","Y","G14487","TERMIN","N","1996-11-18","2010-08-02","13.7","350","27.9930322","-91.66068771"
"A(Seahorse Pro","1","70029","Walter Oil & Gas Corporation","FIXED","Y","","","","1997-08-22","","","366","28.3076123","-90.0219665"
"B","1","8","Walter Oil & Gas Corporation","CAIS","N","G04127","PROD","S","1997-08-15","2009-09-26","12.1","283","29.11554592","-88.76830705"
"5","1","32002","Walter Oil & Gas Corporation","CAIS","N","G10720","TERMIN","N","1996-09-18","2002-06-06","5.7","22","29.13954234","-91.75182616"
"A","1","165","Walter Oil & Gas Corporation","CAIS","Y","G24980","TERMIN","N","1998-03-05","2015-08-22","17.5","154","28.38411759","-90.52891552"
"A","1","272","Walter Oil & Gas Corporation","FIXED","Y","G08730","TERMIN","N","1998-08-01","2003-01-09","4.4","137","28.82340708","-89.96724446"
"CAIS.#4","1","313","Walter Oil & Gas Corporation","CAIS","N","G15742","TERMIN","N","1998-09-22","2015-08-18","16.9","60","29.05086512","-94.65999207"
"5","1","362","Walter Oil & Gas Corporation","CAIS","N","G09032","TERMIN","N","1998-11-28","2010-10-06","11.9","60","29.03683797","-94.65860539"
"A","1","480","Walter Oil & Gas Corporation","FIXED","Y","G14555","TERMIN","N","1999-09-04","2003-10-21","4.1","116","28.80922918","-90.07962039"
"H","1","580","Walter Oil & Gas Corporation","FIXED","Y","G17912","TERMIN","N","1999-12-26","2023-05-19","23.4","158","28.53037343","-92.20406623"
"CAIS.#2","1","531","Walter Oil & Gas Corporation","CAIS","N","G05954","TERMIN","N","1999-09-02","2004-07-20","4.9","136","26.79507873","-96.98740947"
"3","1","640","Walter Oil & Gas Corporation","CAIS","N","G09086","TERMIN","N","1999-10-25","2004-04-17","4.5","57","29.16036913","-94.1384727"
"2","1","654","Walter Oil & Gas Corporation","CAIS","N","G09651","RELINQ","N","2000-05-31","2016-10-17","16.4","41","28.95563482","-90.51590896"
"C","1","949","Walter Oil & Gas Corporation","FIXED","N","G21706","TERMIN","N","2001-05-02","2009-08-23","8.3","20","29.43000145","-89.06489713"
"3","1","954","Walter Oil & Gas Corporation","CAIS","N","G09651","RELINQ","N","2001-05-08","2004-05-01","3","45","28.9527815","-90.52712472"
"A","1","1009","Walter Oil & Gas Corporation","FIXED","N","G18121","TERMIN","N","2003-02-01","2007-05-12","4.3","38","29.59716889","-93.77260583"
"3","1","1022","Walter Oil & Gas Corporation","CAIS","N","G13641","TERMIN","N","2001-11-15","2006-09-02","4.8","58","29.16133565","-89.77850983"
"A","1","1021","Walter Oil & Gas Corporation","CAIS","Y","G16240","TERMIN","N","2001-02-20","2006-12-16","5.8","79","28.97609453","-92.99542003"
"A","1","1173","Walter Oil & Gas Corporation","FIXED","Y","","","","2003-03-01","","","37","28.91339102","-91.39139565"
"A","1","1195","Walter Oil & Gas Corporation","FIXED","Y","G22262","RELINQ","N","2002-11-24","2011-07-15","8.6","230","28.04714526","-94.28520619"
"1","1","1229","Walter Oil & Gas Corporation","CAIS","N","G21637","TERMIN","N","2003-04-12","2007-04-28","4","25","29.08357286","-91.47829186"
"#3","1","1397","Walter Oil & Gas Corporation","WP","N","G17973","TERMIN","N","2003-10-10","2012-08-04","8.8","37","28.92747226","-91.38416182"
"5","1","1466","Walter Oil & Gas Corporation","CAIS","N","G10726","TERMIN","N","2004-02-28","2009-09-03","5.5","48","28.92943496","-91.46945599"
"1","1","1644","Walter Oil & Gas Corporation","CAIS","N","G21588","TERMIN","N","2004-11-04","2009-07-31","4.7","17","29.47132624","-92.29434181"
"A","1","1682","Walter Oil & Gas Corporation","CAIS","Y","G22699","TERMIN","N","2005-05-04","2014-09-30","9.4","35","28.91474652","-90.82972256"
"B","2","1682","Walter Oil & Gas Corporation","FIXED","N","G22699","TERMIN","N","2008-08-11","2014-09-30","6.1","35","28.91485703","-90.82985639"
"1","1","1732","Walter Oil & Gas Corporation","CAIS","N","G24901","TERMIN","N","2005-06-07","2009-08-30","4.2","50","28.91061737","-91.47478066"
"J","1","2014","Walter Oil & Gas Corporation","CAIS","N","00422","RELINQ","N","2007-06-07","","","69","28.85270706","-90.39444191"
"I","1","1884","Walter Oil & Gas Corporation","CAIS","N","00422","RELINQ","N","2006-10-30","2025-09-02","18.8","68","28.86205854","-90.39049093"
"A","1","1967","Walter Oil & Gas Corporation","FIXED","Y","G22751","TERMIN","N","2007-03-26","2011-10-22","4.6","160","28.42130155","-90.40891777"
"B","1","2176","Walter Oil & Gas Corporation","FIXED","Y","G04232","TERMIN","N","2008-03-13","2024-06-15","16.3","68","28.58651471","-90.80470738"
"5","1","2351","Walter Oil & Gas Corporation","CAIS","N","G17973","TERMIN","N","2010-01-15","2012-08-08","2.6","47","28.8936486","-91.41844"
"C","1","2353","Walter Oil & Gas Corporation","CAIS","N","G04232","TERMIN","N","2010-01-22","2024-06-12","14.4","73","28.57477907","-90.80508329"
"2","1","2419","Walter Oil & Gas Corporation","FIXED","N","G27509","TERMIN","N","2011-02-14","2023-05-29","12.3","51","29.1817124","-94.36986424"
"1","1","22509","Diamond Shamrock Offshore Partners Limited Partnership","WP","N","G02948","TERMIN","N","1981-01-01","1985-12-31","5","48","29.499406","-88.850482"
"1","1","23193","Diamond Shamrock Offshore Partners Limited Partnership","CAIS","N","G04904","TERMIN","N","1985-01-01","1990-11-16","5.9","50","29.383366","-88.901135"
"3","2","23193","Diamond Shamrock Offshore Partners Limited Partnership","CAIS","N","G04904","TERMIN","N","1988-01-01","1990-11-16","2.9","50","29.383367","-88.90116"
"2","1","23400","Diamond Shamrock Offshore Partners Limited Partnership","CAIS","N","G04912","TERMIN","N","1986-01-01","1990-11-21","4.9","48","29.480759","-88.817465"
"A","1","22503","Diamond Shamrock Offshore Partners Limited Partnership","FIXED","Y","G03774","TERMIN","N","1981-01-01","1987-11-02","6.8","35","29.44685","-92.483325"
"B","1","22887","Diamond Shamrock Offshore Partners Limited Partnership","FIXED","Y","G05026","TERMIN","N","1984-01-01","1995-12-12","11.9","34","29.383022","-92.425771"
"A","1","10487","Diamond Shamrock Offshore Partners Limited Partnership","WP","N","G09013","EXPIR","N","1989-01-01","1999-09-13","10.7","63","28.597849","-95.486825"
"7","1","10506","Diamond Shamrock Offshore Partners Limited Partnership","CAIS","N","G05003","TERMIN","N","1990-01-01","1991-07-23","1.6","69","28.56245","-95.54375"
"A","1","22293","Diamond Shamrock Offshore Partners Limited Partnership","FIXED","Y","G03502","TERMIN","N","1979-01-01","1989-11-01","10.8","95","28.781056","-93.060021"
"A","1","22773","Diamond Shamrock Offshore Partners Limited Partnership","FIXED","Y","G04383","TERMIN","N","1983-01-01","1990-09-18","7.7","34","29.649376","-93.243589"
"1","1","22872","Diamond Shamrock Offshore Partners Limited Partnership","CAIS","N","G04757","TERMIN","N","1983-01-01","1991-07-22","8.6","55","29.314488","-93.016139"
"A","1","22885","Diamond Shamrock Offshore Partners Limited Partnership","FIXED","Y","G04757","TERMIN","N","1984-01-01","1991-07-20","7.5","55","29.317861","-93.034767"
"A","1","22014","Tatham Offshore, Inc.","FIXED","Y","G02539","TERMIN","N","1977-01-01","1996-06-19","19.5","116","28.655101","-93.228795"
"B","1","20068","Mariner Energy, Inc.","FIXED","Y","G00994","TERMIN","N","1969-01-01","2011-04-12","42.3","210","28.346288","-91.709911"
"F","1","20072","Mariner Energy, Inc.","FIXED","Y","G01981","TERMIN","N","1972-01-01","2010-10-18","38.8","230","28.278753","-91.727161"
"J","2","20072","Mariner Energy, Inc.","FIXED","Y","G01981","TERMIN","N","1985-01-01","2010-08-28","25.7","230","28.279156","-91.727463"
"E","1","21215","Mariner Energy, Inc.","FIXED","Y","00811","UNIT","S","1969-01-01","2011-03-15","42.2","167","28.484265","-91.763355"
"F","1","21233","Mariner Energy, Inc.","FIXED","Y","00811","UNIT","S","1971-01-01","2007-07-22","36.6","176","28.459518","-91.766433"
"I","1","22343","Mariner Energy, Inc.","FIXED","Y","00812","UNIT","S","1980-01-01","2009-12-07","29.9","176","28.467625","-91.820559"
"J","1","21599","Mariner Energy, Inc.","WP","N","G01182","TERMIN","N","1968-01-01","2009-09-24","41.7","68","28.965075","-91.996681"
"A-AUX","1","10105","Mariner Energy, Inc.","FIXED","Y","G02689","TERMIN","N","1978-01-01","2011-12-09","33.9","203","28.262514","-93.94286"
"A","2","10105","Mariner Energy, Inc.","FIXED","Y","G02689","TERMIN","N","1978-01-01","2011-12-14","33.9","203","28.262789","-93.942847"
"A","1","10113","Mariner Energy, Inc.","FIXED","Y","G25601","RELINQ","N","1978-01-01","2012-03-31","34.2","183","28.36098924","-93.76899323"
"A","1","10499","Mariner Energy, Inc.","WP","N","G11297","TERMIN","N","1990-01-01","2011-01-07","21","186","27.866942","-96.033411"
"1","1","10560","Mariner Energy, Inc.","CAIS","N","G07214","TERMIN","N","1992-01-01","2005-03-31","13.2","67","28.70174511","-95.33167611"
"1","1","21217","Mariner Energy, Inc.","WP","N","00081","TERMIN","N","1964-01-01","2008-10-09","44.8","40","29.505637","-93.278704"
"1","1","23637","Mariner Energy, Inc.","FIXED","Y","G05293","TERMIN","N","1987-01-01","2010-12-07","23.9","60","29.171093","-93.334321"
"B #2","1","23746","Mariner Energy, Inc.","FIXED","N","G05293","TERMIN","N","1990-01-01","2010-12-13","20.9","61","29.188194","-93.33527"
"A","1","10350","Mariner Energy, Inc.","FIXED","Y","G05985","TERMIN","N","1989-01-01","2010-11-16","21.9","93","27.749185","-96.768578"
"A","1","10367","Mariner Energy, Inc.","FIXED","Y","G07201","TERMIN","N","1990-01-01","2010-11-08","20.9","97","28.122047","-96.148247"
"C","1","24071","Mariner Energy, Inc.","WP","N","G03393","RELINQ","N","1994-01-23","2008-04-22","14.2","60","29.143942","-92.610704"
"A","1","24175","Mariner Energy, Inc.","FIXED","Y","G10917","TERMIN","N","1994-01-01","2011-10-16","17.8","116","29.73740078","-88.42951"
"A","1","40001","Mariner Energy, Inc.","FIXED","Y","G15794","TERMIN","N","1996-11-30","2012-07-09","15.6","139","28.49176393","-93.94987089"
"C","1","1548","Mariner Energy, Inc.","FIXED","Y","G24733","TERMIN","N","2004-01-01","2012-07-18","8.5","70","29.07278623","-93.43671283"
"A","1","1558","Mariner Energy, Inc.","FIXED","Y","G24404","TERMIN","N","2004-12-04","2011-10-30","6.9","26","29.42677826","-93.83976067"
"D","1","12","Mariner Energy, Inc.","WP","N","G02688","TERMIN","N","1997-08-13","2008-09-29","11.1","187","28.29371965","-93.97613578"
"B","1","79","Mariner Energy, Inc.","WP","Y","G15793","TERMIN","N","1997-12-07","2011-10-27","13.9","146","28.46864452","-93.97502602"
"1","1","356","Mariner Energy, Inc.","CAIS","N","G18885","TERMIN","N","1999-06-01","2011-08-08","12.2","79","28.23274412","-96.25262858"
"C","1","537","Mariner Energy, Inc.","FIXED","Y","G15794","TERMIN","N","1999-09-09","2006-10-10","7.1","142","28.49117015","-93.91453698"
"B","1","603","Mariner Energy, Inc.","FIXED","N","G19774","TERMIN","N","1999-10-12","2011-07-09","11.7","149","28.55846865","-91.9525461"
"B","1","621","Mariner Energy, Inc.","FIXED","Y","G14538","TERMIN","N","2000-01-23","2011-07-20","11.5","26","28.40333043","-90.56564446"
"CAIS.#16","1","666","Mariner Energy, Inc.","CAIS","N","G01244","TERMIN","N","2000-06-05","2012-07-03","12.1","60","28.80968569","-90.61405064"
"E","1","742","Mariner Energy, Inc.","FIXED","Y","G01198","TERMIN","N","2000-08-29","2010-09-19","10.1","134","28.61158705","-91.96972827"
"A","1","893","Mariner Energy, Inc.","FIXED","N","00813","UNIT","S","2001-08-01","2010-07-17","9","195","28.43049107","-91.79067463"
"CAIS.#3","1","1172","Mariner Energy, Inc.","CAIS","N","G22238","TERMIN","N","2002-09-21","2011-08-16","8.9","52","29.14092892","-94.32359764"
"C","1","1277","Mariner Energy, Inc.","FIXED","Y","G23819","EXPIR","N","2003-05-19","2011-08-02","8.2","90","28.9786406","-92.51723868"
"AR-RSR","4","20021","GOM Shelf LLC","FIXED","N","00175","UNIT","S","1968-01-01","","","110","29.001232","-89.858296"
"AS-SEP","5","20021","GOM Shelf LLC","FIXED","Y","00175","UNIT","S","1968-01-01","","","110","29.000682","-89.858304"
"N","1","20022","GOM Shelf LLC","FIXED","Y","00182","UNIT","S","1967-01-01","2011-12-01","44.9","138","28.94272529","-89.82482847"
"M","1","20023","GOM Shelf LLC","FIXED","Y","00838","UNIT","S","1966-01-01","2011-09-14","45.7","136","28.982521","-89.788059"
"E","1","20027","GOM Shelf LLC","FIXED","Y","00838","UNIT","S","1962-01-01","","","137","28.97043","-89.79802"
"Q","1","20030","GOM Shelf LLC","FIXED","Y","00175","UNIT","S","1967-01-01","2016-06-24","49.5","140","28.99823","-89.882923"
"E","1","20032","GOM Shelf LLC","FIXED","Y","00130","UNIT","S","1968-01-01","","","85","28.992925","-89.985392"
"U","1","20035","GOM Shelf LLC","FIXED","Y","00180","UNIT","S","1970-01-01","","","111","29.014248","-89.841781"
"V","1","20036","GOM Shelf LLC","FIXED","Y","00839","PROD","S","1970-01-01","","","156","28.926693","-89.781866"
"D","1","20039","GOM Shelf LLC","FIXED","Y","00134","UNIT","S","1959-01-01","2010-02-14","51.1","86","28.960412","-90.043632"
"H","1","20041","GOM Shelf LLC","FIXED","Y","00133","UNIT","S","1970-01-01","2011-11-22","41.9","90","28.945769","-90.033487"
"G","1","20043","GOM Shelf LLC","FIXED","Y","00128","UNIT","S","1968-01-01","","","85","28.969648","-90.000288"
"F","1","20045","GOM Shelf LLC","FIXED","Y","00128","UNIT","S","1960-01-01","2009-11-12","49.9","86","28.969151","-90.021006"
"I","2","20045","GOM Shelf LLC","FIXED","Y","00128","UNIT","S","1970-01-01","2008-03-30","38.2","86","28.968684","-90.021537"
"AP","3","20046","GOM Shelf LLC","FIXED","Y","00133","UNIT","S","1992-01-01","","","89","28.9456","-90.031173"
"AX","4","20046","GOM Shelf LLC","FIXED","N","00133","UNIT","S","1992-01-01","","","89","28.945536","-90.030786"
"A","1","20046","GOM Shelf LLC","FIXED","Y","00133","UNIT","S","1955-01-01","","","89","28.945539","-90.031099"
"AQ QTRS","2","20046","GOM Shelf LLC","FIXED","N","00133","UNIT","S","1972-01-01","","","89","28.945536","-90.030786"
"E","1","20194","GOM Shelf LLC","FIXED","Y","00134","UNIT","S","1958-01-01","","","91","28.934192","-90.043518"
"B","1","20196","GOM Shelf LLC","FIXED","Y","G01666","PROD","S","1968-01-01","","","320","29.258517","-88.441536"
"A","1","20202","GOM Shelf LLC","FIXED","Y","G01294","PROD","S","1967-01-01","","","340","29.079517","-88.743898"
"B","1","20221","GOM Shelf LLC","FIXED","Y","G01106","TERMIN","N","1966-01-01","","","285","28.731548","-89.693004"
"B","1","20341","GOM Shelf LLC","FIXED","Y","G01967","UNIT","S","1970-01-01","","","300","29.117396","-88.844508"
"D","2","20375","GOM Shelf LLC","FIXED","Y","G01294","PROD","S","1987-01-01","","","325","29.086803","-88.734188"
"C","1","20375","GOM Shelf LLC","FIXED","Y","G01294","PROD","S","1968-01-01","","","325","29.087604","-88.733832"
"A","1","20376","GOM Shelf LLC","FIXED","Y","G01610","UNIT","S","1969-01-01","","","300","29.107066","-88.857312"
"A","1","20409","GOM Shelf LLC","FIXED","Y","G01673","UNIT","S","1970-01-01","2005-12-12","35.9","212","29.276201","-88.66946"
"O","1","20510","GOM Shelf LLC","FIXED","Y","00838","UNIT","S","1967-01-01","","","142","28.964111","-89.78392"
"B","1","20575","GOM Shelf LLC","FIXED","Y","00129","UNIT","S","1966-01-01","","","91","28.998482","-89.958952"
"J","1","20673","GOM Shelf LLC","FIXED","Y","00134","UNIT","S","1973-01-01","","","24","28.94499","-90.053478"
"B","1","20727","GOM Shelf LLC","FIXED","Y","G01294","PROD","S","1968-01-01","","","322","29.092373","-88.721399"
"X","2","21270","GOM Shelf LLC","FIXED","Y","G01497","PROD","S","1973-01-01","","","150","28.904957","-89.821234"
"S","1","21270","GOM Shelf LLC","FIXED","Y","G01497","PROD","S","1968-01-01","","","150","28.905812","-89.820687"
"I","2","21805","GOM Shelf LLC","FIXED","Y","00182","UNIT","S","1965-01-01","","","135","28.95214282","-89.82302416"
"L","1","21805","GOM Shelf LLC","FIXED","Y","00182","UNIT","S","1966-01-01","","","135","28.952141","-89.822183"
"F","1","21859","GOM Shelf LLC","FIXED","Y","00131","UNIT","S","1975-01-01","","","100","29.003573","-89.944446"
"K","1","21920","GOM Shelf LLC","FIXED","Y","00134","UNIT","S","1976-01-01","2012-03-29","36.2","90","28.937063","-90.065345"
"A","1","22223","GOM Shelf LLC","FIXED","Y","G02213","PROD","S","1979-01-01","","","250","29.16421","-88.746132"
"Y","1","22266","GOM Shelf LLC","FIXED","Y","00838","UNIT","S","1978-01-01","2010-12-10","32.9","149","28.950255","-89.784958"
"B","1","22523","GOM Shelf LLC","FIXED","Y","G02213","PROD","S","1980-01-01","","","250","29.1834","-88.736894"
"Z","1","22535","GOM Shelf LLC","FIXED","Y","00182","UNIT","S","1980-01-01","2010-08-30","30.7","135","28.948763","-89.826142"
"C","1","22601","GOM Shelf LLC","FIXED","Y","G01673","UNIT","S","1982-01-01","","","220","29.257434","-88.660752"
"B","1","22749","GOM Shelf LLC","FIXED","Y","G01673","UNIT","S","1982-01-01","","","225","29.233588","-88.664945"
"D","1","22777","GOM Shelf LLC","FIXED","Y","G01673","UNIT","S","1983-01-01","2008-11-26","25.9","214","29.280377","-88.661638"
"L","1","22847","GOM Shelf LLC","FIXED","Y","00133","UNIT","S","1983-01-01","","","100","28.93288","-90.026192"
"P","1","22891","GOM Shelf LLC","CAIS","N","00134","UNIT","S","1984-01-01","","","85","28.948542","-90.083377"
"A","1","23083","GOM Shelf LLC","FIXED","Y","G04126","UNIT","S","1983-01-01","","","248","29.187455","-88.683422"
"B","2","23196","GOM Shelf LLC","FIXED","Y","G05646","UNIT","S","2001-09-03","","","282","28.19553036","-90.54132025"
"A","1","23196","GOM Shelf LLC","FIXED","Y","G05646","UNIT","S","1985-01-01","","","282","28.196292","-90.541258"
"C","1","23402","GOM Shelf LLC","FIXED","Y","G01967","UNIT","S","1984-01-01","","","275","29.117361","-88.848872"
"A","1","23430","GOM Shelf LLC","FIXED","N","G04479","TERMIN","N","1989-01-01","2008-10-10","19.8","189","28.891525","-89.256523"
"C","1","23494","GOM Shelf LLC","FIXED","Y","G01666","PROD","S","1988-01-01","","","338","29.248498","-88.441404"
"H","1","23557","GOM Shelf LLC","FIXED","Y","00130","UNIT","S","1988-01-01","","","91","28.981118","-89.977378"
"A","1","23800","GOM Shelf LLC","FIXED","Y","G05800","PROD","S","1988-01-01","","","483","28.163269","-90.358587"
"CC","1","23878","GOM Shelf LLC","WP","N","G01580","TERMIN","N","1991-01-01","2014-10-08","23.8","92","29.036745","-89.895013"
"JA","1","24122","GOM Shelf LLC","FIXED","Y","G04126","UNIT","S","1992-11-04","","","263","29.16396","-88.665395"
"5","1","10334","Murphy Exploration & Production Company - USA","CAIS","N","G06037","TERMIN","N","1998-07-22","2004-08-06","6","88","28.155414","-96.224211"
"8","1","10335","Murphy Exploration & Production Company - USA","CAIS","N","G06037","TERMIN","N","1989-01-01","1998-02-11","9.1","85","28.162208","-96.215543"
"10","1","10356","Murphy Exploration & Production Company - USA","WP","N","G06037","TERMIN","N","1990-01-01","1998-07-17","8.5","87","28.134583","-96.237688"
"B","1","80024","Murphy Exploration & Production Company - USA","WP","Y","G02113","RELINQ","N","1997-03-21","2005-07-03","8.3","254","28.25446471","-91.34868366"
"A","1","46","Murphy Exploration & Production Company - USA","FIXED","N","G15261","TERMIN","N","1997-12-02","2005-08-06","7.7","265","28.23901688","-91.33749318"
"A","1","456","Murphy Exploration & Production Company - USA","FIXED","N","G14418","TERMIN","N","1999-05-21","2007-09-16","8.3","233","28.21163471","-92.23578884"
"A (Medusa)","1","1090","Murphy Exploration & Production Company - USA","SPAR","N","G16623","PROD","S","2003-08-08","","","2223","28.39240104","-89.45346089"
"A(Front Runner)","1","1290","Murphy Exploration & Production Company - USA","SPAR","Y","G21790","UNIT","S","2004-08-02","","","3330","27.62484093","-90.44104746"
"A (Pioneer)","1","2229","Murphy Exploration & Production Company - USA","FPSO","Y","","","","2011-06-30","","","8300","26.69617876","-90.50837794"
"A","1","2558","Murphy Exploration & Production Company - USA","FIXED","N","G32218","UNIT","S","2014-10-07","","","220","28.3660933","-90.20184277"
"A (Delta House)","1","2513","Murphy Exploration & Production Company - USA","SEMI","N","","","","2014-10-08","","","4400","28.75448203","-88.26731603"
"A (Kings Quay)","1","2710","Murphy Exploration & Production Company - USA","SEMI","Y","G35867","PRIMRY","S","2022-02-22","","","3725","27.51964433","-90.09797323"
"C","1","20105","Eni Petroleum Co. Inc.","FIXED","Y","G01088","TERMIN","N","1969-01-01","1993-08-17","24.6","220","28.927015","-89.616784"
"A","1","27012","Eni Petroleum Co. Inc.","FIXED","Y","G12901","TERMIN","N","1995-01-01","2000-12-13","5.9","28","29.23473906","-91.98276286"
"B","1","24264","Eni Petroleum Co. Inc.","FIXED","Y","G05662","TERMIN","N","1996-05-28","2002-01-23","5.7","239","28.42723568","-90.08994994"
"1","1","21636","Gulf of Mexico Oil and Gas Properties LLC","FIXED","Y","00453","TERMIN","N","1958-01-01","1983-12-31","26","60","28.75027117","-91.23735332"
"8","1","22361","Gulf of Mexico Oil and Gas Properties LLC","FIXED","Y","00453","TERMIN","N","1980-01-01","1984-12-31","5","55","28.758088","-91.232859"
"C","1","20212","Devon Louisiana Corporation","FIXED","Y","00078","TERMIN","N","1951-01-01","2006-09-06","55.7","22","29.247322","-91.697804"
"1","1","20813","Devon Louisiana Corporation","CAIS","N","00049","TERMIN","N","1959-01-01","1991-08-18","32.6","37","28.985713","-91.488972"
"3","1","20814","Devon Louisiana Corporation","WP","N","00478","TERMIN","N","1964-01-01","1988-09-27","24.7","51","28.970803","-91.627532"
"8","1","20815","Devon Louisiana Corporation","CAIS","N","00049","TERMIN","N","1962-01-01","2003-08-09","41.6","45","28.992644","-91.488107"
"10","1","20816","Devon Louisiana Corporation","CAIS","N","00049","TERMIN","N","1963-01-01","1978-12-31","16","37","28.98530453","-91.4858438"
"11","1","20817","Devon Louisiana Corporation","CAIS","N","00049","TERMIN","N","1963-01-01","2003-04-25","40.3","38","28.99268","-91.481085"
"13","1","20819","Devon Louisiana Corporation","CAIS","N","00049","TERMIN","N","1964-01-01","1995-01-11","31","33","28.99493672","-91.47929028"
"14","1","20820","Devon Louisiana Corporation","CAIS","N","00049","TERMIN","N","1964-01-01","1995-01-11","31","36","28.997687","-91.478512"
"16","1","20822","Devon Louisiana Corporation","CAIS","N","00049","TERMIN","N","1964-01-01","1995-01-11","31","34","28.999747","-91.480236"
"22","1","20823","Devon Louisiana Corporation","CAIS","N","00049","TERMIN","N","1965-01-01","1978-12-31","14","40","28.978526","-91.485683"
"25","1","20824","Devon Louisiana Corporation","CAIS","N","00049","TERMIN","N","1967-01-01","1978-12-31","12","32","29.002524","-91.482439"
"28","1","20827","Devon Louisiana Corporation","CAIS","N","00049","TERMIN","N","1970-01-01","1978-12-31","9","34","28.995898","-91.48023"
"1","1","20830","Devon Louisiana Corporation","CAIS","N","00051","TERMIN","N","1959-01-01","1991-08-18","32.6","34","28.96718","-91.462991"
"2","1","20833","Devon Louisiana Corporation","CAIS","N","00052","TERMIN","N","1963-01-01","1990-09-26","27.7","40","28.959741","-91.476113"
"5","1","20835","Devon Louisiana Corporation","CAIS","N","00052","TERMIN","N","1964-01-01","2003-08-09","39.6","40","28.962213","-91.47893"
"7","1","20836","Devon Louisiana Corporation","CAIS","N","00052","TERMIN","N","1970-01-01","1995-01-11","25","40","28.96963","-91.48582"
"8","1","20837","Devon Louisiana Corporation","CAIS","N","00052","TERMIN","N","1971-01-01","1990-10-01","19.7","40","28.96468","-91.486125"
"C","1","20839","Devon Louisiana Corporation","WP","N","00049","TERMIN","N","1950-01-01","1988-10-27","38.8","41","28.971894","-91.489479"
"H","1","20841","Devon Louisiana Corporation","FIXED","Y","00049","TERMIN","N","1954-01-01","2001-09-30","47.7","39","28.982797","-91.480993"
"J","1","20843","Devon Louisiana Corporation","FIXED","Y","00049","TERMIN","N","1955-01-01","2000-08-23","45.6","36","28.986289","-91.478343"
"P","1","20846","Devon Louisiana Corporation","FIXED","Y","00049","TERMIN","N","1960-01-01","2003-08-07","43.6","37","28.981389","-91.485397"
"A","1","20865","Devon Louisiana Corporation","FIXED","Y","00053","TERMIN","N","1955-01-01","2000-09-15","45.7","50","28.966119","-91.613095"
"O","1","20886","Devon Louisiana Corporation","FIXED","Y","00050","TERMIN","N","1957-01-01","1991-08-09","34.6","37","28.978872","-91.458221"
"3","1","20946","Devon Louisiana Corporation","CAIS","N","00049","TERMIN","N","1962-01-01","1974-12-31","13","40","28.989294","-91.483661"
"B-PRD","1","21354","Devon Louisiana Corporation","FIXED","Y","00797","TERMIN","N","1971-01-01","2003-08-07","32.6","24","29.04810901","-91.44990123"
"7","2","21354","Devon Louisiana Corporation","CAIS","N","00797","TERMIN","N","1980-01-01","2003-08-07","23.6","24","29.048032","-91.449882"
"9","3","21354","Devon Louisiana Corporation","CAIS","N","00797","TERMIN","N","1984-01-01","2003-08-07","19.6","24","29.048307","-91.449702"
"C","1","21355","Devon Louisiana Corporation","FIXED","Y","00797","TERMIN","N","1971-01-01","2003-08-07","32.6","27","29.032215","-91.455565"
"2","1","21359","Devon Louisiana Corporation","CAIS","N","00797","TERMIN","N","1961-01-01","2003-08-13","42.6","24","29.041348","-91.451947"
"D","2","2419","Walter Oil & Gas Corporation","FIXED","N","G27509","TERMIN","N","2012-04-09","2023-05-28","11.1","51","29.18160348","-94.36981898"
"D","1","2448","Walter Oil & Gas Corporation","CAIS","N","G04232","TERMIN","N","2011-09-06","2021-08-15","9.9","67","28.59031014","-90.80222032"
"NO 001","1","2476","Walter Oil & Gas Corporation","CAIS","N","G30679","TERMIN","N","2012-10-16","2014-12-27","2.2","53","29.18977339","-93.83598634"
"2","1","2508","Walter Oil & Gas Corporation","CAIS","N","G23736","RELINQ","N","2013-11-11","2023-04-30","9.5","40","29.58356724","-93.20526455"
"A","1","2520","Walter Oil & Gas Corporation","CAIS","N","G33109","PROD","S","2013-03-15","","","85","28.68919567","-90.33219475"
"B","1","2550","Walter Oil & Gas Corporation","FIXED","N","G24980","TERMIN","N","2014-02-10","2016-05-22","2.3","158","28.38112559","-90.53482111"
"A","1","2564","Walter Oil & Gas Corporation","FIXED","N","G34025","TERMIN","N","2013-12-14","2023-05-27","9.4","51","29.28406304","-93.87255876"
"I","1","2557","Walter Oil & Gas Corporation","FIXED","N","G05431","TERMIN","N","2014-03-16","2023-05-23","9.2","160","28.52667721","-92.17753259"
"001","1","2590","Walter Oil & Gas Corporation","CAIS","N","G34332","TERMIN","N","2014-06-14","2021-08-08","7.2","64","28.80033847","-90.62881729"
"A","1","2574","Walter Oil & Gas Corporation","FIXED","N","G31418","PROD","S","2014-12-30","","","391","28.12002792","-90.53238936"
"A (Coelacanth)","1","2606","Walter Oil & Gas Corporation","FIXED","N","G27982","UNIT","S","2015-11-25","","","1186","28.16033773","-89.94834344"
"B","1","2644","Walter Oil & Gas Corporation","FIXED","N","G22812","UNIT","S","2017-11-02","","","210","29.32231282","-88.53943844"
"1","1","23261","Koch Exploration Company","CAIS","N","G05022","TERMIN","N","1983-01-01","1993-01-29","10.1","49","29.455574","-92.880778"
"A","1","23337","Koch Exploration Company","CAIS","N","G09460","TERMIN","N","1988-01-01","1994-12-16","7","125","28.601426","-92.696445"
"A","1","22606","Shell Offshore Inc.","FIXED","Y","G04240","TERMIN","N","1981-01-01","2017-11-08","36.9","337","28.161312","-90.716201"
"B","1","22629","Shell Offshore Inc.","FIXED","Y","G03594","TERMIN","N","1982-01-01","2015-10-07","33.8","333","28.159689","-90.666269"
"A","1","21008","Shell Offshore Inc.","FIXED","Y","G02116","PROD","S","1972-01-01","2009-09-20","37.7","246","28.235561","-91.709488"
"3","1","21547","Shell Offshore Inc.","CAIS","N","00442","TERMIN","N","1959-01-01","1993-09-19","34.7","51","28.940305","-91.611335"
"A-VALVE","1","21560","Shell Offshore Inc.","FIXED","N","00445","TERMIN","N","1958-01-01","2004-07-17","46.5","80","28.7915792","-91.75985707"
"2","1","22791","Shell Offshore Inc.","CAIS","N","G04224","RELINQ","N","1983-01-01","1983-12-31","1","66","28.891968","-91.770689"
"JB","1","22801","Shell Offshore Inc.","WP","N","00443","TERMIN","N","1983-01-01","1993-09-19","10.7","65","28.736298","-91.418183"
"1","1","23006","Shell Offshore Inc.","CAIS","N","G05488","TERMIN","N","1984-01-01","1998-08-20","14.6","33","29.050829","-91.753254"
"1","1","20500","Shell Offshore Inc.","CAIS","N","00406","TERMIN","N","1959-01-01","1984-12-31","26","56","29.29421","-93.008847"
"11","1","20501","Shell Offshore Inc.","WP","N","00407","TERMIN","N","1969-01-01","1983-12-31","15","60","29.317214","-92.978485"
"2","1","20535","Shell Offshore Inc.","CAIS","N","00407","TERMIN","N","1957-01-01","1984-12-31","28","56","29.298701","-92.980942"
"A","1","20625","Shell Offshore Inc.","FIXED","Y","00406","TERMIN","N","1958-01-01","1985-12-31","28","56","29.290254","-93.000753"
"B","2","20625","Shell Offshore Inc.","FIXED","Y","00406","TERMIN","N","1958-01-01","1985-12-31","28","56","29.289722","-93.000817"
"6","4","20625","Shell Offshore Inc.","WP","N","00406","TERMIN","N","1968-01-01","1985-12-31","18","56","29.289727","-93.000431"
"2","1","21495","Shell Offshore Inc.","WP","N","00406","TERMIN","N","1957-01-01","1986-12-31","30","56","29.304394","-92.996592"
"5","2","21495","Shell Offshore Inc.","CAIS","N","00406","TERMIN","N","1967-01-01","1985-12-31","19","56","29.304378","-92.996573"
"1","1","21496","Shell Offshore Inc.","WP","N","00407","TERMIN","N","1956-01-01","1984-12-31","29","56","29.302279","-92.985143"
"4","1","21497","Shell Offshore Inc.","CAIS","N","00407","TERMIN","N","1957-01-01","1984-12-31","28","56","29.284183","-92.980704"
"7","1","21498","Shell Offshore Inc.","WP","N","00407","TERMIN","N","1960-01-01","1984-12-31","25","56","29.302331","-92.981002"
"3","1","21964","Shell Offshore Inc.","WP","N","G02865","TERMIN","N","1976-01-01","1985-12-31","10","38","29.475734","-92.536688"
"JA","1","22015","Shell Offshore Inc.","WP","N","G01189","PROD","S","1977-01-01","2003-11-16","26.9","96","28.845758","-92.146541"
"JD","1","22026","Shell Offshore Inc.","CAIS","N","G02865","TERMIN","N","1977-01-01","1984-12-31","8","40","29.460039","-92.550895"
"JA","1","22459","Shell Offshore Inc.","FIXED","Y","G04101","TERMIN","N","1981-01-01","1993-10-17","12.8","127","28.581451","-92.782468"
"A","2","22459","Shell Offshore Inc.","FIXED","Y","G04101","TERMIN","N","1982-01-01","1994-08-12","12.6","127","28.58045","-92.782176"
"JB","1","22719","Shell Offshore Inc.","WP","N","G03125","TERMIN","N","1982-01-01","1996-09-10","14.7","88","28.97127","-92.484142"
"JA","1","23697","Shell Offshore Inc.","WP","N","G05426","TERMIN","N","1988-01-01","1993-03-07","5.2","125","28.672958","-92.544456"
"B","1","10146","Shell Offshore Inc.","FIXED","N","G03936","TERMIN","N","1980-01-01","2016-08-26","36.7","132","28.180139","-95.587834"
"C","2","10146","Shell Offshore Inc.","FIXED","Y","G03936","TERMIN","N","1981-01-01","2016-09-02","35.7","132","28.18055398","-95.58665893"
"D","3","10146","Shell Offshore Inc.","WP","N","G03936","TERMIN","N","1983-01-01","2016-08-19","33.6","132","28.179171","-95.588306"
"A","1","10157","Shell Offshore Inc.","WP","N","G03472","TERMIN","N","1980-01-01","2004-05-20","24.4","125","28.200723","-95.625078"
"JA","1","10180","Shell Offshore Inc.","FIXED","Y","G03472","TERMIN","N","1979-01-01","1994-08-02","15.6","129","28.174402","-95.600755"
"JB","1","10239","Shell Offshore Inc.","WP","N","G03938","TERMIN","N","1983-01-01","1986-12-31","4","130","28.149209","-95.707873"
"JA","1","10248","Shell Offshore Inc.","WP","N","G04734","TERMIN","N","1984-01-01","2002-04-12","18.3","61","29.124934","-94.073902"
"JB","1","10304","Shell Offshore Inc.","WP","N","G03936","TERMIN","N","1986-01-01","1994-01-24","8.1","132","28.174288","-95.590355"
"JA","1","10583","Shell Offshore Inc.","CAIS","N","G13779","TERMIN","N","1993-09-06","1999-11-15","6.2","56","29.134655","-94.576319"
"21","1","1358","Mariner Energy, Inc.","CAIS","N","G01244","TERMIN","N","2003-11-05","2012-07-03","8.7","64","28.80982895","-90.61409957"
"5","1","1735","Mariner Energy, Inc.","CAIS","N","G21535","TERMIN","N","2005-10-30","2011-08-04","5.8","41","29.52025278","-93.296075"
"2","1","1610","Legacy Resources Co., L.P.","CAIS","N","G05060","UNIT","S","2005-06-22","2015-12-09","10.5","47","30.17511052","-87.964959"
"1","1","1785","Legacy Resources Co., L.P.","CAIS","N","G27198","EXPIR","N","2006-03-09","2011-07-18","5.4","39","29.6428","-88.85422965"
"1","1","24188","TDC Energy Corporation","CAIS","N","G10876","TERMIN","N","1994-08-13","2004-09-25","10.1","40","29.05480078","-89.52199805"
"A","1","24223","TDC Energy Corporation","FIXED","N","G13047","TERMIN","N","1995-04-20","2000-09-29","5.4","97","29.83849759","-88.56204475"
"1","1","23414","Burlington Resources Offshore Inc.","CAIS","N","G04833","TERMIN","N","1984-01-01","1996-06-24","12.5","100","29.429304","-88.819877"
"A","1","22533","Burlington Resources Offshore Inc.","FIXED","Y","G04449","TERMIN","N","1983-01-01","2003-07-12","20.5","70","28.848369","-91.674607"
"1","1","22724","Burlington Resources Offshore Inc.","CAIS","N","G04449","TERMIN","N","1981-01-01","2000-05-02","19.3","70","28.837793","-91.692943"
"A","1","23620","Burlington Resources Offshore Inc.","WP","N","G06677","TERMIN","N","1986-01-01","2000-10-26","14.8","125","28.634093","-92.401026"
"B","2","23620","Burlington Resources Offshore Inc.","FIXED","Y","G06677","TERMIN","N","1986-01-01","2000-10-26","14.8","125","28.633716","-92.401353"
"A","1","23641","Burlington Resources Offshore Inc.","FIXED","Y","G13884","EXPIR","N","1987-01-01","1997-01-21","10.1","96","28.873634","-92.168113"
"C","1","23647","Burlington Resources Offshore Inc.","FIXED","Y","G05195","TERMIN","N","1987-01-01","2000-07-09","13.5","125","28.645746","-92.401389"
"A","1","10478","Burlington Resources Offshore Inc.","FIXED","Y","G05003","TERMIN","N","1989-01-01","1999-09-12","10.7","68","28.574104","-95.567398"
"1","1","10488","Burlington Resources Offshore Inc.","CAIS","N","G07219","TERMIN","N","1989-01-01","1998-01-11","9","69","28.549787","-95.576174"
"A","1","10569","Burlington Resources Offshore Inc.","CAIS","N","G09014","TERMIN","N","1993-01-04","1999-09-03","6.7","65","28.583114","-95.49867"
"B","1","22279","Burlington Resources Offshore Inc.","FIXED","Y","G02233","TERMIN","N","1979-01-01","2004-04-03","25.3","321","28.037496","-93.176188"
"A (REMOVED)","1","23665","Burlington Resources Offshore Inc.","FIXED","Y","G05016","TERMIN","N","1988-01-01","1997-11-26","9.9","72","28.863307","-93.471318"
"A","1","26074","Burlington Resources Offshore Inc.","FIXED","Y","G10722","RELINQ","N","1994-11-13","1999-08-19","4.8","27","29.04145576","-91.70374587"
"A","1","24261","Burlington Resources Offshore Inc.","CAIS","N","G12976","TERMIN","N","1996-01-17","1998-01-25","2","185","28.34730183","-90.63114494"
"D","1","27055","Burlington Resources Offshore Inc.","WP","N","G05195","TERMIN","N","1996-02-11","2004-05-10","8.2","118","28.67122185","-92.40727679"
"1","1","50008","Burlington Resources Offshore Inc.","CAIS","N","G14304","RELINQ","N","1997-03-09","1999-08-23","2.5","35","29.63736433","-93.68708523"
"1","1","22990","Allied Natural Gas Corporation","CAIS","N","G05186","TERMIN","N","1984-01-01","2001-05-31","17.4","80","29.032351","-93.085915"
"A","1","23212","Manta Ray Gathering Company, L.L.C.","FIXED","Y","","","","1985-08-31","","","438","28.104064","-90.792376"
"B","2","23212","Manta Ray Gathering Company, L.L.C.","FIXED","N","","","","2004-06-30","","","438","28.10438703","-90.79331986"
"A","1","27032","Manta Ray Gathering Company, L.L.C.","FIXED","Y","G13363","TERMIN","N","1995-12-17","","","541","27.92248336","-92.55396793"
"A","1","70","Manta Ray Gathering Company, L.L.C.","FIXED","Y","","","","1998-03-25","","","443","27.94376265","-92.87724959"
"A","1","1233","Manta Ray Gathering Company, L.L.C.","FIXED","Y","","","","2003-02-12","2017-08-14","14.5","389","27.67140294","-95.87982884"
"C","1","1287","Manta Ray Gathering Company, L.L.C.","FIXED","N","","","","2004-06-10","","","59","29.13540386","-93.99898182"
"JP","1","1798","Manta Ray Gathering Company, L.L.C.","FIXED","N","","","","2006-07-15","2022-05-28","15.9","114","29.0077448","-89.8526798"
"A","1","23861","SOCO Offshore, Inc.","WP","N","G06771","TERMIN","N","1991-01-01","2000-02-06","9.1","180","28.410367","-90.27973"
"B","1","24145","SOCO Offshore, Inc.","FIXED","Y","G03176","TERMIN","N","1991-01-01","1994-08-24","3.6","94","28.597342","-90.503667"
"B","1","20916","SOCO Offshore, Inc.","FIXED","Y","G01891","TERMIN","N","1971-01-01","1993-01-22","22.1","166","28.461534","-91.479144"
"2","1","21236","SOCO Offshore, Inc.","CAIS","N","00437","TERMIN","N","1958-01-01","1985-12-31","28","103","28.70586169","-91.76776921"
"3","1","21237","SOCO Offshore, Inc.","FIXED","Y","00437","TERMIN","N","1960-01-01","1982-12-31","23","105","28.714955","-91.761137"
"7","1","21240","SOCO Offshore, Inc.","FIXED","Y","00437","TERMIN","N","1967-01-01","1982-12-31","16","113","28.712317","-91.769824"
"8","1","21241","SOCO Offshore, Inc.","FIXED","Y","00437","TERMIN","N","1967-01-01","1982-12-31","16","105","28.700069","-91.773046"
"A","1","21919","SOCO Offshore, Inc.","FIXED","Y","G01042","TERMIN","N","1976-01-01","1988-02-25","12.2","232","28.278191","-91.14731"
"B","1","22092","SOCO Offshore, Inc.","FIXED","Y","G02320","TERMIN","N","1978-01-01","1997-05-28","19.4","285","28.187963","-91.459362"
"A","1","20512","SOCO Offshore, Inc.","FIXED","Y","G02306","TERMIN","N","1973-01-01","1990-07-24","17.6","32","29.157594","-92.141931"
"B","1","21868","SOCO Offshore, Inc.","FIXED","Y","G02084","TERMIN","N","1975-01-01","2000-03-01","25.2","180","28.418959","-92.614187"
"B","1","22948","SOCO Offshore, Inc.","FIXED","Y","G02306","TERMIN","N","1984-01-01","1995-09-11","11.7","32","29.171811","-92.134917"
"C","1","23153","SOCO Offshore, Inc.","CAIS","N","G04523","TERMIN","N","1983-01-01","1988-12-31","6","19","29.322546","-92.024974"
"C","2","23153","SOCO Offshore, Inc.","CAIS","N","G04523","TERMIN","N","1983-01-01","1988-12-31","6","19","29.322381","-92.024973"
"2","1","23305","SOCO Offshore, Inc.","CAIS","N","G04436","TERMIN","N","1986-01-01","1999-09-25","13.7","19","29.340671","-92.069989"
"C","1","24007","SOCO Offshore, Inc.","CAIS","N","G02306","TERMIN","N","1991-01-01","1995-09-11","4.7","25","29.1619378","-92.14179636"
"A","1","10056","SOCO Offshore, Inc.","FIXED","Y","G01831","TERMIN","N","1975-01-01","1993-04-11","18.3","60","29.106","-94.39622"
"A-AUX1","2","10056","SOCO Offshore, Inc.","FIXED","Y","G01831","TERMIN","N","1975-01-01","1993-04-11","18.3","60","29.105957","-94.396178"
"DD","1","24135","GOM Shelf LLC","FIXED","Y","00182","UNIT","S","1993-08-16","2012-03-20","18.6","127","28.996435","-89.812982"
"A","1","21433","GOM Shelf LLC","FIXED","Y","G01039","TERMIN","N","1964-01-01","","","235","28.320828","-91.212833"
"A","1","22707","GOM Shelf LLC","FIXED","Y","G03998","PROD","S","1982-01-01","","","70","28.631707","-91.029176"
"A-AUX","2","22707","GOM Shelf LLC","FIXED","Y","G03998","PROD","S","1984-01-01","","","70","28.631317","-91.029208"
"C","3","22707","GOM Shelf LLC","FIXED","Y","G03998","PROD","S","1986-01-01","","","70","28.631808","-91.028811"
"B","1","22954","GOM Shelf LLC","FIXED","Y","G03998","PROD","S","1984-01-01","","","70","28.61075","-91.03501"
"A","1","23229","GOM Shelf LLC","FIXED","Y","G04232","TERMIN","N","1983-01-01","","","78","28.564446","-90.803085"
"A","1","23321","GOM Shelf LLC","FIXED","Y","G05504","PROD","S","1988-01-01","","","140","28.581824","-91.767208"
"C","1","23563","GOM Shelf LLC","FIXED","Y","G01039","TERMIN","N","1989-01-01","","","210","28.311042","-91.208915"
"A","1","23591","GOM Shelf LLC","FIXED","Y","G09627","TERMIN","N","1989-01-01","","","218","28.299314","-91.087579"
"B","1","23906","GOM Shelf LLC","FIXED","Y","00479","TERMIN","N","1990-01-01","","","22","29.216772","-91.604263"
"8","1","23939","GOM Shelf LLC","CAIS","N","00479","TERMIN","N","1991-01-01","","","18","29.218997","-91.610661"
"9","2","23939","GOM Shelf LLC","FIXED","N","00479","TERMIN","N","1993-02-08","","","18","29.2189591","-91.6106323"
"3","1","23964","GOM Shelf LLC","CAIS","N","G10726","TERMIN","N","1991-01-01","2008-06-02","17.4","45","28.917989","-91.462637"
"A-PRD","2","21739","GOM Shelf LLC","FIXED","Y","","","","1974-01-01","","","30","29.115855","-91.871104"
"A","1","21739","GOM Shelf LLC","FIXED","Y","","","","1974-01-01","","","30","29.115853","-91.871417"
"B","1","21741","GOM Shelf LLC","FIXED","Y","G02311","TERMIN","N","1974-01-01","","","30","29.131186","-91.892132"
"B","1","21982","GOM Shelf LLC","FIXED","Y","","","","1976-01-01","","","200","28.310369","-92.096073"
"A NORTH","1","22335","GOM Shelf LLC","FIXED","Y","G03776","PROD","S","1980-01-01","","","185","28.440586","-92.035591"
"A","1","22617","GOM Shelf LLC","FIXED","Y","G02888","TERMIN","N","1982-01-01","2010-11-10","28.9","317","28.085804","-91.875226"
"A","1","10061","GOM Shelf LLC","FIXED","Y","G02663","TERMIN","N","1975-01-01","2014-08-24","39.6","155","28.014574","-95.877512"
"A","1","10072","GOM Shelf LLC","FIXED","Y","G02414","TERMIN","N","1975-01-01","2011-04-14","36.3","230","28.16754","-93.767772"
"A","1","10075","GOM Shelf LLC","FIXED","Y","G02665","TERMIN","N","1976-01-01","","","200","27.854496","-96.036418"
"C","1","10144","GOM Shelf LLC","FIXED","Y","G02719","TERMIN","N","1980-01-01","","","327","27.946333","-94.397567"
"B","1","10249","GOM Shelf LLC","FIXED","Y","G02665","TERMIN","N","1984-01-01","","","204","27.835135","-96.013057"
"C-AUX","2","10249","GOM Shelf LLC","FIXED","N","G02665","TERMIN","N","1986-01-01","","","204","27.835174","-96.013944"
"E","3","10249","GOM Shelf LLC","FIXED","N","G02665","TERMIN","N","1990-01-01","","","204","27.835125","-96.01263"
"D","1","10461","GOM Shelf LLC","FIXED","Y","G02665","TERMIN","N","1987-01-01","","","204","27.838765","-96.02819"
"A","1","10123","GOM Shelf LLC","FIXED","Y","","","","1979-01-01","2018-06-08","39.4","88","27.95724261","-96.55922597"
"A","1","10197","GOM Shelf LLC","FIXED","Y","G03011","RELINQ","N","1981-01-01","2006-08-22","25.6","273","27.431133","-96.524407"
"A","1","10214","GOM Shelf LLC","FIXED","Y","G03108","TERMIN","N","1982-01-01","2009-09-10","27.7","104","27.879154","-96.572101"
"B","1","10219","GOM Shelf LLC","FIXED","Y","G20611","EXPIR","N","1982-01-01","2009-10-14","27.8","120","27.875323","-96.551496"
"C","1","10222","GOM Shelf LLC","FIXED","Y","G03079","TERMIN","N","1983-01-01","2010-09-12","27.7","75","28.297611","-96.128662"
"B","1","10250","GOM Shelf LLC","FIXED","Y","G04065","TERMIN","N","1984-01-01","2005-09-14","21.7","110","27.977639","-96.405657"
"C","2","10250","GOM Shelf LLC","FIXED","Y","G04065","TERMIN","N","1984-01-01","2006-07-20","22.5","110","27.97819","-96.406387"
"D","1","10251","GOM Shelf LLC","FIXED","N","G04065","TERMIN","N","1984-01-01","2006-07-31","22.6","110","27.96759","-96.422328"
"B","1","10252","GOM Shelf LLC","FIXED","Y","G04548","TERMIN","N","1984-01-01","2015-10-08","31.8","95","27.951449","-96.526339"
"A-PROCESS","1","10315","GOM Shelf LLC","FIXED","Y","","","","1987-01-01","2010-08-15","23.6","80","28.213221","-96.177945"
"F","1","10318","GOM Shelf LLC","WP","N","G04546","TERMIN","N","1988-01-01","2005-06-27","17.5","90","28.010814","-96.454997"
"A","1","10337","GOM Shelf LLC","FIXED","Y","G06044","TERMIN","N","1989-01-01","2010-07-12","21.5","96","28.085959","-96.286849"
"B (QUARTERS)","2","10337","GOM Shelf LLC","FIXED","N","G06044","TERMIN","N","1989-01-01","2010-07-12","21.5","96","28.085959","-96.286849"
"2","1","10348","GOM Shelf LLC","CAIS","N","G03087","TERMIN","N","1989-01-01","2005-05-22","16.4","94","28.090493","-96.285908"
"C","1","10358","GOM Shelf LLC","FIXED","N","G06042","TERMIN","N","1991-02-15","2010-08-08","19.5","73","28.06354417","-96.48881517"
"H","1","10360","GOM Shelf LLC","CAIS","N","G04546","TERMIN","N","1990-01-01","2005-07-01","15.5","88","28.036702","-96.453866"
"C","1","10364","GOM Shelf LLC","FIXED","Y","G03087","TERMIN","N","1990-01-01","2005-06-24","15.5","93","28.102826","-96.270605"
"A","1","10368","GOM Shelf LLC","FIXED","Y","G06042","TERMIN","N","1991-01-01","2010-08-08","19.6","77","28.057304","-96.49033"
"F","1","10370","GOM Shelf LLC","CAIS","N","G07202","RELINQ","N","1992-02-17","2011-01-07","18.9","81","28.067975","-96.473233"
"D","1","10384","GOM Shelf LLC","WP","N","G06044","TERMIN","N","1993-10-03","2005-09-19","12","109","28.054834","-96.270686"
"A-PRD","2","26050","GOM Shelf LLC","FIXED","Y","G13917","TERMIN","N","1995-01-01","","","87","28.59312327","-91.01489041"
"A","1","26050","GOM Shelf LLC","FIXED","Y","G13917","TERMIN","N","1993-01-01","","","87","28.59305032","-91.01994045"
"M","1","24214","GOM Shelf LLC","FIXED","N","00128","UNIT","S","1995-05-16","","","90","28.99143089","-90.01258961"
"C","1","10398","GOM Shelf LLC","WP","N","G03108","TERMIN","N","1995-07-15","2006-07-31","11","98","27.91289107","-96.58358662"
"Q","1","24255","GOM Shelf LLC","FIXED","N","00127","UNIT","S","1995-01-01","","","70","29.00582607","-90.07326332"
"B","1","60000","GOM Shelf LLC","CAIS","N","G06042","TERMIN","N","1997-03-21","2008-10-20","11.6","73","28.07843931","-96.53395126"
"C","1","80017","GOM Shelf LLC","CAIS","N","G05504","PROD","S","1997-03-04","","","140","28.57264255","-91.76891015"
"3","1","23757","Murphy Exploration & Production Company","CAIS","N","G02828","TERMIN","N","1991-01-01","1997-03-16","6.2","40","29.517194","-93.516279"
"2","1","10352","Murphy Exploration & Production Company","CAIS","N","G10196","TERMIN","N","1989-01-01","1998-07-22","9.6","83","28.185876","-96.202035"
"3","1","10380","Murphy Exploration & Production Company","CAIS","N","G10196","TERMIN","N","1993-04-01","1998-07-20","5.3","80","28.206242","-96.202134"
"A","1","26048","Murphy Exploration & Production Company","CAIS","N","G09612","TERMIN","N","1994-03-14","2003-12-22","9.8","25","28.871547","-91.193685"
"A","1","10389","Murphy Exploration & Production Company","FIXED","Y","G10205","TERMIN","N","1994-06-21","2000-08-18","6.2","143","27.869706","-96.399112"
"3","1","24163","Murphy Exploration & Production Company","CAIS","N","G05071","TERMIN","N","1993-11-20","1995-10-08","1.9","63","30.09834811","-88.28459179"
"4","1","30002","Murphy Exploration & Production Company","CAIS","N","G10196","TERMIN","N","1996-10-28","2004-08-01","7.8","82","28.18117924","-96.19099746"
"A","1","50001","Murphy Exploration & Production Company","FIXED","Y","G15120","TERMIN","N","1996-11-30","2004-06-23","7.6","326","28.02727258","-93.31709187"
"1","1","77","Murphy Exploration & Production Company","CAIS","N","G16296","TERMIN","N","1998-01-01","2004-01-12","6","62","29.06833512","-92.21215919"
"CAIS.#1","1","248","Murphy Exploration & Production Company","CAIS","N","G16296","TERMIN","N","1998-06-14","2004-01-12","5.6","62","29.06830733","-92.21220277"
"A","1","253","Murphy Exploration & Production Company","FIXED","Y","G17996","RELINQ","N","1998-10-17","2005-06-18","6.7","272","28.1637425","-91.8106226"
"JB","1","10336","SCANA Petroleum Resources, Inc.","WP","N","G03086","TERMIN","N","1989-01-01","1993-05-31","4.4","94","28.129161","-96.230888"
"B","2","23700","BP Exploration & Oil Inc.","FIXED","Y","G07597","TERMIN","N","1990-01-01","1995-06-10","5.4","40","29.655055","-93.525247"
"A","1","23700","BP Exploration & Oil Inc.","FIXED","Y","G07597","TERMIN","N","1988-01-01","1995-06-10","7.4","40","29.655035","-93.525294"
"A","1","10584","UMC Petroleum Corporation","CAIS","N","G11352","TERMIN","N","1993-10-07","1996-12-08","3.2","48","29.377731","-94.246854"
"1","1","23899","Petsec Energy Inc.","CAIS","N","G05756","RELINQ","N","1992-01-22","2011-08-02","19.5","40","30.042356","-88.272062"
"A","1","24101","Petsec Energy Inc.","FIXED","N","G05757","TERMIN","N","1992-01-24","2007-10-12","15.7","80","30.02867179","-88.15304569"
"G","1","1607","Petsec Energy Inc.","FIXED","Y","G26146","TERMIN","N","2004-11-27","2016-08-27","11.7","40","29.55890588","-88.88190798"
"G-AUX","2","1607","Petsec Energy Inc.","FIXED","N","G26146","TERMIN","N","2008-05-28","2016-08-27","8.2","40","29.55836331","-88.88187092"
"CAIS.#3","1","1019","Petsec Energy Inc.","FIXED","N","G05756","RELINQ","N","2001-08-29","2011-07-20","9.9","40","30.04271271","-88.27353947"
"A","1","1089","Petsec Energy Inc.","FIXED","N","","","","2002-03-26","2011-08-04","9.4","65","30.05377497","-88.28456928"
"G","1","1377","Petsec Energy Inc.","FIXED","Y","G21093","TERMIN","N","2003-12-10","2010-06-09","6.5","138","28.5593292","-92.4657911"
"B","1","1868","Petsec Energy Inc.","WP","N","G24851","EXPIR","N","2006-05-11","2008-07-13","2.2","136","28.55652416","-92.42048451"
"A","1","1972","Petsec Energy Inc.","CAIS","N","G27215","TERMIN","N","2007-08-02","2014-07-30","7","66","29.71304531","-88.66321592"
"A","1","1973","Petsec Energy Inc.","CAIS","N","G27214","TERMIN","N","2007-08-02","2014-08-03","7","58","29.69551725","-88.70352394"
"B","1","1825","Petsec Energy Inc.","FIXED","N","G27195","TERMIN","N","2006-02-05","2011-08-15","5.5","36","29.53569359","-88.9529292"
"3","1","1907","Petsec Energy Inc.","CAIS","N","G27195","TERMIN","N","2007-08-02","2011-08-13","4","38","29.55010038","-88.92877726"
"C-CMP","1","521","Northern Natural Gas Company","FIXED","N","","","","1984-01-01","2008-08-28","24.7","100","27.96040181","-96.56494457"
"2","1","23656","Freeport-McMoRan Inc.","CAIS","N","G04784","TERMIN","N","1987-01-01","1992-11-26","5.9","14","29.468827","-92.296122"
"1","1","26130","Tana Oil and Gas Corporation","CAIS","N","G11936","TERMIN","N","1995-12-31","1995-12-31","0","14","29.18431877","-91.37161643"
"1","1","23126","Aquila Energy Resources Corporation","CAIS","N","G05041","RELINQ","N","1985-01-01","1997-09-04","12.7","10","29.072049","-91.072599"
"2","1","23596","Aquila Energy Resources Corporation","CAIS","N","G05041","RELINQ","N","1989-01-01","1997-09-04","8.7","9","29.06178702","-91.08471933"
"A-AUX","2","23910","Aquila Energy Resources Corporation","WP","N","G05041","RELINQ","N","1990-01-01","1997-09-02","7.7","9","29.072508","-91.077293"
"A","1","23910","Aquila Energy Resources Corporation","FIXED","Y","G05041","RELINQ","N","1990-01-01","1997-09-02","7.7","9","29.072563","-91.077334"
"A","1","22656","Aquila Energy Resources Corporation","FIXED","Y","G03807","TERMIN","N","1982-01-01","1995-02-19","13.1","77","29.058724","-92.606962"
"A-PRD","2","22656","Aquila Energy Resources Corporation","FIXED","Y","G03807","TERMIN","N","1982-01-01","1995-02-19","13.1","77","29.059162","-92.606079"
"5","1","26040","Aquila Energy Resources Corporation","CAIS","N","G05041","RELINQ","N","1993-09-19","1997-09-04","4","8","29.062083","-91.08264"
"A","2","10201","Brock Minerals Corporation","FIXED","Y","G04557","TERMIN","N","1982-01-01","2002-06-19","20.5","123","28.207738","-95.618914"
"B","1","10201","Brock Minerals Corporation","FIXED","Y","G04557","TERMIN","N","1982-01-01","2002-06-19","20.5","123","28.207455","-95.618613"
"A","1","23832","Newfield Exploration Company","FIXED","Y","G05601","TERMIN","N","1990-01-01","1996-07-16","6.5","79","28.702897","-90.37468"
"1","1","20746","Newfield Exploration Company","CAIS","N","00423","TERMIN","N","1956-01-01","1993-09-19","37.7","65","28.750985","-91.377115"
"4","1","20749","Newfield Exploration Company","WP","N","00423","TERMIN","N","1959-01-01","1993-09-19","34.7","65","28.749476","-91.365133"
"2","1","21234","Newfield Exploration Company","FIXED","Y","00436","TERMIN","N","1960-01-01","1979-12-31","20","101","28.706803","-91.753957"
"3","1","21235","Newfield Exploration Company","FIXED","Y","00436","TERMIN","N","1961-01-01","1979-12-31","19","100","28.706336","-91.744562"
"4","1","21238","Newfield Exploration Company","WP","N","00437","TERMIN","N","1966-01-01","2000-08-09","34.6","113","28.704207","-91.769166"
"6","1","21239","Newfield Exploration Company","CAIS","N","00437","TERMIN","N","1966-01-01","2000-08-04","34.6","113","28.700684","-91.757003"
"1","1","21242","Newfield Exploration Company","FIXED","Y","00437","TERMIN","N","1958-01-01","2000-08-13","42.6","105","28.693966","-91.759486"
"JC","1","10408","Shell Offshore Inc.","CAIS","N","G04745","TERMIN","N","1987-01-01","2001-10-11","14.8","38","29.494462","-93.786495"
"1","1","23632","Shell Offshore Inc.","CAIS","N","G04390","TERMIN","N","1983-01-01","1987-09-29","4.7","40","29.381408","-93.466972"
"2","1","23636","Shell Offshore Inc.","CAIS","N","G04390","TERMIN","N","1986-01-01","1987-09-29","1.7","40","29.375821","-93.464363"
"1","1","23731","Shell Offshore Inc.","FIXED","Y","G13841","EXPIR","N","1990-01-01","1996-08-09","6.6","84","28.889215","-93.246129"
"A","1","10181","Shell Offshore Inc.","WP","N","G03925","TERMIN","N","1981-01-01","1990-09-08","9.7","207","27.818177","-96.0007"
"A (Auger)","1","24080","Shell Offshore Inc.","TLP","Y","G08241","UNIT","S","1994-02-05","","","2860","27.54594688","-92.44329374"
"A (Mars)","1","24199","Shell Offshore Inc.","TLP","Y","G07963","UNIT","S","1996-07-18","","","2933","28.169524","-89.222876"
"JA","1","31018","Shell Offshore Inc.","FIXED","N","G12866","TERMIN","N","1996-09-10","2000-07-24","3.9","86","28.9410996","-92.35306583"
"A (Enchilada)","1","27056","Shell Offshore Inc.","FIXED","Y","G11455","UNIT","S","1997-01-28","","","630","27.87552744","-91.98639816"
"TEMP.CAIS.#1","1","40016","Shell Offshore Inc.","FIXED","N","G14882","EXPIR","N","1997-06-15","2001-05-25","3.9","50","29.29090174","-93.80712616"
"JA","1","93","Shell Offshore Inc.","FIXED","N","G15073","TERMIN","N","1997-11-24","2001-12-23","4.1","79","28.90966126","-93.13857696"
"JA","1","123","Shell Offshore Inc.","FIXED","Y","G14159","TERMIN","N","1998-01-30","2018-09-21","20.6","52","29.22882966","-94.46435015"
"B (SALSA)","1","90014","Shell Offshore Inc.","FIXED","Y","G14221","PROD","S","1998-03-01","","","693","27.84031894","-91.98776247"
"A (Ursa)","1","70004","Shell Offshore Inc.","TLP","Y","G05868","UNIT","S","1998-12-28","","","3970","28.15402604","-89.10355357"
"JC","1","466","Shell Offshore Inc.","FIXED","N","G03936","TERMIN","N","1999-06-19","2001-06-22","2","133","28.17183636","-95.57684943"
"TEMP.CAIS.#4","1","874","Shell Offshore Inc.","CAIS","N","G21315","EXPIR","N","2001-01-26","2004-05-08","3.3","142","28.11930096","-95.65264742"
"JD","1","945","Shell Offshore Inc.","FIXED","N","G03936","TERMIN","N","2001-06-28","2016-09-13","15.2","133","28.1715617","-95.57739873"
"CAIS.#1","1","1057","Shell Offshore Inc.","CAIS","N","G03936","TERMIN","N","2001-11-10","2005-04-06","3.4","133","28.16786743","-95.56029614"
"CAIS.#1","1","1115","Shell Offshore Inc.","CAIS","N","G22754","TERMIN","N","2002-05-08","2003-05-03","1","174","28.33242313","-90.53131742"
"A (Perdido)","1","2008","Shell Offshore Inc.","SPAR","Y","G17565","UNIT","S","2009-11-12","","","7835","26.12890071","-94.89791489"
"B (Olympus)","1","2385","Shell Offshore Inc.","TLP","N","G07963","UNIT","S","2013-07-30","","","3028","28.15988546","-89.23912709"
"A (Appomattox)","1","2623","Shell Offshore Inc.","SEMI","Y","G33733","EXPIR","N","2018-06-07","","","7400","28.57350034","-87.93421264"
"A (Turritella)","1","2503","Shell Offshore Inc.","FPSO","Y","G21861","TERMIN","N","2016-01-01","","","9560","26.42774525","-90.83349094"
"A (Vito)","1","2690","Shell Offshore Inc.","SEMI","Y","G35348","EXPIR","N","2022-10-29","","","4050","28.02538187","-89.20920265"
"A (Whale)","1","2689","Shell Offshore Inc.","SEMI","N","G36499","RELINQ","N","2024-02-25","","","8600","26.22344022","-94.67357195"
"A","1","23138","Seagull Energy E&P Inc.","FIXED","Y","G01258","TERMIN","N","1985-01-01","1990-08-22","5.6","129","28.516969","-90.466444"
"4","1","23186","Seagull Energy E&P Inc.","CAIS","N","G03991","TERMIN","N","1985-01-01","1989-12-02","4.9","22","29.278956","-91.748743"
"7","1","23262","Seagull Energy E&P Inc.","CAIS","N","G03991","TERMIN","N","1985-01-01","1989-12-02","4.9","24","29.253256","-91.736389"
"A","1","10241","Seagull Energy E&P Inc.","CAIS","N","G04142","RELINQ","N","1984-01-01","1990-11-12","6.9","60","29.097524","-94.731526"
"A","1","10262","Seagull Energy E&P Inc.","FIXED","Y","G04186","TERMIN","N","1985-01-01","1993-09-24","8.7","102","28.571955","-94.950565"
"A","1","10283","Seagull Energy E&P Inc.","FIXED","Y","G04069","TERMIN","N","1985-01-01","1996-07-01","11.5","91","28.649075","-95.038377"
"B","1","10501","Seagull Energy E&P Inc.","FIXED","Y","G08131","TERMIN","N","1990-01-01","1994-06-24","4.5","93","28.632044","-95.081634"
"2","1","10507","Seagull Energy E&P Inc.","CAIS","N","G04186","TERMIN","N","1990-01-01","1993-09-24","3.7","102","28.540293","-94.962222"
"A","1","23161","Mark Producing, Inc.","FIXED","Y","G03408","TERMIN","N","1985-01-01","1989-05-04","4.3","213","28.326083","-91.836388"
"1","1","23446","BP Exploration Inc.","CAIS","N","G07863","EXPIR","N","1988-01-01","1989-11-15","1.9","84","30.008329","-88.161842"
"1","1","23837","BP Exploration Inc.","CAIS","N","G06807","TERMIN","N","1990-01-01","1991-02-25","1.1","47","29.587909","-88.682927"
"1","1","23401","Seneca Resources Corporation","CAIS","N","G05668","TERMIN","N","1986-01-01","1999-02-04","13.1","47","29.17511301","-89.74527538"
"12","1","23937","Seneca Resources Corporation","CAIS","N","00317","TERMIN","N","1991-01-01","2001-09-16","10.7","25","29.253077","-91.843929"
"A","1","10150","Seneca Resources Corporation","FIXED","Y","G03469","TERMIN","N","1980-01-01","2000-03-13","20.2","120","28.363789","-95.355173"
"2","1","10570","Seneca Resources Corporation","CAIS","N","G09010","TERMIN","N","1992-01-01","1999-09-29","7.7","60","28.659315","-95.47497"
"B","1","23247","Seneca Resources Corporation","CAIS","N","G00902","TERMIN","N","1985-01-01","1999-08-30","14.7","65","29.141017","-93.288021"
"A","1","23771","Seneca Resources Corporation","FIXED","Y","G10560","TERMIN","N","1992-09-13","1997-02-09","4.4","63","29.139239","-93.260576"
"A","1","24059","Seneca Resources Corporation","WP","N","G09511","TERMIN","N","1993-10-12","2003-07-09","9.7","192","28.399239","-92.381335"
"A","1","29021","Seneca Resources Corporation","FIXED","Y","G13850","TERMIN","N","1994-10-26","1999-08-11","4.8","192","28.285254","-93.19719"
"A","1","29050","Seneca Resources Corporation","FIXED","Y","G15062","EXPIR","N","1997-02-11","2008-08-30","11.5","50","29.34804817","-93.26114366"
"A","1","159","Seneca Resources Corporation","FIXED","Y","G16310","TERMIN","N","1998-01-22","2010-08-06","12.5","206","28.32423801","-92.28291883"
"A","1","174","Seneca Resources Corporation","CAIS","N","G16478","RELINQ","N","1999-05-02","2001-04-24","2","87","28.98731809","-89.55661651"
"CAIS.#15","1","296","Seneca Resources Corporation","CAIS","N","00317","TERMIN","N","1999-02-01","2010-05-09","11.3","23","29.26857054","-91.80984752"
"B","1","553","Seneca Resources Corporation","FIXED","N","G16310","TERMIN","N","1999-01-01","2010-08-01","11.6","201","28.34221174","-92.27501666"
"A-AUX2","3","10056","SOCO Offshore, Inc.","FIXED","N","G01831","TERMIN","N","1975-01-01","1993-04-11","18.3","60","29.105968","-94.396491"
"A","1","23704","SOCO Offshore, Inc.","FIXED","Y","G04405","TERMIN","N","1988-01-01","1996-03-22","8.2","174","28.401163","-93.437306"
"3","1","23332","Ashland Exploration Holdings, Inc.","WP","N","G05414","RELINQ","N","1989-01-01","1993-03-21","4.2","61","29.125656","-92.384072"
"A","1","23021","Manta Ray Offshore Gathering Company, L.L.C.","FIXED","Y","G04888","TERMIN","N","1984-01-01","","","283","28.214128","-90.420252"
"A","1","20514","Forcenergy GOM Inc.","WP","N","G07704","TERMIN","N","1963-01-01","1990-06-09","27.4","138","28.56789627","-91.87269495"
"B","1","23322","Forcenergy GOM Inc.","FIXED","Y","G07704","TERMIN","N","1988-01-01","2000-01-17","12","152","28.543194","-91.873086"
"A","1","23325","Forcenergy GOM Inc.","WP","N","G06643","TERMIN","N","1988-01-01","1998-10-04","10.8","186","28.297608","-92.920327"
"2","1","28040","Statoil Exploration (US) Inc.","CAIS","N","G06094","TERMIN","N","1996-04-05","1998-07-02","2.2","60","29.12576549","-94.66661716"
"P","1","198","Destin Pipeline Company, L.L.C.","FIXED","N","","","","1998-09-01","","","300","29.34301556","-88.06711796"
"P","1","33032","Garden Banks Gas Pipeline, L.L.C.","FIXED","Y","G01208","TERMIN","N","1996-01-01","","","140","28.57249471","-91.95945007"
"1","1","21961","Pioneer Natural Resources USA, Inc.","FIXED","Y","G02619","TERMIN","N","1975-01-01","2002-09-30","27.7","49","28.843648","-90.756577"
"2","1","22283","Pioneer Natural Resources USA, Inc.","CAIS","N","G02619","TERMIN","N","1978-01-01","2002-11-25","24.9","50","28.837043","-90.768783"
"H","1","22781","Pioneer Natural Resources USA, Inc.","FIXED","Y","00577","TERMIN","N","1983-01-01","2007-07-26","24.6","100","28.653606","-91.515047"
"A","1","21763","Pioneer Natural Resources USA, Inc.","FIXED","Y","G02254","TERMIN","N","1974-01-01","2010-08-05","36.6","230","28.19854","-92.719066"
"A","1","22280","Pioneer Natural Resources USA, Inc.","FIXED","Y","G02271","TERMIN","N","1981-01-01","2002-07-04","21.5","240","28.183193","-92.509631"
"A","1","22473","Pioneer Natural Resources USA, Inc.","FIXED","Y","G04110","TERMIN","N","1981-01-01","2002-07-21","21.5","254","28.181061","-91.971051"
"S","2","22473","Pioneer Natural Resources USA, Inc.","FIXED","Y","G04110","TERMIN","N","1981-01-01","2002-07-20","21.5","254","28.180345","-91.971186"
"A","1","22588","Pioneer Natural Resources USA, Inc.","FIXED","Y","G04216","TERMIN","N","1982-01-01","1991-09-01","9.7","341","28.060377","-92.296002"
"A","1","10173","Pioneer Natural Resources USA, Inc.","FIXED","Y","G02786","TERMIN","N","1981-01-01","1992-01-18","11","247","28.21387","-93.698792"
"A","1","10189","Pioneer Natural Resources USA, Inc.","FIXED","Y","G04558","TERMIN","N","1981-01-01","2005-08-17","24.6","122","28.26155","-95.476177"
"A","1","10202","Pioneer Natural Resources USA, Inc.","FIXED","Y","G04559","TERMIN","N","1982-01-01","2005-08-20","23.6","140","28.105918","-95.691984"
"A","1","10198","Pioneer Natural Resources USA, Inc.","FIXED","Y","G03306","TERMIN","N","1981-01-01","2003-05-29","22.4","78","28.10561","-96.440299"
"B","1","1557","Pioneer Natural Resources USA, Inc.","CAIS","N","G04559","TERMIN","N","2006-03-31","2010-09-16","4.5","149","28.08602364","-95.68861432"
"F","1","21275","Comstock Offshore, LLC","CAIS","N","00069","UNIT","S","1970-01-01","1975-12-31","6","54","",""
"6","1","21276","Comstock Offshore, LLC","CAIS","N","00064","UNIT","S","1964-01-01","1975-12-31","12","51","28.842475","-90.833506"
"9","1","21278","Comstock Offshore, LLC","WP","N","00064","UNIT","S","1965-01-01","1993-05-18","28.4","52","28.830782","-90.839278"
"34","1","21279","Comstock Offshore, LLC","CAIS","N","00064","UNIT","S","1971-01-01","1992-08-05","21.6","51","28.843712","-90.833437"
"1","1","21280","Comstock Offshore, LLC","CAIS","N","00069","UNIT","S","1959-01-01","1993-08-04","34.6","45","28.81805499","-90.92807365"
"4","1","21281","Comstock Offshore, LLC","CAIS","N","00069","UNIT","S","1972-01-01","1993-08-04","21.6","43","28.813268","-90.93621"
"6","1","21282","Comstock Offshore, LLC","WP","N","00069","UNIT","S","1973-01-01","1993-08-04","20.6","48","28.806592","-90.921876"
"10","1","21362","Comstock Offshore, LLC","CAIS","N","00064","UNIT","S","1965-01-01","1984-12-31","20","53","28.827887","-90.8372"
"11","1","21363","Comstock Offshore, LLC","WP","N","00064","UNIT","S","1966-01-01","1996-06-17","30.5","42","28.852734","-90.831656"
"8","1","21364","Comstock Offshore, LLC","CAIS","N","00064","UNIT","S","1965-01-01","1975-12-31","11","47","28.845601","-90.834043"
"9","1","21365","Comstock Offshore, LLC","CAIS","N","00042","UNIT","S","1970-01-01","1990-07-14","20.5","32","28.86695","-90.862279"
"1","1","21366","Comstock Offshore, LLC","CAIS","N","00063","UNIT","S","1961-01-01","1975-12-31","15","30","28.86358","-90.843241"
"8","1","21367","Comstock Offshore, LLC","CAIS","N","00067","UNIT","S","1965-01-01","1975-12-31","11","35","28.858104","-90.851869"
"8","1","21368","Comstock Offshore, LLC","CAIS","N","00042","UNIT","S","1970-01-01","1990-07-14","20.5","29","28.870181","-90.858359"
"6","1","21369","Comstock Offshore, LLC","WP","N","00063","UNIT","S","1969-01-01","1993-08-31","24.7","28","28.875409","-90.844589"
"20","1","21371","Comstock Offshore, LLC","CAIS","N","00067","UNIT","S","1968-01-01","1975-12-31","8","43","28.851459","-90.856673"
"9","1","21374","Comstock Offshore, LLC","WP","N","00067","UNIT","S","1966-01-01","1993-07-08","27.5","51","28.835905","-90.848621"
"19","1","21375","Comstock Offshore, LLC","CAIS","N","00067","UNIT","S","1967-01-01","1993-07-15","26.5","39","28.855085","-90.855769"
"22","1","21376","Comstock Offshore, LLC","CAIS","N","00063","UNIT","S","1972-01-01","1996-06-17","24.5","24","28.890329","-90.811373"
"2","1","21377","Comstock Offshore, LLC","WP","N","00042","UNIT","S","1968-01-01","1992-06-21","24.5","51","28.864372","-90.849109"
"14","1","21378","Comstock Offshore, LLC","CAIS","N","00042","UNIT","S","1971-01-01","1990-07-13","19.5","29","28.868846","-90.854461"
"25","1","21379","Comstock Offshore, LLC","CAIS","N","00063","UNIT","S","1973-01-01","1993-08-04","20.6","24","28.895497","-90.804084"
"14","1","21383","Comstock Offshore, LLC","CAIS","N","00063","UNIT","S","1972-01-01","1990-11-19","18.9","24","28.895808","-90.813713"
"3","1","21385","Comstock Offshore, LLC","WP","N","00063","UNIT","S","1968-01-01","1992-08-05","24.6","32","28.865825","-90.842143"
"10","1","21386","Comstock Offshore, LLC","CAIS","N","00063","UNIT","S","1970-01-01","1993-08-04","23.6","25","28.884368","-90.842278"
"A","1","60001","GOM Shelf LLC","FIXED","N","G14791","RELINQ","N","1997-01-01","2010-08-02","13.6","90","28.18624062","-96.04386915"
"12","1","86","GOM Shelf LLC","CAIS","N","00479","TERMIN","N","1997-11-19","","","21","29.21617566","-91.59209002"
"C","1","228","GOM Shelf LLC","FIXED","Y","00479","TERMIN","N","1998-10-05","","","22","29.21140388","-91.59512751"
"10","2","228","GOM Shelf LLC","CAIS","N","00479","TERMIN","N","1997-06-04","","","22","29.2114284","-91.59524355"
"A","1","290","GOM Shelf LLC","FIXED","Y","G16455","PROD","S","1998-11-25","2025-07-31","26.7","394","28.19752995","-90.34474189"
"A (Tanzanite)","1","687","GOM Shelf LLC","FIXED","Y","G14482","PROD","S","2000-09-04","","","315","28.16388109","-91.36894249"
"D","1","693","GOM Shelf LLC","CAIS","N","00479","TERMIN","N","2000-04-01","","","17","29.22359084","-91.58009925"
"I","1","766","GOM Shelf LLC","CAIS","N","00129","UNIT","S","2000-11-15","","","100","28.97365906","-89.95413081"
"CAIS.F","1","791","GOM Shelf LLC","CAIS","N","G02311","TERMIN","N","2001-02-28","","","36","29.10919088","-91.89602131"
"A","1","857","GOM Shelf LLC","FIXED","N","G17938","PROD","S","2001-06-28","","","191","28.4310905","-92.06363635"
"C","1","1027","GOM Shelf LLC","FIXED","Y","G02592","PROD","S","2002-01-27","","","228","28.24185643","-92.12822726"
"D (Cyrus)","1","1052","GOM Shelf LLC","FIXED","Y","G02719","TERMIN","N","2002-05-11","","","440","27.91022528","-94.39643889"
"G","1","1702","GOM Shelf LLC","CAIS","N","00479","TERMIN","N","2005-09-09","","","19","29.22700774","-91.60303359"
"M","1","1822","GOM Shelf LLC","FIXED","N","G13917","TERMIN","N","2006-02-10","","","87","28.57070309","-91.01020194"
"N","1","1891","GOM Shelf LLC","WP","N","00132","UNIT","S","2006-06-07","2013-05-09","6.9","111","28.94039866","-89.95225064"
"GG","1","2017","GOM Shelf LLC","CAIS","N","G01580","TERMIN","N","2007-04-07","2018-08-25","11.4","102","29.03753145","-89.85604321"
"FF","1","2035","GOM Shelf LLC","FIXED","N","00182","UNIT","S","2007-04-23","","","144","28.95025688","-89.80445571"
"O","1","2006","GOM Shelf LLC","FIXED","Y","00133","UNIT","S","2007-04-08","","","92","28.95933478","-90.01886679"
"D","1","2134","GOM Shelf LLC","FIXED","N","G26176","PROD","S","2008-01-12","","","54","30.16140823","-88.00118312"
"A","1","2247","GOM Shelf LLC","FIXED","N","G24956","PROD","S","2009-04-30","","","60","28.90910581","-90.41877705"
"A","1","2430","GOM Shelf LLC","FIXED","Y","G32265","PROD","S","2011-09-30","","","287","29.17161647","-88.60305675"
"11","1","22654","El Paso Production Company","CAIS","N","00384","RELINQ","N","1981-01-01","1985-12-31","5","40","29.124889","-89.572625"
"A","1","20543","El Paso Production Company","FIXED","Y","00479","TERMIN","N","1957-01-01","1991-04-15","34.3","20","29.228259","-91.604432"
"4","1","22491","El Paso Production Company","CAIS","N","G03148","TERMIN","N","1981-01-01","2004-10-27","23.8","25","29.247371","-91.631625"
"5","1","22661","El Paso Production Company","CAIS","N","G03148","TERMIN","N","1982-01-01","2004-10-27","22.8","25","29.244769","-91.649474"
"2","1","22869","El Paso Production Company","CAIS","N","G04857","TERMIN","N","1983-01-01","1988-08-27","5.7","15","29.258509","-91.56354"
"1","1","22980","El Paso Production Company","CAIS","N","G04858","TERMIN","N","1984-01-01","1988-05-16","4.4","18","29.259491","-91.57109"
"5","1","23012","El Paso Production Company","CAIS","N","00479","TERMIN","N","1983-01-01","1991-12-31","9","21","29.247111","-91.581405"
"B","1","22518","El Paso Production Company","CAIS","N","G04099","TERMIN","N","1981-01-01","1989-05-18","8.4","44","29.511932","-92.878259"
"D","1","22658","El Paso Production Company","FIXED","Y","G03537","TERMIN","N","1982-01-01","2002-08-08","20.6","125","28.614865","-92.769392"
"D","1","23177","El Paso Production Company","CAIS","N","G04203","TERMIN","N","1985-01-01","1989-05-18","4.4","40","29.53184","-92.843722"
"G","1","23696","El Paso Production Company","WP","N","G04100","TERMIN","N","1988-01-01","1994-08-30","6.7","121","28.582592","-92.762865"
"1","1","20133","El Paso Production Company","FIXED","Y","00251","TERMIN","N","1969-01-01","1988-12-03","19.9","33","29.46631","-93.424945"
"A","1","21218","El Paso Production Company","FIXED","Y","00251","TERMIN","N","1968-01-01","2005-08-06","37.6","40","29.466307","-93.424942"
"D","1","21707","El Paso Production Company","WP","N","00253","TERMIN","N","1960-01-01","1985-12-31","26","40","29.424814","-93.416263"
"5(7)","1","21743","El Paso Production Company","WP","N","G04146","TERMIN","N","1980-01-01","1999-05-09","19.4","45","29.54555436","-93.79904664"
"A","1","22047","El Paso Production Company","FIXED","Y","G03277","TERMIN","N","1977-01-01","2001-03-10","24.2","65","29.070753","-93.42737"
"A-AUX","2","22047","El Paso Production Company","FIXED","N","G03277","TERMIN","N","1980-01-01","2001-01-15","21","65","29.070616","-93.427304"
"B","1","22163","El Paso Production Company","FIXED","Y","G03276","TERMIN","N","1978-01-01","2000-09-14","22.7","66","29.079559","-93.409864"
"E-PRD","1","22415","El Paso Production Company","FIXED","Y","G04144","TERMIN","N","1980-01-01","2000-07-09","20.5","29","29.634917","-93.761732"
"E","2","22415","El Paso Production Company","WP","N","G04144","TERMIN","N","1980-01-01","2000-07-09","20.5","29","29.634408","-93.761865"
"A","1","22489","El Paso Production Company","CAIS","N","G04146","TERMIN","N","1981-01-01","1999-08-02","18.6","32","29.554312","-93.789506"
"B","1","22542","El Paso Production Company","FIXED","Y","G04146","TERMIN","N","1982-01-01","1999-07-13","17.5","54","29.547846","-93.788838"
"C","1","22543","El Paso Production Company","FIXED","Y","G04146","TERMIN","N","1981-01-01","1999-06-14","18.4","45","29.549405","-93.775488"
"E","1","22720","El Paso Production Company","FIXED","Y","00253","TERMIN","N","1983-01-01","1991-05-27","8.4","42","29.411672","-93.423548"
"A","1","22836","El Paso Production Company","FIXED","Y","G04092","RELINQ","N","1983-01-01","2001-07-08","18.5","77","28.919403","-93.390567"
"1","1","23061","El Paso Production Company","CAIS","N","G02838","TERMIN","N","1985-01-01","2001-08-31","16.7","80","29.008699","-93.481538"
"1","1","23671","El Paso Production Company","CAIS","N","G04767","TERMIN","N","1988-01-01","2000-01-19","12","73","28.913344","-93.352614"
"B","1","23799","El Paso Production Company","CAIS","N","G02838","TERMIN","N","1994-01-01","2000-07-23","6.6","81","29.017204","-93.501266"
"6","1","29026","El Paso Production Company","CAIS","N","G04754","TERMIN","N","1994-12-18","2005-08-05","10.6","37","29.47150923","-93.42195099"
"3","1","28024","El Paso Production Company","CAIS","N","G04078","TERMIN","N","1985-01-01","1997-11-04","12.8","36","29.45419381","-93.78677728"
"7","1","23019","Newfield Exploration Company","CAIS","N","G03577","TERMIN","N","1984-01-01","2002-06-14","18.5","27","28.968283","-90.836478"
"9","1","23034","Newfield Exploration Company","CAIS","N","G03577","TERMIN","N","1984-01-01","2002-06-04","18.4","30","28.9771","-90.841125"
"11","1","23084","Newfield Exploration Company","CAIS","N","G03577","TERMIN","N","1985-01-01","2002-06-17","17.5","30","28.952847","-90.835303"
"3","1","23094","Newfield Exploration Company","CAIS","N","G06736","TERMIN","N","1985-01-01","2006-05-31","21.4","28","28.980085","-90.830634"
"D","1","23179","Newfield Exploration Company","FIXED","Y","G01014","TERMIN","N","1985-01-01","2002-07-30","17.6","43","28.743939","-91.008294"
"10","1","23509","Newfield Exploration Company","CAIS","N","G03577","TERMIN","N","1985-01-01","2002-06-21","17.5","26","28.947807","-90.831871"
"A","1","23905","Newfield Exploration Company","FIXED","Y","G05516","TERMIN","N","1990-01-01","2003-08-22","13.6","260","28.235607","-91.41132"
"A","1","23948","Newfield Exploration Company","WP","N","G11986","RELINQ","N","1991-01-01","1993-10-05","2.8","100","28.57097358","-91.23017307"
"14","1","26007","Newfield Exploration Company","CAIS","N","G03577","TERMIN","N","1993-01-07","2006-06-02","13.4","30","28.951696","-90.82618"
"D","1","20214","Newfield Exploration Company","FIXED","Y","00767","TERMIN","N","1961-01-01","1988-11-10","27.9","48","29.413739","-92.982813"
"B","1","20216","Newfield Exploration Company","FIXED","Y","00161","EXPIR","N","1965-01-01","1999-07-02","34.5","51","29.343698","-92.908204"
"B","1","20451","Newfield Exploration Company","FIXED","Y","00160","TERMIN","N","1957-01-01","2001-11-09","44.9","50","29.393999","-92.955876"
"No. 8","2","20451","Newfield Exploration Company","CAIS","N","00160","TERMIN","N","1977-01-01","2001-11-09","24.9","50","29.394243","-92.955931"
"C","1","21040","Newfield Exploration Company","FIXED","Y","00161","EXPIR","N","1972-01-01","1997-09-06","25.7","54","29.353439","-92.885482"
"E","1","21493","Newfield Exploration Company","FIXED","Y","00768","TERMIN","N","1955-01-01","1997-09-04","42.7","50","29.413083","-92.931311"
"A","1","22086","Newfield Exploration Company","FIXED","Y","G02095","TERMIN","N","1978-01-01","2004-10-01","26.7","191","28.385491","-92.068525"
"C(Removed)","1","22317","Newfield Exploration Company","FIXED","Y","G03288","RELINQ","N","1979-01-01","1997-09-10","18.7","47","29.46878","-92.971512"
"D","1","22636","Newfield Exploration Company","WP","N","G03287","TERMIN","N","1982-01-01","2000-08-15","18.6","47","29.476094","-92.948405"
"A","1","23395","Newfield Exploration Company","FIXED","Y","G10705","TERMIN","N","1991-01-01","1995-09-02","4.7","251","28.168075","-92.140447"
"JA","1","10220","Newfield Exploration Company","FIXED","Y","G03938","TERMIN","N","1982-01-01","2009-08-16","27.6","131","28.14049","-95.72203"
"BJ","1","10253","Newfield Exploration Company","FIXED","Y","G02690","TERMIN","N","1984-09-10","2005-07-26","20.9","191","28.252649","-94.044935"
"A","1","10580","Newfield Exploration Company","FIXED","Y","00714","TERMIN","N","1993-08-18","1998-03-19","4.6","70","28.871207","-94.697078"
"5","1","20494","Newfield Exploration Company","CAIS","N","G01996","TERMIN","N","1972-01-01","2004-07-14","32.5","47","29.422889","-93.274925"
"7","2","20494","Newfield Exploration Company","CAIS","N","G01996","TERMIN","N","1978-01-01","2004-07-15","26.5","47","29.422867","-93.27495"
"B","1","20496","Newfield Exploration Company","WP","N","G01996","TERMIN","N","1972-01-01","2004-07-26","32.6","46","29.423141","-93.25582"
"A","2","20496","Newfield Exploration Company","FIXED","Y","G01996","TERMIN","N","1972-01-01","2006-09-01","34.7","46","29.423281","-93.255823"
"A","1","22001","Newfield Exploration Company","FIXED","Y","G03282","TERMIN","N","1977-01-01","2005-08-03","28.6","93","28.756628","-93.162932"
"B","1","22127","Newfield Exploration Company","FIXED","Y","G02850","TERMIN","N","1976-01-01","1999-08-04","23.6","306","28.073008","-93.332681"
"A","1","22391","Newfield Exploration Company","FIXED","Y","G03386","TERMIN","N","1980-01-01","2008-05-20","28.4","257","28.14538795","-93.00706746"
"8","1","23603","Newfield Exploration Company","CAIS","N","G01996","TERMIN","N","1986-01-01","2007-08-19","21.6","44","29.423851","-93.262886"
"A","1","23678","Newfield Exploration Company","CAIS","N","G07601","TERMIN","N","1988-01-01","1996-07-28","8.6","43","29.52974171","-93.20355166"
"A","2","23678","Newfield Exploration Company","FIXED","Y","G07601","TERMIN","N","1991-01-01","1996-07-28","5.6","43","29.52974135","-93.20357681"
"A","4","23678","Newfield Exploration Company","FIXED","Y","G07601","TERMIN","N","1991-01-01","1996-07-28","5.6","43","29.529989","-93.203537"
"A","3","23678","Newfield Exploration Company","FIXED","Y","G07601","TERMIN","N","1991-12-09","1996-07-28","4.6","43","29.52974198","-93.20353279"
"9","1","23694","Newfield Exploration Company","FIXED","Y","G01996","TERMIN","N","1988-01-01","2007-08-24","19.6","41","29.447549","-93.279054"
"A","1","23706","Newfield Exploration Company","FIXED","Y","G05322","TERMIN","N","1989-01-01","2000-06-15","11.5","100","28.68726","-93.582038"
"1","1","23753","Newfield Exploration Company","CAIS","N","G07619","TERMIN","N","1991-01-01","2000-06-15","9.5","96","28.760514","-93.434062"
"4","1","24165","Newfield Exploration Company","CAIS","N","G07789","TERMIN","N","1993-11-19","1998-10-12","4.9","55","29.17816","-89.648265"
"B","1","26069","Newfield Exploration Company","FIXED","Y","G04877","TERMIN","N","1994-05-29","2000-09-19","6.3","332","28.13699776","-91.21966944"
"10","1","23798","Newfield Exploration Company","CAIS","N","G01996","TERMIN","N","1994-01-01","2004-08-10","10.6","46","29.43137808","-93.24816154"
"B","1","29033","Newfield Exploration Company","CAIS","N","G05322","TERMIN","N","1995-05-28","2000-06-18","5.1","105","28.68312361","-93.59326609"
"C","1","24236","Newfield Exploration Company","WP","N","G01898","TERMIN","N","1995-09-03","2002-06-04","6.8","98","28.61345543","-90.41921052"
"A","1","31010","Newfield Exploration Company","FIXED","N","","","","1985-01-01","2004-10-22","19.8","50","",""
"A","1","32029","Newfield Exploration Company","WP","Y","G11892","TERMIN","N","1996-09-23","2004-10-05","8","209","28.31933957","-92.30131883"
"G","1","1549","Newfield Exploration Company","WP","N","G21130","TERMIN","N","2004-09-12","2007-06-08","2.7","207","28.87923866","-89.68597501"
"PLTF.B(CAIS.#17","1","29042","Newfield Exploration Company","CAIS","N","00757","TERMIN","N","1997-09-15","2000-08-19","2.9","35","29.51370059","-93.66073232"
"A","1","70015","Newfield Exploration Company","FIXED","N","G08774","TERMIN","N","1997-12-01","2002-07-24","4.6","110","29.80359208","-88.03668474"
"A","1","662","Seneca Resources Corporation","FIXED","Y","G15257","TERMIN","N","2000-05-26","2012-10-21","12.4","181","28.44323475","-91.67753169"
"1","1","762","Seneca Resources Corporation","CAIS","N","G17965","TERMIN","N","2000-11-06","2004-08-10","3.8","28","29.05150901","-91.54172651"
"3","1","10451","Mobil Producing Texas & New Mexico Inc.","CAIS","N","G05180","EXPIR","N","1988-01-01","1989-09-27","1.7","30","29.437044","-93.782531"
"A","1","10217","Mobil Producing Texas & New Mexico Inc.","WP","N","G08986","RELINQ","N","1982-01-01","1988-12-25","7","189","27.717991","-96.415989"
"1","1","10275","Corpus Christi Oil and Gas Company","CAIS","N","G12364","TERMIN","N","1985-01-01","1992-07-02","7.5","67","28.519068","-95.688223"
"1","1","10413","Corpus Christi Oil and Gas Company","CAIS","N","G06147","TERMIN","N","1987-01-01","1992-06-29","5.5","44","29.328531","-93.886495"
"1","1","23644","Corpus Christi Oil and Gas Company","FIXED","Y","G08405","EXPIR","N","1987-01-01","1989-12-31","3","65","29.210092","-93.562485"
"A","1","20078","MidCon Exploration Company - Gulf Coast","FIXED","Y","G01986","TERMIN","N","1971-01-01","1986-12-31","16","177","28.720012","-89.948994"
"A","1","22530","MidCon Exploration Company - Gulf Coast","FIXED","Y","G02626","TERMIN","N","1981-01-01","1987-12-31","7","56","28.930411","-90.331471"
"A","1","21147","MidCon Exploration Company - Gulf Coast","FIXED","Y","G01128","TERMIN","N","1962-01-01","1980-12-31","19","90","28.917183","-92.615962"
"17","1","20410","MOBIL OIL EXPLORATION & PRODUCING SOUTHEAST INC.","CAIS","N","G01366","RELINQ","N","1993-01-01","2004-07-22","11.6","24","29.64400348","-88.86043401"
"A-CF","2","20410","MOBIL OIL EXPLORATION & PRODUCING SOUTHEAST INC.","FIXED","Y","G01366","RELINQ","N","1964-01-01","2004-07-22","40.6","24","29.64372","-88.859969"
"QRTS","3","20410","MOBIL OIL EXPLORATION & PRODUCING SOUTHEAST INC.","FIXED","N","G01366","RELINQ","N","1973-01-01","2004-07-22","31.6","24","29.642886","-88.859517"
"B","1","20411","MOBIL OIL EXPLORATION & PRODUCING SOUTHEAST INC.","FIXED","Y","G01500","TERMIN","N","1969-01-01","2004-07-02","35.5","38","29.618394","-88.837143"
"6","2","20411","MOBIL OIL EXPLORATION & PRODUCING SOUTHEAST INC.","CAIS","N","G01500","TERMIN","N","1969-01-01","2004-07-02","35.5","38","29.618672","-88.837293"
"1","1","20413","MOBIL OIL EXPLORATION & PRODUCING SOUTHEAST INC.","CAIS","N","G01499","TERMIN","N","1968-01-01","1997-12-16","30","36","29.652557","-88.824199"
"2","1","20415","MOBIL OIL EXPLORATION & PRODUCING SOUTHEAST INC.","CAIS","N","G01366","RELINQ","N","1967-01-01","2004-07-27","37.6","33","29.649852","-88.873042"
"2","1","20416","MOBIL OIL EXPLORATION & PRODUCING SOUTHEAST INC.","CAIS","N","G01499","TERMIN","N","1967-01-01","1988-10-11","21.8","34","29.656514","-88.838396"
"2","1","20417","MOBIL OIL EXPLORATION & PRODUCING SOUTHEAST INC.","CAIS","N","G01500","TERMIN","N","1967-01-01","1979-12-31","13","38","29.6224","-88.859866"
"9","2","20419","MOBIL OIL EXPLORATION & PRODUCING SOUTHEAST INC.","CAIS","N","G01366","RELINQ","N","1965-01-01","2004-01-22","39.1","33","29.63838973","-88.87639408"
"3","1","20419","MOBIL OIL EXPLORATION & PRODUCING SOUTHEAST INC.","WP","N","G01366","RELINQ","N","1965-01-01","2004-06-26","39.5","33","29.63839","-88.876394"
"3","1","20420","MOBIL OIL EXPLORATION & PRODUCING SOUTHEAST INC.","CAIS","N","G01499","TERMIN","N","1968-01-01","1997-12-16","30","35","29.651343","-88.84128"
"3","1","20421","MOBIL OIL EXPLORATION & PRODUCING SOUTHEAST INC.","CAIS","N","G01500","TERMIN","N","1967-01-01","1981-12-31","15","39","29.641303","-88.834053"
"4","1","20422","MOBIL OIL EXPLORATION & PRODUCING SOUTHEAST INC.","CAIS","N","G01500","TERMIN","N","1968-01-01","2004-01-24","36.1","36","29.647254","-88.836029"
"4","1","20423","MOBIL OIL EXPLORATION & PRODUCING SOUTHEAST INC.","CAIS","N","G01627","TERMIN","N","1970-01-01","1977-12-31","8","41","29.603307","-88.824929"
"5","1","20424","MOBIL OIL EXPLORATION & PRODUCING SOUTHEAST INC.","CAIS","N","G01366","RELINQ","N","1968-01-01","2004-01-21","36.1","33","29.648763","-88.864882"
"5","1","20425","MOBIL OIL EXPLORATION & PRODUCING SOUTHEAST INC.","CAIS","N","G01500","TERMIN","N","1968-01-01","2004-08-09","36.6","37","29.6449","-88.842386"
"6","1","20426","MOBIL OIL EXPLORATION & PRODUCING SOUTHEAST INC.","CAIS","N","G01366","RELINQ","N","1969-01-01","2004-06-30","35.5","38","29.612005","-88.825215"
"7","1","20427","MOBIL OIL EXPLORATION & PRODUCING SOUTHEAST INC.","CAIS","N","G01366","RELINQ","N","1965-01-01","2004-06-28","39.5","35","29.6490552","-88.84755661"
"7","1","20428","MOBIL OIL EXPLORATION & PRODUCING SOUTHEAST INC.","CAIS","N","G01500","TERMIN","N","1968-01-01","1994-10-14","26.8","35","29.618863","-88.847362"
"8","1","20429","MOBIL OIL EXPLORATION & PRODUCING SOUTHEAST INC.","WP","N","G01366","RELINQ","N","1965-01-01","2004-07-23","39.6","35","29.638807","-88.885181"
"8","1","20430","MOBIL OIL EXPLORATION & PRODUCING SOUTHEAST INC.","CAIS","N","G01500","TERMIN","N","1969-01-01","2004-01-22","35.1","40","29.611555","-88.824723"
"9","1","20431","MOBIL OIL EXPLORATION & PRODUCING SOUTHEAST INC.","CAIS","N","G01500","TERMIN","N","1969-01-01","1979-12-31","11","39","29.623169","-88.842375"
"10","1","20432","MOBIL OIL EXPLORATION & PRODUCING SOUTHEAST INC.","CAIS","N","G01500","TERMIN","N","1969-01-01","2004-07-03","35.5","41","29.615799","-88.830912"
"12","1","20433","MOBIL OIL EXPLORATION & PRODUCING SOUTHEAST INC.","CAIS","N","G01366","RELINQ","N","1966-01-01","2004-06-26","38.5","34","29.640875","-88.847712"
"13","1","20434","MOBIL OIL EXPLORATION & PRODUCING SOUTHEAST INC.","CAIS","N","G01366","RELINQ","N","1968-01-01","1983-12-31","16","34","29.642756","-88.867234"
"14","1","20435","MOBIL OIL EXPLORATION & PRODUCING SOUTHEAST INC.","CAIS","N","G01366","RELINQ","N","1968-01-01","2004-01-23","36.1","34","29.648563","-88.85426"
"15","1","20436","MOBIL OIL EXPLORATION & PRODUCING SOUTHEAST INC.","CAIS","N","G01366","RELINQ","N","1968-01-01","2004-08-07","36.6","40","29.642506","-88.853969"
"16","1","20437","MOBIL OIL EXPLORATION & PRODUCING SOUTHEAST INC.","CAIS","N","G01366","RELINQ","N","1968-01-01","2004-01-22","36.1","36","29.637243","-88.837539"
"CF","1","20439","MOBIL OIL EXPLORATION & PRODUCING SOUTHEAST INC.","FIXED","Y","G01627","TERMIN","N","1969-01-01","2004-07-30","35.6","38","29.580065","-88.868463"
"1","2","20439","MOBIL OIL EXPLORATION & PRODUCING SOUTHEAST INC.","CAIS","N","G01627","TERMIN","N","1969-01-01","2004-07-28","35.6","38","29.58144814","-88.86890137"
"5","1","20444","MOBIL OIL EXPLORATION & PRODUCING SOUTHEAST INC.","CAIS","N","G01627","TERMIN","N","1971-01-01","2004-08-20","33.6","38","29.583287","-88.864293"
"1","1","21584","MOBIL OIL EXPLORATION & PRODUCING SOUTHEAST INC.","FIXED","N","G01366","RELINQ","N","1964-01-01","2004-07-25","40.6","33","29.641653","-88.881745"
"16","1","21388","Comstock Offshore, LLC","CAIS","N","00064","UNIT","S","1967-01-01","1992-08-05","25.6","51","28.840564","-90.837263"
"19","1","21389","Comstock Offshore, LLC","WP","N","00064","UNIT","S","1967-01-01","1991-05-29","24.4","35","28.862182","-90.837157"
"9","1","21390","Comstock Offshore, LLC","CAIS","N","00063","UNIT","S","1970-01-01","2003-08-22","33.6","26","28.879973","-90.844255"
"5","1","21627","Comstock Offshore, LLC","CAIS","N","00063","UNIT","S","1969-01-01","1975-12-31","7","30","28.865191","-90.844576"
"G","1","21632","Comstock Offshore, LLC","WP","N","00067","UNIT","S","1957-01-01","1980-12-31","24","32","28.860778","-90.860456"
"E","1","21635","Comstock Offshore, LLC","FIXED","Y","00068","UNIT","S","1958-01-01","1994-10-25","36.8","54","28.816496","-90.872818"
"5","1","21784","Comstock Offshore, LLC","WP","N","00064","UNIT","S","1964-01-01","1992-08-05","28.6","51","28.839055","-90.838114"
"11","1","21887","Comstock Offshore, LLC","CAIS","N","00069","UNIT","S","1975-01-01","1993-08-04","18.6","46","28.806219","-90.92961"
"17","1","21952","Comstock Offshore, LLC","CAIS","N","00069","UNIT","S","1976-01-01","1993-08-04","17.6","49","28.815814","-90.906587"
"38","1","21956","Comstock Offshore, LLC","CAIS","N","00064","UNIT","S","1976-01-01","1994-09-17","18.7","50","28.841289","-90.82923"
"15","1","21957","Comstock Offshore, LLC","CAIS","N","00069","UNIT","S","1976-01-01","1999-09-02","23.7","50","28.805211","-90.910056"
"26","1","21958","Comstock Offshore, LLC","CAIS","N","00063","UNIT","S","1976-01-01","1990-07-07","14.5","24","28.899321","-90.814813"
"29","1","22018","Comstock Offshore, LLC","CAIS","N","00063","UNIT","S","1977-01-01","2003-08-18","26.6","24","28.882304","-90.841791"
"30","1","22139","Comstock Offshore, LLC","CAIS","N","00067","UNIT","S","1977-01-01","1979-12-31","3","49","28.839423","-90.848964"
"33","1","22143","Comstock Offshore, LLC","CAIS","N","00063","UNIT","S","1978-01-01","1996-06-17","18.5","25","28.88668","-90.836168"
"15","1","22144","Comstock Offshore, LLC","CAIS","N","00042","UNIT","S","1978-01-01","1990-07-14","12.5","30","28.868532","-90.86096"
"32","1","22166","Comstock Offshore, LLC","CAIS","N","00063","UNIT","S","1978-01-01","1996-06-17","18.5","25","28.881839","-90.836816"
"3","1","22170","Comstock Offshore, LLC","CAIS","N","00038","UNIT","S","1978-01-01","2003-08-09","25.6","42","28.805778","-90.950684"
"4","1","22227","Comstock Offshore, LLC","CAIS","N","00038","UNIT","S","1979-01-01","1996-06-17","17.5","40","28.801136","-90.954295"
"5","1","22228","Comstock Offshore, LLC","CAIS","N","00038","UNIT","S","1979-01-01","2003-08-01","24.6","41","28.809062","-90.945299"
"6","1","22229","Comstock Offshore, LLC","CAIS","N","00038","UNIT","S","1979-01-01","1992-08-05","13.6","40","28.79956186","-90.96154929"
"7","1","22230","Comstock Offshore, LLC","CAIS","N","00038","UNIT","S","1979-01-01","2003-08-14","24.6","40","28.794824","-90.97734"
"12","1","22251","Comstock Offshore, LLC","CAIS","N","00063","UNIT","S","1977-01-01","1993-09-17","16.7","25","28.870501","-90.841024"
"39","1","22252","Comstock Offshore, LLC","CAIS","N","00064","UNIT","S","1979-01-01","2003-08-02","24.6","50","28.837075","-90.841849"
"K","1","22303","Comstock Offshore, LLC","FIXED","Y","00038","UNIT","S","1979-01-01","1993-08-12","14.6","50","28.799856","-90.948397"
"18","1","22307","Comstock Offshore, LLC","CAIS","N","00069","UNIT","S","1979-01-01","1992-08-05","13.6","47","28.807657","-90.935542"
"4","1","22308","Comstock Offshore, LLC","CAIS","N","00040","UNIT","S","1979-01-01","2003-08-04","24.6","45","28.803716","-90.941627"
"20","1","22339","Comstock Offshore, LLC","WP","N","00042","UNIT","S","1979-01-01","1997-08-22","18.6","50","28.865532","-90.846202"
"41","1","22340","Comstock Offshore, LLC","WP","N","00064","UNIT","S","1980-01-01","1993-09-17","13.7","41","28.838783","-90.835223"
"4","1","22341","Comstock Offshore, LLC","CAIS","N","00068","UNIT","S","1979-01-01","2003-08-05","24.6","50","28.81631","-90.885619"
"37","1","22385","Comstock Offshore, LLC","FIXED","Y","00067","UNIT","S","1981-01-01","1993-09-17","12.7","50","28.837053","-90.851298"
"35","1","22399","Comstock Offshore, LLC","CAIS","N","00067","UNIT","S","1980-01-01","1993-09-17","13.7","40","28.859188","-90.854841"
"44","1","22419","Comstock Offshore, LLC","CAIS","N","00064","UNIT","S","1980-01-01","1989-01-05","9","48","28.826612","-90.833219"
"48","1","22551","Comstock Offshore, LLC","CAIS","N","00064","UNIT","S","1981-01-01","1990-07-16","9.5","45","28.827222","-90.835143"
"43","1","22560","Comstock Offshore, LLC","CAIS","N","00064","UNIT","S","1981-01-01","1993-09-17","12.7","40","28.859819","-90.836159"
"3","1","22584","Comstock Offshore, LLC","CAIS","N","00065","UNIT","S","1982-01-01","1993-09-17","11.7","53","28.824024","-90.843171"
"14","1","22650","Comstock Offshore, LLC","CAIS","N","00069","UNIT","S","1982-01-01","2003-07-27","21.6","45","28.808314","-90.919877"
"31","1","22712","Comstock Offshore, LLC","CAIS","N","00063","UNIT","S","1982-01-01","1996-06-17","14.5","28","28.888976","-90.836909"
"46","1","22725","Comstock Offshore, LLC","CAIS","N","00064","UNIT","S","1983-01-01","1999-09-02","16.7","50","28.832345","-90.84101"
"36","1","22765","Comstock Offshore, LLC","CAIS","N","00063","UNIT","S","1983-01-01","1990-07-08","7.5","28","28.895032","-90.838123"
"40","1","22853","Comstock Offshore, LLC","CAIS","N","00063","UNIT","S","1983-01-01","1999-09-02","16.7","23","28.899573","-90.832779"
"37","1","22933","Comstock Offshore, LLC","CAIS","N","00063","UNIT","S","1984-01-01","1993-09-17","9.7","30","28.867693","-90.844577"
"50","1","22983","Comstock Offshore, LLC","CAIS","N","00064","UNIT","S","1984-01-01","1993-03-02","9.2","46","28.827687","-90.843293"
"53","1","23053","Comstock Offshore, LLC","CAIS","N","00064","UNIT","S","1984-01-01","1992-08-05","8.6","30","28.83366529","-90.84611852"
"49","1","23093","Comstock Offshore, LLC","CAIS","N","00064","UNIT","S","1985-01-01","1986-12-31","2","47","28.828864","-90.845411"
"60","1","23169","Comstock Offshore, LLC","CAIS","N","00064","UNIT","S","1985-01-01","1993-09-17","8.7","51","28.837996","-90.840217"
"47","1","23170","Comstock Offshore, LLC","CAIS","N","00063","UNIT","S","1985-01-01","2003-07-27","18.6","28","28.899684","-90.828645"
"43","1","23218","Comstock Offshore, LLC","CAIS","N","00067","UNIT","S","1986-01-01","1992-08-05","6.6","49","28.833678","-90.848788"
"61","1","23225","Comstock Offshore, LLC","CAIS","N","00064","UNIT","S","1986-01-01","1993-09-17","7.7","53","28.841292","-90.833546"
"A","1","31007","El Paso Production Company","CAIS","N","G15362","TERMIN","N","1996-01-01","2003-09-10","7.7","70","29.03070626","-89.57711668"
"A","1","390","El Paso Production Company","FIXED","Y","G14538","TERMIN","N","1999-01-28","2003-12-12","4.9","137","28.43232569","-90.58528435"
"1","1","1140","El Paso Production Company","CAIS","N","G17762","TERMIN","N","2002-07-02","2003-09-13","1.2","32","29.49871014","-93.46133561"
"A","1","1550","Gryphon Exploration Company","FIXED","Y","G24768","EXPIR","N","2004-08-27","2010-10-02","6.1","201","28.27037186","-93.49575471"
"A","1","84","Gryphon Exploration Company","FIXED","Y","G17962","TERMIN","N","1998-01-04","2009-10-18","11.8","22","29.12323996","-91.45377181"
"A","1","921","Gryphon Exploration Company","FIXED","N","G16107","TERMIN","N","2001-03-22","2008-03-02","6.9","31","29.68452131","-93.51301944"
"A","1","1403","Gryphon Exploration Company","FIXED","Y","G24760","EXPIR","N","2003-12-03","2009-06-30","5.6","149","28.4848516","-93.27212156"
"4","1","1733","Gryphon Exploration Company","CAIS","N","G16107","TERMIN","N","2005-09-16","2009-04-15","3.6","30","29.68707579","-93.5094181"
"A","1","1758","Gryphon Exploration Company","FIXED","Y","G26442","TERMIN","N","2005-12-30","2010-10-31","4.8","149","27.55078019","-96.74357924"
"A","1","23788","Stingray Pipeline Company, L.L.C.","FIXED","Y","","","","1993-08-10","","","721","27.7878513","-93.18794459"
"PP-VALVE","1","517","Stingray Pipeline Company, L.L.C.","FIXED","N","","","","1972-01-01","","","37","29.42008425","-93.34947853"
"A-VALVE","1","528","Stingray Pipeline Company, L.L.C.","FIXED","N","","","","1974-01-01","","","162","28.43270996","-93.00473875"
"B","2","528","Stingray Pipeline Company, L.L.C.","FIXED","N","","","","1974-01-01","","","162","28.43267621","-93.00522345"
"C- QTRS","3","528","Stingray Pipeline Company, L.L.C.","FIXED","N","","","","1974-01-01","","","162","28.43169922","-93.00571124"
"A","1","21775","BP Exploration & Production Inc.","FIXED","Y","G02164","TERMIN","N","1973-01-01","2009-05-24","36.4","210","28.515857","-90.123101"
"A","1","22113","BP Exploration & Production Inc.","FIXED","Y","G02113","RELINQ","N","1978-01-01","2004-05-05","26.3","235","28.289925","-91.351037"
"A-PRD","2","22113","BP Exploration & Production Inc.","FIXED","Y","G02113","RELINQ","N","1978-01-01","2004-05-05","26.3","235","28.290255","-91.351037"
"2","1","23576","BP Exploration & Production Inc.","CAIS","N","G05504","PROD","S","1989-01-01","1993-10-06","4.8","135","28.609158","-91.784871"
"2","1","20119","BP Exploration & Production Inc.","CAIS","N","00081","TERMIN","N","1966-01-01","1977-12-31","12","40","29.499905","-93.266463"
"3","1","20120","BP Exploration & Production Inc.","WP","N","00081","TERMIN","N","1968-01-01","2007-11-19","39.9","40","29.509144","-93.264755"
"D","1","20121","BP Exploration & Production Inc.","FIXED","Y","00081","TERMIN","N","1959-01-01","2006-05-24","47.4","42","29.511758","-93.275521"
"B","1","20637","BP Exploration & Production Inc.","FIXED","N","00082","TERMIN","N","1956-01-01","2006-05-25","50.4","40","29.507839","-93.297045"
"B-AUX1","2","20637","BP Exploration & Production Inc.","FIXED","N","00082","TERMIN","N","1958-01-01","2006-05-14","48.4","40","29.507937","-93.297104"
"E","1","21139","BP Exploration & Production Inc.","CAIS","N","00244","TERMIN","N","1961-01-01","1988-12-07","27.9","38","29.609216","-93.120627"
"7","1","21790","BP Exploration & Production Inc.","FIXED","Y","00244","TERMIN","N","1974-01-01","1996-07-01","22.5","39","29.613881","-93.152193"
"17","1","22115","BP Exploration & Production Inc.","FIXED","Y","00244","TERMIN","N","1978-01-01","2006-05-05","28.3","42","29.608166","-93.140631"
"12","1","22608","BP Exploration & Production Inc.","FIXED","Y","00247","TERMIN","N","1982-01-01","2006-05-07","24.3","40","29.537593","-93.142308"
"15","1","22609","BP Exploration & Production Inc.","FIXED","Y","00247","TERMIN","N","1982-01-01","2004-08-18","22.6","43","29.541874","-93.131012"
"16","1","22732","BP Exploration & Production Inc.","FIXED","Y","00247","TERMIN","N","1983-01-01","2004-08-16","21.6","42","29.542494","-93.146101"
"18","1","23612","BP Exploration & Production Inc.","CAIS","N","00247","TERMIN","N","1983-01-01","1988-02-26","5.2","40","29.569804","-93.151516"
"A","1","23791","BP Exploration & Production Inc.","WP","N","G04398","RELINQ","N","1993-09-02","2001-11-04","8.2","46","29.307425","-93.596088"
"B","1","27014","BP Exploration & Production Inc.","FIXED","Y","G05475","TERMIN","N","1995-09-28","2009-06-15","13.7","530","27.92768488","-91.90265985"
"A (Mad Dog)","1","1215","BP Exploration & Production Inc.","SPAR","Y","G15610","UNIT","S","2004-07-30","","","4420","27.18836886","-90.26871119"
"A(Na Kika)","1","1001","BP Exploration & Production Inc.","SEMI","Y","G23624","","","2003-08-02","","","6340","28.52090278","-88.28878889"
"A(Thunder Horse","1","1101","BP Exploration & Production Inc.","SEMI","Y","G09868","UNIT","S","2005-04-01","","","6200","28.19060986","-88.49558496"
"A (Atlantis)","1","1223","BP Exploration & Production Inc.","SEMI","Y","G23579","","","2007-01-16","","","7050","27.19545638","-90.02698449"
"A","1","2042","BP Exploration & Production Inc.","WP","N","G26519","RELINQ","N","2007-05-24","2013-10-29","6.4","100","28.68476542","-94.31014739"
"A (Argos)","1","2665","BP Exploration & Production Inc.","SEMI","N","G30300","","","2023-01-20","","","4440","27.17325833","-90.3656333"
"B","1","20553","Tarpon Operating & Development, L.L.C.","FIXED","Y","G00900","TERMIN","N","1968-01-01","1999-08-30","31.7","59","29.197583","-93.314769"
"A","1","21711","Tarpon Operating & Development, L.L.C.","FIXED","Y","G00900","TERMIN","N","1962-01-01","1999-08-30","37.7","61","29.180638","-93.307672"
"C","1","29053","Tarpon Operating & Development, L.L.C.","FIXED","Y","G00900","TERMIN","N","1996-09-26","2012-10-07","16","62","29.18179739","-93.31410725"
"CAIS.#6","1","814","Tarpon Operating & Development, L.L.C.","CAIS","N","G00900","TERMIN","N","2001-01-01","2006-12-18","6","58","29.20150068","-93.32066426"
"A","1","1111","Tarpon Operating & Development, L.L.C.","FIXED","Y","G23658","","","2002-06-08","2017-09-25","15.3","316","28.00664812","-92.120597"
"D","1","1941","Tarpon Operating & Development, L.L.C.","FIXED","Y","G27535","TERMIN","N","2006-11-09","2017-08-22","10.8","184","28.36404163","-93.79050352"
"C","1","2049","Tarpon Operating & Development, L.L.C.","WP","Y","G26469","TERMIN","N","2007-07-04","2012-07-29","5.1","165","27.97128605","-95.92233581"
"B","1","2071","Tarpon Operating & Development, L.L.C.","FIXED","Y","G25969","RELINQ","N","2007-08-08","2009-07-15","1.9","199","28.24855165","-92.75250207"
"#14","1","68","Newfield Exploration Company","FIXED","N","G00935","TERMIN","N","1997-09-26","1999-08-23","1.9","57","29.28116953","-92.7298002"
"B(FMR.A)","1","80","Newfield Exploration Company","FIXED","N","G15109","TERMIN","N","1997-11-02","2005-05-27","7.6","185","28.32537046","-93.10674014"
"B","1","97","Newfield Exploration Company","FIXED","Y","G16500","TERMIN","N","1997-11-02","2006-09-28","8.9","158","29.34594468","-88.82801689"
"B","1","146","Newfield Exploration Company","FIXED","Y","G04558","TERMIN","N","1998-03-24","2007-08-09","9.4","118","28.27802758","-95.48800153"
"A","1","177","Newfield Exploration Company","FIXED","N","G17209","TERMIN","N","1998-04-09","2005-10-20","7.5","211","28.24673747","-93.81095046"
"TEMP.CAIS.#3","1","243","Newfield Exploration Company","CAIS","N","G05668","TERMIN","N","1998-06-07","2004-10-14","6.4","56","29.17153853","-89.77340126"
"8","1","680","Newfield Exploration Company","CAIS","N","G02562","TERMIN","N","2000-04-13","2004-07-08","4.2","40","29.47943427","-92.63213961"
"2","1","705","Newfield Exploration Company","CAIS","N","G15319","TERMIN","N","2000-06-03","2007-08-30","7.2","72","28.7014019","-90.36924246"
"2","1","785","Newfield Exploration Company","CAIS","N","G15276","TERMIN","N","2000-08-06","2001-01-28","0.5","24","28.97599413","-91.15290742"
"AJ","1","1043","Newfield Exploration Company","FIXED","N","G16255","TERMIN","N","2001-12-01","2005-06-05","3.5","122","28.60317775","-92.81584424"
"A","1","1168","Newfield Exploration Company","FIXED","N","G22275","TERMIN","N","2002-10-19","2006-08-12","3.8","296","28.03717888","-93.71121883"
"#1","1","1402","Newfield Exploration Company","WP","N","G22696","TERMIN","N","2004-01-04","2007-08-26","3.6","13","29.00015034","-91.25041475"
"B","1","2172","Newfield Exploration Company","FIXED","N","G27862","RELINQ","N","2008-06-19","2009-01-12","0.6","110","28.76331173","-92.58542523"
"A","1","20623","Linder Oil Company, A Partnership","FIXED","Y","G00970","TERMIN","N","1972-01-01","2012-11-30","40.9","146","28.52839","-92.971889"
"B","1","21789","Linder Oil Company, A Partnership","FIXED","Y","G00932","TERMIN","N","1967-01-01","2013-09-12","46.7","49","29.414894","-92.899125"
"A","1","27001","Linder Oil Company, A Partnership","FIXED","Y","G13865","RELINQ","N","1994-08-28","2009-07-18","14.9","83","28.97816436","-92.73310654"
"CAIS.#2","1","372","Linder Oil Company, A Partnership","CAIS","N","G05283","TERMIN","N","1999-02-11","2013-05-28","14.3","44","29.40026539","-93.38709343"
"1","1","20894","Cabot Oil & Gas Corporation","CAIS","N","G00935","TERMIN","N","1963-01-01","1989-11-03","26.8","58","29.262633","-92.727191"
"A","1","23068","B T Operating Co.","FIXED","Y","G06838","TERMIN","N","1984-01-01","1995-05-23","11.4","55","29.771807","-88.711855"
"A","1","22405","B T Operating Co.","FIXED","Y","G03569","TERMIN","N","1980-01-01","2011-09-17","31.7","204","28.3667","-91.630121"
"B","1","22370","B T Operating Co.","FIXED","Y","G02834","RELINQ","N","1980-01-01","1989-04-06","9.3","68","29.110082","-93.112494"
"4","1","23058","B T Operating Co.","CAIS","N","G02834","RELINQ","N","1984-01-01","1990-11-01","6.8","70","29.099599","-93.106535"
"5","1","24192","B T Operating Co.","CAIS","N","G06838","TERMIN","N","1989-01-01","1995-05-23","6.4","56","29.808123","-88.703491"
"B","1","1308","B T Operating Co.","FIXED","N","G03569","TERMIN","N","2003-08-09","2017-05-09","13.7","212","28.34747929","-91.64207976"
"A","1","10465","Flash Gas & Oil Southwest, Inc.","FIXED","Y","G09103","TERMIN","N","1988-01-01","1993-09-29","5.7","61","29.152922","-93.826874"
"2","1","10466","Flash Gas & Oil Southwest, Inc.","CAIS","N","G09103","TERMIN","N","1989-01-01","1993-09-29","4.7","61","29.160152","-93.821648"
"3","1","10467","Flash Gas & Oil Southwest, Inc.","CAIS","N","G09103","TERMIN","N","1989-01-01","1993-09-29","4.7","57","29.150224","-93.821208"
"A","1","23722","Falcon Offshore Operating Company","FIXED","Y","G05183","TERMIN","N","1989-01-01","1994-02-25","5.1","73","29.092396","-93.051476"
"A","1","10587","Falcon Offshore Operating Company","FIXED","Y","G11270","TERMIN","N","1993-10-21","1998-11-29","5.1","77","28.59973397","-95.42674727"
"1","1","23533","Gulfstar Operating Company","CAIS","N","G05532","TERMIN","N","1987-01-01","1990-08-09","3.6","13","29.018771","-91.151667"
"2","1","23160","General Atlantic Energy Corporation","WP","N","G02538","TERMIN","N","1985-01-01","1985-12-31","1","80","28.942234","-93.171485"
"4","1","23174","General Atlantic Energy Corporation","CAIS","N","G02538","TERMIN","N","1985-01-01","1985-12-31","1","95","28.954918","-93.148118"
"E","1","20103","W & T Offshore, Inc.","FIXED","Y","G01092","PROD","S","1965-01-01","","","160","28.937643","-89.761596"
"B","1","20161","W & T Offshore, Inc.","FIXED","Y","G01084","UNIT","S","1964-01-01","","","180","28.941632","-89.679531"
"C","1","20162","W & T Offshore, Inc.","FIXED","Y","G01083","UNIT","S","1964-01-01","","","172","28.94195","-89.715566"
"F","1","20163","W & T Offshore, Inc.","FIXED","Y","G01084","UNIT","S","1965-01-01","","","170","28.952287","-89.683696"
"A-TWR","2","21809","W & T Offshore, Inc.","FIXED","Y","G01083","UNIT","S","1968-01-01","","","168","28.946867","-89.706489"
"QTRS","3","21809","W & T Offshore, Inc.","FIXED","N","G01083","UNIT","S","1964-01-01","","","168","28.94745","-89.70623"
"D","4","21809","W & T Offshore, Inc.","FIXED","Y","G01083","UNIT","S","1965-01-01","","","168","28.947453","-89.706448"
"A","1","21809","W & T Offshore, Inc.","FIXED","Y","G01083","UNIT","S","1963-01-01","","","168","28.946315","-89.706342"
"A","1","22380","W & T Offshore, Inc.","FIXED","Y","G02177","UNIT","S","1980-01-01","","","390","28.88543034","-89.06376903"
"C","1","22685","W & T Offshore, Inc.","FIXED","Y","G02177","UNIT","S","1981-01-01","","","400","28.878446","-89.076503"
"A","1","23181","W & T Offshore, Inc.","FIXED","Y","G03798","TERMIN","N","1985-01-01","2016-06-28","31.5","47","29.606626","-88.797305"
"B","2","23181","W & T Offshore, Inc.","FIXED","N","G03798","TERMIN","N","1985-01-01","2016-06-25","31.5","47","29.606098","-88.797413"
"D","3","23181","W & T Offshore, Inc.","FIXED","Y","G03798","TERMIN","N","1985-01-01","2016-06-23","31.5","47","29.606164","-88.796986"
"A","1","23210","W & T Offshore, Inc.","FIXED","N","","","","1985-01-01","2016-07-01","31.5","45","29.619701","-88.790678"
"C","1","23213","W & T Offshore, Inc.","FIXED","Y","G03798","TERMIN","N","1985-01-01","2011-12-09","26.9","46","29.581283","-88.816661"
"G","1","23405","W & T Offshore, Inc.","FIXED","N","G01090","UNIT","S","1986-01-01","","","180","28.91716087","-89.68903103"
"A","1","23452","W & T Offshore, Inc.","FIXED","Y","G05714","TERMIN","N","1987-01-01","1999-11-20","12.9","170","29.498674","-88.450958"
"6","1","23287","MOBIL OIL EXPLORATION & PRODUCING SOUTHEAST INC.","CAIS","N","G01627","TERMIN","N","1986-01-01","2004-08-19","18.6","40","29.585169","-88.869282"
"1","1","23457","MOBIL OIL EXPLORATION & PRODUCING SOUTHEAST INC.","CAIS","N","G05056","UNIT","S","1988-01-01","2005-10-17","17.8","47","30.18478327","-88.18760637"
"2","1","24160","MOBIL OIL EXPLORATION & PRODUCING SOUTHEAST INC.","CAIS","N","G01627","TERMIN","N","1969-01-01","2004-01-23","35.1","38","29.609621","-88.843027"
"A","1","20561","MOBIL OIL EXPLORATION & PRODUCING SOUTHEAST INC.","FIXED","Y","00060","UNIT","S","1948-01-01","1993-08-04","45.6","29","28.953241","-90.966291"
"4","1","20783","MOBIL OIL EXPLORATION & PRODUCING SOUTHEAST INC.","CAIS","N","00060","UNIT","S","1969-01-01","1978-12-31","10","30","28.948047","-90.962721"
"5","1","20787","MOBIL OIL EXPLORATION & PRODUCING SOUTHEAST INC.","CAIS","N","00060","UNIT","S","1969-01-01","1985-12-31","17","30","28.948858","-90.957872"
"F","1","20788","MOBIL OIL EXPLORATION & PRODUCING SOUTHEAST INC.","WP","N","00060","UNIT","S","1957-01-01","1982-12-31","26","30","28.953267","-90.975661"
"TANK","1","20790","MOBIL OIL EXPLORATION & PRODUCING SOUTHEAST INC.","FIXED","N","00060","UNIT","S","1958-01-01","1985-12-31","28","30","28.954519","-90.96598"
"E","1","20792","MOBIL OIL EXPLORATION & PRODUCING SOUTHEAST INC.","WP","N","00058","UNIT","S","1955-01-01","1976-12-31","22","25","28.980354","-90.940993"
"4","1","20834","MOBIL OIL EXPLORATION & PRODUCING SOUTHEAST INC.","CAIS","N","00052","TERMIN","N","1963-01-01","1979-12-31","17","41","28.961388","-91.478929"
"E","1","20864","MOBIL OIL EXPLORATION & PRODUCING SOUTHEAST INC.","FIXED","Y","00051","TERMIN","N","1953-01-01","1989-11-13","36.9","40","28.96322","-91.468013"
"D","1","20867","MOBIL OIL EXPLORATION & PRODUCING SOUTHEAST INC.","FIXED","Y","00053","TERMIN","N","1959-01-01","1991-08-27","32.7","50","28.951411","-91.605857"
"B","1","20868","MOBIL OIL EXPLORATION & PRODUCING SOUTHEAST INC.","FIXED","Y","00054","TERMIN","N","1955-01-01","1990-11-08","35.9","52","28.96556","-91.6297"
"G","1","20869","MOBIL OIL EXPLORATION & PRODUCING SOUTHEAST INC.","WP","N","00052","TERMIN","N","1954-01-01","1975-12-31","22","41","28.965143","-91.484891"
"2","1","20942","MOBIL OIL EXPLORATION & PRODUCING SOUTHEAST INC.","CAIS","N","00053","TERMIN","N","1966-01-01","1977-12-31","12","52","28.951693","-91.607771"
"D","1","21542","MOBIL OIL EXPLORATION & PRODUCING SOUTHEAST INC.","CAIS","N","00050","TERMIN","N","1951-01-01","1975-12-31","25","37","28.972137","-91.45518"
"N","1","21543","MOBIL OIL EXPLORATION & PRODUCING SOUTHEAST INC.","WP","N","00051","TERMIN","N","1957-01-01","1983-12-31","27","35","28.966673","-91.458409"
"1","1","21544","MOBIL OIL EXPLORATION & PRODUCING SOUTHEAST INC.","CAIS","N","00052","TERMIN","N","1960-01-01","1978-12-31","19","39","28.965238","-91.478622"
"LOAD","1","21623","MOBIL OIL EXPLORATION & PRODUCING SOUTHEAST INC.","FIXED","N","00060","UNIT","S","1958-01-01","1975-12-31","18","29","",""
"H","1","21624","MOBIL OIL EXPLORATION & PRODUCING SOUTHEAST INC.","WP","N","00060","UNIT","S","1958-01-01","1975-12-31","18","28","28.963495","-90.968449"
"G","1","21625","MOBIL OIL EXPLORATION & PRODUCING SOUTHEAST INC.","WP","N","00060","UNIT","S","1958-01-01","1975-12-31","18","28","28.967583","-90.955614"
"8","1","21911","MOBIL OIL EXPLORATION & PRODUCING SOUTHEAST INC.","CAIS","N","00050","TERMIN","N","1976-01-01","1978-12-31","3","40","28.979699","-91.455971"
"1","1","22167","MOBIL OIL EXPLORATION & PRODUCING SOUTHEAST INC.","CAIS","N","G03580","TERMIN","N","1980-01-01","1985-12-31","6","35","28.938679","-90.995118"
"8","1","22176","MOBIL OIL EXPLORATION & PRODUCING SOUTHEAST INC.","CAIS","N","00060","UNIT","S","1977-01-01","1984-12-31","8","20","28.967424","-90.972187"
"1","1","22267","MOBIL OIL EXPLORATION & PRODUCING SOUTHEAST INC.","CAIS","N","G03779","RELINQ","N","1978-01-01","1984-12-31","7","11","29.259226","-91.429744"
"A-PRD","2","22267","MOBIL OIL EXPLORATION & PRODUCING SOUTHEAST INC.","FIXED","N","G03779","RELINQ","N","1980-01-01","1984-12-31","5","11","29.259388","-91.429835"
"2","1","22268","MOBIL OIL EXPLORATION & PRODUCING SOUTHEAST INC.","CAIS","N","G03779","RELINQ","N","1979-01-01","1984-12-31","6","11","29.251251","-91.429736"
"A","1","22316","MOBIL OIL EXPLORATION & PRODUCING SOUTHEAST INC.","FIXED","Y","G03573","TERMIN","N","1979-01-01","1988-11-30","9.9","280","28.1596","-91.716973"
"1","1","22453","MOBIL OIL EXPLORATION & PRODUCING SOUTHEAST INC.","CAIS","N","G03992","EXPIR","N","1981-01-01","1981-12-31","1","22","29.135646","-91.761795"
"9","1","22642","MOBIL OIL EXPLORATION & PRODUCING SOUTHEAST INC.","CAIS","N","00057","UNIT","S","1982-01-01","1993-11-28","11.9","33","28.986551","-90.95351"
"23","1","22952","MOBIL OIL EXPLORATION & PRODUCING SOUTHEAST INC.","CAIS","N","G12348","UNIT","S","1984-01-01","1993-11-28","9.9","30","28.962106","-90.960277"
"1","1","20134","MOBIL OIL EXPLORATION & PRODUCING SOUTHEAST INC.","CAIS","N","00090","TERMIN","N","1961-01-01","1978-12-31","18","54","29.354291","-92.928997"
"9","1","20141","MOBIL OIL EXPLORATION & PRODUCING SOUTHEAST INC.","WP","N","00775","TERMIN","N","1973-01-01","1990-07-04","17.5","50","29.062606","-92.180326"
"7","1","20142","MOBIL OIL EXPLORATION & PRODUCING SOUTHEAST INC.","CAIS","N","00775","TERMIN","N","1972-01-01","1990-07-04","18.5","50","29.064235","-92.183454"
"2","1","20733","MOBIL OIL EXPLORATION & PRODUCING SOUTHEAST INC.","CAIS","N","00775","TERMIN","N","1960-01-01","1978-12-31","19","59","29.061652","-92.182398"
"5","1","20951","MOBIL OIL EXPLORATION & PRODUCING SOUTHEAST INC.","CAIS","N","00089","TERMIN","N","1971-01-01","1993-09-12","22.7","53","29.383523","-92.968927"
"4","1","20952","MOBIL OIL EXPLORATION & PRODUCING SOUTHEAST INC.","CAIS","N","00089","TERMIN","N","1970-01-01","1993-09-12","23.7","48","29.393731","-92.96812"
"3","1","21029","MOBIL OIL EXPLORATION & PRODUCING SOUTHEAST INC.","CAIS","N","00079","TERMIN","N","1969-01-01","1980-12-31","12","33","29.406343","-92.369443"
"2","1","21726","MOBIL OIL EXPLORATION & PRODUCING SOUTHEAST INC.","CAIS","N","G01140","TERMIN","N","1964-01-01","1979-12-31","16","125","28.706867","-92.298108"
"11","1","21922","MOBIL OIL EXPLORATION & PRODUCING SOUTHEAST INC.","CAIS","N","00775","TERMIN","N","1976-01-01","1984-12-31","9","50","29.05832","-92.163802"
"CF","1","21998","MOBIL OIL EXPLORATION & PRODUCING SOUTHEAST INC.","FIXED","Y","G02866","TERMIN","N","1976-01-01","1991-02-14","15.1","30","29.467012","-92.525368"
"A","2","21998","MOBIL OIL EXPLORATION & PRODUCING SOUTHEAST INC.","FIXED","Y","G02866","TERMIN","N","1976-01-01","1991-02-14","15.1","30","29.466332","-92.524574"
"38","1","23203","Talos ERT LLC","CAIS","N","00074","TERMIN","N","1985-01-01","2009-09-30","24.7","28","28.897463","-90.704478"
"35","1","23217","Talos ERT LLC","CAIS","N","00074","TERMIN","N","1985-01-01","2009-10-20","24.8","30","28.89655207","-90.70552738"
"40","1","23283","Talos ERT LLC","CAIS","N","00074","TERMIN","N","1986-01-01","2009-09-22","23.7","30","28.897711","-90.702877"
"JE","1","23313","Talos ERT LLC","FIXED","N","00442","TERMIN","N","1997-09-26","2010-05-20","12.6","55","28.944563","-91.613191"
"39","1","23531","Talos ERT LLC","CAIS","N","00074","TERMIN","N","1987-01-01","2009-10-01","22.7","30","28.898176","-90.705305"
"E","1","23938","Talos ERT LLC","FIXED","N","00072","RELINQ","N","1991-01-01","2013-05-10","22.4","35","28.93834592","-90.67844015"
"1","1","23987","Talos ERT LLC","CAIS","N","G10835","TERMIN","N","1992-04-25","2010-08-05","18.3","29","28.925505","-90.697961"
"A","1","21799","Talos ERT LLC","FIXED","Y","G02280","TERMIN","N","1974-01-01","","","215","28.310013","-92.009141"
"C","1","21800","Talos ERT LLC","FIXED","Y","G02280","TERMIN","N","1975-01-01","","","216","28.299618","-91.992497"
"B","1","21842","Talos ERT LLC","FIXED","Y","G02280","TERMIN","N","1974-01-01","","","215","28.29795625","-92.01181311"
"D","2","21842","Talos ERT LLC","FIXED","Y","G02280","TERMIN","N","1978-01-01","","","215","28.29896948","-92.01101537"
"A","1","21892","Talos ERT LLC","FIXED","Y","","","","1975-01-01","","","275","28.121983","-92.976058"
"A","1","21930","Talos ERT LLC","FIXED","Y","G02572","TERMIN","N","1976-01-01","","","218","28.270285","-92.263555"
"JC","1","21965","Talos ERT LLC","WP","N","G02865","TERMIN","N","1976-01-01","2009-09-25","33.7","38","29.471273","-92.575026"
"JB","1","21966","Talos ERT LLC","WP","N","G02865","TERMIN","N","1976-01-01","2009-09-26","33.7","38","29.467758","-92.540907"
"A","1","22034","Talos ERT LLC","FIXED","Y","G01130","TERMIN","N","1977-01-01","2017-05-16","40.4","85","28.904148","-92.162385"
"JA","1","22354","Talos ERT LLC","WP","N","G03119","TERMIN","N","1980-01-01","2009-08-05","29.6","40","29.466074","-92.593261"
"B","1","22556","Talos ERT LLC","WP","N","G02130","TERMIN","N","1981-01-01","2011-08-07","30.6","190","28.44551","-92.009756"
"E","1","23096","Talos ERT LLC","FIXED","Y","G02280","TERMIN","N","1985-01-01","","","214","28.309757","-91.988931"
"A","1","23328","Talos ERT LLC","FIXED","Y","G09534","TERMIN","N","1989-01-01","2012-05-08","23.3","82","28.920506","-92.1581"
"B","1","23360","Talos ERT LLC","FIXED","Y","G09534","TERMIN","N","1989-01-01","2017-05-12","28.4","82","28.90098","-92.12003"
"A","1","23666","Talos ERT LLC","FIXED","Y","G06655","TERMIN","N","1988-01-01","","","313","28.07403","-92.698957"
"A","1","10254","Talos ERT LLC","FIXED","Y","G04258","TERMIN","N","1984-01-01","2009-08-31","25.7","75","28.511167","-95.628624"
"A","1","10266","Talos ERT LLC","FIXED","Y","G04713","TERMIN","N","1985-01-01","2011-07-04","26.5","77","28.503716","-95.61776"
"3","1","10281","Talos ERT LLC","FIXED","N","G04258","TERMIN","N","1985-01-01","2009-09-02","24.7","75","28.538734","-95.605542"
"A","1","10290","Talos ERT LLC","FIXED","Y","G03484","PROD","S","1986-01-01","","","224","28.0137","-94.437656"
"A","1","22136","Talos ERT LLC","FIXED","Y","G03275","TERMIN","N","1978-01-01","2010-05-20","32.4","70","29.051046","-93.367779"
"A","1","22541","Talos ERT LLC","FIXED","Y","G04087","RELINQ","N","1981-01-01","2020-08-09","39.6","60","29.243337","-93.178322"
"B","2","22541","Talos ERT LLC","FIXED","Y","G04087","RELINQ","N","1981-01-01","2020-08-01","39.6","60","29.242702","-93.178517"
"A","1","22758","Talos ERT LLC","FIXED","Y","G04085","TERMIN","N","1982-01-01","2017-08-01","35.6","39","29.400442","-93.331788"
"A","1","10338","Talos ERT LLC","FIXED","Y","G06037","TERMIN","N","1989-01-01","2011-07-12","22.5","97","28.143405","-96.219462"
"9","1","10340","Talos ERT LLC","CAIS","N","G06037","TERMIN","N","1989-01-01","2008-05-18","19.4","88","28.141089","-96.231137"
"1","1","10357","Talos ERT LLC","CAIS","N","G06037","TERMIN","N","1990-01-01","2011-05-15","21.4","88","28.146356","-96.207688"
"14","2","10357","Talos ERT LLC","CAIS","N","G06037","TERMIN","N","2004-07-18","2011-05-15","6.8","88","28.14634917","-96.20763923"
"E","1","24161","Talos ERT LLC","FIXED","Y","00605","TERMIN","N","1994-01-24","2019-05-21","25.3","100","28.78200274","-90.22164212"
"E-Auxiliary","2","24161","Talos ERT LLC","FIXED","N","00605","TERMIN","N","2011-08-14","2019-05-15","7.8","100","28.78240062","-90.22121937"
"G","1","24166","Talos ERT LLC","FIXED","N","00605","TERMIN","N","1994-01-27","2019-05-22","25.3","104","28.77469106","-90.2232956"
"A","1","24156","Talos ERT LLC","FIXED","N","G05748","TERMIN","N","1994-10-07","2012-05-26","17.6","62","30.110515","-88.352858"
"H","1","26031","Talos ERT LLC","WP","N","00072","RELINQ","N","1994-01-02","2013-05-04","19.3","30","28.901285","-90.695277"
"3","1","24150","Talos ERT LLC","CAIS","N","G04921","TERMIN","N","1993-01-01","2020-06-24","27.5","123","29.79612141","-88.28868477"
"A","1","24098","Talos ERT LLC","FIXED","Y","G09500","TERMIN","N","1994-09-09","2014-12-01","20.2","110","28.779964","-92.546114"
"6","1","29013","Talos ERT LLC","CAIS","N","G03275","TERMIN","N","1994-01-01","2009-11-29","15.9","74","29.05456037","-93.36287361"
"JA","1","27005","Talos ERT LLC","WP","N","G10665","TERMIN","N","1994-10-24","2012-06-08","17.6","100","28.80664898","-92.5762097"
"JB","1","27011","Talos ERT LLC","WP","N","G10665","TERMIN","N","1994-12-31","2012-06-15","17.5","104","28.80855127","-92.61566492"
"JA","1","27049","Talos ERT LLC","CAIS","N","G09499","TERMIN","N","1995-11-25","2010-05-19","14.5","111","28.76358674","-92.52424147"
"18","1","24259","Talos ERT LLC","CAIS","N","00599","TERMIN","N","1995-12-09","2012-06-19","16.5","92","28.79545904","-90.23860355"
"F","1","26135","Talos ERT LLC","FIXED","Y","G01526","TERMIN","N","1995-07-24","2012-08-20","17.1","135","28.51348798","-91.33115438"
"G","1","26124","Talos ERT LLC","CAIS","N","G01526","TERMIN","N","1995-06-29","2013-04-26","17.8","135","28.50616691","-91.29031776"
"K","1","70007","Talos ERT LLC","WP","N","00599","TERMIN","N","1997-02-06","2018-08-17","21.5","96","28.7948846","-90.21025296"
"A","1","40007","Talos ERT LLC","FIXED","Y","G14897","TERMIN","N","1997-03-30","2010-08-28","13.4","252","28.02714985","-94.04300518"
"F","1","23977","Talos ERT LLC","FIXED","N","00072","RELINQ","N","1992-04-06","2009-09-30","17.5","36","28.93238972","-90.68783427"
"2","1","23741","TotalEnergies E&P USA, Inc.","CAIS","N","G09400","TERMIN","N","1990-01-01","2003-06-26","13.5","50","29.381408","-93.466972"
"A","1","10339","TotalEnergies E&P USA, Inc.","FIXED","Y","G04700","TERMIN","N","1989-01-01","1994-08-02","5.6","80","28.232092","-96.147553"
"B (Simba)","1","1482","KNOC Eagle Ford Corporation","FIXED","Y","G28351","PROD","S","2005-01-23","","","667","28.93725333","-88.91196917"
"1","1","20169","INEOS Energy Petroleum USA Inc.","CAIS","N","00138","TERMIN","N","1958-01-01","1989-02-20","31.1","50","29.105438","-89.633462"
"2","1","20170","INEOS Energy Petroleum USA Inc.","CAIS","N","00138","TERMIN","N","1958-01-01","1983-12-31","26","50","29.105885","-89.635114"
"7","1","20171","INEOS Energy Petroleum USA Inc.","FIXED","N","00138","TERMIN","N","1958-01-01","2011-08-18","53.6","60","29.10445","-89.635539"
"F","1","20174","INEOS Energy Petroleum USA Inc.","FIXED","Y","00138","TERMIN","N","1959-01-01","2008-08-20","49.6","53","29.098154","-89.633601"
"E","1","20175","INEOS Energy Petroleum USA Inc.","FIXED","Y","00138","TERMIN","N","1957-01-01","2011-08-16","54.6","57","29.106785","-89.638278"
"A","1","20738","INEOS Energy Petroleum USA Inc.","FIXED","Y","G02104","TERMIN","N","1972-01-01","2014-08-03","42.6","211","28.344412","-91.573966"
"A-PRD","2","20738","INEOS Energy Petroleum USA Inc.","FIXED","Y","G02104","TERMIN","N","1972-01-01","2003-08-24","31.6","211","28.344412","-91.574277"
"E","1","22337","INEOS Energy Petroleum USA Inc.","FIXED","Y","G02103","RELINQ","N","1980-01-01","2007-11-29","27.9","156","28.462058","-91.341342"
"G","1","23974","INEOS Energy Petroleum USA Inc.","WP","Y","G01959","RELINQ","N","1992-01-01","2010-05-15","18.4","155","28.488597","-91.421775"
"A","1","21734","INEOS Energy Petroleum USA Inc.","FIXED","Y","G02088","TERMIN","N","1972-01-01","2013-07-14","41.5","205","28.298536","-92.579182"
"A","1","21990","INEOS Energy Petroleum USA Inc.","FIXED","Y","G02091","TERMIN","N","1976-01-01","2013-08-02","37.6","221","28.217741","-92.432354"
"1","1","22036","INEOS Energy Petroleum USA Inc.","CAIS","N","00559","TERMIN","N","1977-01-01","2014-03-25","37.2","31","29.327885","-92.381017"
"3","2","22036","INEOS Energy Petroleum USA Inc.","CAIS","N","00559","TERMIN","N","1988-01-01","2014-03-25","26.2","31","29.327869","-92.380954"
"4","3","22036","INEOS Energy Petroleum USA Inc.","CAIS","N","00559","TERMIN","N","2005-02-01","2014-03-25","9.1","31","29.32786127","-92.38095032"
"1","1","22352","INEOS Energy Petroleum USA Inc.","FIXED","N","G03327","TERMIN","N","1980-01-01","2011-06-25","31.5","25","29.330552","-92.442168"
"#2","1","22569","INEOS Energy Petroleum USA Inc.","WP","N","00559","TERMIN","N","1982-01-01","2014-05-04","32.3","35","29.319528","-92.391626"
"1","1","22626","INEOS Energy Petroleum USA Inc.","FIXED","N","G04787","TERMIN","N","1982-01-01","2014-05-03","32.3","30","29.328625","-92.433288"
"3","1","22708","INEOS Energy Petroleum USA Inc.","CAIS","N","G03327","TERMIN","N","1982-01-01","2011-06-18","29.5","38","29.330459","-92.474655"
"2","1","23264","INEOS Energy Petroleum USA Inc.","CAIS","N","G04787","TERMIN","N","1982-01-01","2014-04-20","32.3","35","29.32778","-92.43203"
"2-PRD","2","23264","INEOS Energy Petroleum USA Inc.","CAIS","N","G04787","TERMIN","N","1987-01-01","2014-04-20","27.3","35","29.328597","-92.432039"
"4","1","23265","INEOS Energy Petroleum USA Inc.","CAIS","N","G03327","TERMIN","N","1985-01-01","2011-06-27","26.5","35","29.313917","-92.447556"
"5","2","23265","INEOS Energy Petroleum USA Inc.","FIXED","N","G03327","TERMIN","N","1987-01-01","2011-06-27","24.5","35","29.313919","-92.447408"
"3","1","23368","INEOS Energy Petroleum USA Inc.","CAIS","N","G04787","TERMIN","N","1989-01-01","2011-06-28","22.5","31","29.292998","-92.426865"
"JA","1","24089","INEOS Energy Petroleum USA Inc.","FIXED","Y","G03138","TERMIN","N","1994-01-01","2011-07-21","17.5","196","28.33239001","-92.57940178"
"JA","1","27050","INEOS Energy Petroleum USA Inc.","CAIS","N","G02091","TERMIN","N","1995-11-09","2006-06-21","10.6","227","28.20471004","-92.44568165"
"6","1","24072","INEOS Energy Petroleum USA Inc.","CAIS","N","G04787","TERMIN","N","1996-09-17","2011-06-20","14.8","31","29.3211901","-92.40932002"
"C  #4","1","182","INEOS Energy Petroleum USA Inc.","CAIS","N","G04787","TERMIN","N","1998-04-24","2014-05-02","16","29","29.33121807","-92.40685409"
"B","1","1986","INEOS Energy Petroleum USA Inc.","FIXED","N","G02091","TERMIN","N","2007-05-02","2013-08-29","6.3","225","28.21825794","-92.44713995"
"A","1","22202","Marathon Oil Company LLC","FIXED","N","G01618","TERMIN","N","1978-01-01","2004-06-06","26.4","395","28.703072","-89.391004"
"A","1","22051","Marathon Oil Company LLC","FIXED","Y","G02921","TERMIN","N","1977-01-01","1983-12-31","7","217","28.324586","-91.298203"
"A","1","23381","Marathon Oil Company LLC","FIXED","Y","G08656","TERMIN","N","1990-01-01","2000-12-08","10.9","201","28.259082","-92.829666"
"B","1","23385","Marathon Oil Company LLC","WP","N","G08656","TERMIN","N","1990-01-01","2001-06-17","11.5","200","28.230858","-92.833934"
"A","1","10083","Marathon Oil Company LLC","FIXED","Y","G02403","TERMIN","N","1977-01-01","1990-06-13","13.4","178","28.371411","-93.705778"
"A","1","22033","Marathon Oil Company LLC","FIXED","Y","G02553","TERMIN","N","1977-01-01","1994-11-20","17.9","192","28.345665","-93.341347"
"1(Removed)","1","10306","Marathon Oil Company LLC","WP","N","G04137","TERMIN","N","1987-01-01","1996-09-02","9.7","74","28.284802","-96.202272"
"B-PRD(Removed)","2","10306","Marathon Oil Company LLC","FIXED","Y","G04137","TERMIN","N","1988-01-01","1996-12-12","8.9","74","28.282909","-96.202007"
"TEMP.CAIS.#1","1","47","Marathon Oil Company LLC","FIXED","N","G16113","EXPIR","N","1997-03-19","1999-06-05","2.2","35","29.57442886","-93.56048375"
"A (Shenzi)","1","1899","Woodside Energy (GOM) Inc.","TLP","Y","G20084","UNIT","S","2008-08-25","","","4375","27.30062339","-90.13500113"
"A (Cognac)","1","22178","Talos Energy Ventures, LLC","FIXED","Y","G02638","UNIT","S","1978-01-01","","","1023","28.790953","-89.056403"
"8","2","23821","Talos Energy Ventures, LLC","CAIS","N","G01249","TERMIN","N","1997-11-21","2012-10-21","14.9","112","28.56936223","-90.45779705"
"B","1","23821","Talos Energy Ventures, LLC","FIXED","Y","G01249","TERMIN","N","1990-01-01","2012-10-21","22.8","112","28.569403","-90.457691"
"C","3","23821","Talos Energy Ventures, LLC","FIXED","N","G01249","TERMIN","N","2000-07-21","2012-10-21","12.3","112","28.56930453","-90.45739589"
"D","1","22328","Talos Petroleum LLC","FIXED","Y","G01255","TERMIN","N","1979-01-01","2015-01-06","36","106","28.526072","-90.614977"
"E","1","22420","Talos Petroleum LLC","FIXED","N","G01251","TERMIN","N","1980-01-01","2018-05-31","38.4","91","28.579377","-90.572859"
"A","1","23869","Talos Petroleum LLC","FIXED","Y","G08457","TERMIN","N","1991-01-01","2012-11-26","21.9","156","28.839452","-89.838612"
"A (Amberjack)","1","23883","Talos Petroleum LLC","FIXED","Y","G05825","PROD","S","1991-01-01","","","1100","28.86467752","-88.93079054"
"3","1","24134","Talos Petroleum LLC","CAIS","N","G09652","RELINQ","N","1992-01-01","2009-12-18","18","59","28.910835","-90.524888"
"B","1","24143","Talos Petroleum LLC","WP","N","G08457","TERMIN","N","1993-06-18","2012-05-27","18.9","162","28.859522","-89.84454"
"H","1","21283","Talos Petroleum LLC","FIXED","N","00064","UNIT","S","1967-01-01","","","52","28.835773","-90.842186"
"B","1","21284","Talos Petroleum LLC","FIXED","Y","00064","UNIT","S","1951-01-01","1990-06-06","39.4","38","28.86128","-90.828699"
"B-AUX","2","21284","Talos Petroleum LLC","FIXED","Y","00064","UNIT","S","1970-01-01","","","38","28.861279","-90.828387"
"J","3","21284","Talos Petroleum LLC","FIXED","Y","00064","UNIT","S","1979-01-01","","","38","28.861506","-90.828061"
"L","4","21284","Talos Petroleum LLC","FIXED","Y","00064","UNIT","S","1989-01-01","","","38","28.86160658","-90.82839483"
"12","1","21285","Talos Petroleum LLC","WP","N","00064","UNIT","S","1967-01-01","2012-07-19","45.5","51","28.834527","-90.839966"
"15","1","21370","Talos Petroleum LLC","WP","N","00064","UNIT","S","1969-01-01","2007-05-06","38.3","49","28.83589","-90.837536"
"18","1","21380","Talos Petroleum LLC","CAIS","N","00063","UNIT","S","1972-01-01","2012-08-05","40.6","25","28.890836","-90.808114"
"17","1","21381","Talos Petroleum LLC","CAIS","N","00063","UNIT","S","1972-01-01","2014-08-20","42.6","28","28.896383","-90.819959"
"13","1","21382","Talos Petroleum LLC","CAIS","N","00063","UNIT","S","1972-01-01","","","22","28.894174","-90.817627"
"16","1","21384","Talos Petroleum LLC","CAIS","N","00063","UNIT","S","1972-01-01","","","24","28.893859","-90.809758"
"6","1","21387","Talos Petroleum LLC","WP","N","00042","UNIT","S","1970-01-01","2010-09-11","40.7","29","28.871483","-90.846248"
"SOB HDR","4","21410","Talos Petroleum LLC","FIXED","Y","00064","UNIT","S","1964-01-01","1993-07-21","29.6","57","28.832271","-90.83524"
"SOB","5","21410","Talos Petroleum LLC","FIXED","Y","00064","UNIT","S","1964-01-01","1993-07-21","29.6","57","28.83227","-90.834927"
"A-PRD","1","21410","Talos Petroleum LLC","FIXED","Y","00064","UNIT","S","1992-12-08","","","57","28.833111","-90.831944"
"A-QTRS","2","21410","Talos Petroleum LLC","FIXED","N","00064","UNIT","S","1992-01-01","","","57","28.83322557","-90.83171261"
"1","3","21410","Talos Petroleum LLC","CAIS","N","00064","UNIT","S","1963-01-01","1994-02-28","31.2","57","28.832272","-90.835552"
"12","1","21858","Talos Petroleum LLC","CAIS","N","00069","UNIT","S","1975-01-01","","","45","28.809715","-90.907627"
"35","1","22231","Talos Petroleum LLC","CAIS","N","00063","UNIT","S","1979-01-01","2018-06-04","39.4","24","28.883873","-90.830723"
"17","1","22359","Talos Petroleum LLC","CAIS","N","00042","UNIT","S","1979-01-01","2010-09-17","31.7","32","28.864805","-90.854724"
"A","1","22398","Talos Petroleum LLC","FIXED","Y","G02899","TERMIN","N","1980-01-01","2014-05-06","34.3","146","28.554363","-91.756257"
"E","2","22398","Talos Petroleum LLC","FIXED","Y","G02899","TERMIN","N","2002-04-03","2014-05-03","12.1","146","28.55457806","-91.75702694"
"19","1","22437","Talos Petroleum LLC","CAIS","N","00042","UNIT","S","1981-01-01","2010-09-22","29.7","30","28.868453","-90.850755"
"U","1","22519","Talos Petroleum LLC","WP","N","00064","UNIT","S","1981-01-01","2014-08-25","33.6","40","28.83082","-90.841964"
"4","1","22546","Talos Petroleum LLC","CAIS","N","00065","UNIT","S","1981-01-01","","","50","28.824474","-90.839369"
"6","1","22585","Talos Petroleum LLC","CAIS","N","00068","UNIT","S","1980-01-01","2012-09-03","32.7","50","28.81345","-90.88571"
"39","1","22592","Talos Petroleum LLC","CAIS","N","00063","UNIT","S","1982-01-01","2012-07-02","30.5","45","28.8835","-90.838148"
"47","1","22624","Talos Petroleum LLC","WP","N","00064","UNIT","S","1982-01-01","2006-12-08","24.9","55","28.835317","-90.842963"
"51","1","22686","Talos Petroleum LLC","CAIS","N","00064","UNIT","S","1982-01-01","2014-08-30","32.7","50","28.840455","-90.838157"
"38Y","1","22812","Talos Petroleum LLC","CAIS","N","00063","UNIT","S","1983-01-01","","","23","28.88607305","-90.82892532"
"44","1","22854","Talos Petroleum LLC","CAIS","N","00063","UNIT","S","1983-01-01","","","20","28.897069","-90.829408"
"1","1","22892","Talos Petroleum LLC","CAIS","N","G01238","TERMIN","N","1962-01-01","2012-08-02","50.6","61","28.82532177","-90.62061808"
"M","1","23108","Talos Petroleum LLC","CAIS","N","00063","UNIT","S","1984-01-01","","","24","28.89166","-90.825813"
"M (2)","2","23108","Talos Petroleum LLC","FIXED","N","00063","UNIT","S","1991-01-01","1993-12-31","3","24","28.891385","-90.825818"
"41","1","23119","Talos Petroleum LLC","CAIS","N","00067","UNIT","S","1985-01-01","","","41","28.838966","-90.849603"
"48","1","23146","Talos Petroleum LLC","CAIS","N","00063","UNIT","S","1985-01-01","","","25","28.889974","-90.833552"
"21","1","23252","Talos Petroleum LLC","CAIS","N","00069","UNIT","S","1986-01-01","2012-07-08","26.5","48","28.788614","-90.929156"
"4","1","23253","Talos Petroleum LLC","CAIS","N","00066","UNIT","S","1986-01-01","","","48","28.827567","-90.90497"
"51","1","23272","Talos Petroleum LLC","CAIS","N","00063","UNIT","S","1986-01-01","2012-07-04","26.5","32","28.899143","-90.831"
"S","1","23506","Talos Petroleum LLC","WP","N","00042","UNIT","S","1987-01-01","2014-08-23","27.6","38","28.863633","-90.8507"
"6","1","23510","Talos Petroleum LLC","CAIS","N","00066","UNIT","S","1987-01-01","","","49","28.828375","-90.908179"
"N","1","23551","Talos Petroleum LLC","CAIS","N","00067","UNIT","S","1988-01-01","2014-08-24","26.6","50","28.862169","-90.852781"
"49","1","23556","Talos Petroleum LLC","CAIS","N","00063","UNIT","S","1988-01-01","2012-07-03","24.5","20","28.900604","-90.831109"
"5","1","23561","Talos Petroleum LLC","WP","N","00065","UNIT","S","1989-01-01","2009-08-30","20.7","55","28.818983","-90.842324"
"47","1","23565","Talos Petroleum LLC","WP","N","00067","UNIT","S","1989-01-01","2012-07-12","23.5","47","28.83995","-90.875265"
"1","1","22793","Talos Energy Ventures, LLC","CAIS","N","G04857","TERMIN","N","1983-01-01","2011-02-17","28.1","15","29.25397","-91.564157"
"4","1","22820","Talos Energy Ventures, LLC","CAIS","N","G04858","TERMIN","N","1983-01-01","2011-08-12","28.6","14","29.253928","-91.569362"
"6","1","22894","Talos Energy Ventures, LLC","CAIS","N","G04858","TERMIN","N","1984-01-01","2011-08-09","27.6","15","29.25932","-91.571068"
"A","1","22987","Talos Energy Ventures, LLC","FIXED","Y","G04858","TERMIN","N","1984-01-01","2014-07-24","30.6","14","29.253058","-91.575926"
"B","2","22987","Talos Energy Ventures, LLC","FIXED","Y","G04858","TERMIN","N","1984-01-01","2014-07-24","30.6","14","29.253092","-91.575151"
"5","3","22987","Talos Energy Ventures, LLC","CAIS","N","G04858","TERMIN","N","1984-01-01","2011-08-08","27.6","14","29.253538","-91.575131"
"6","1","23254","Talos Energy Ventures, LLC","FIXED","N","00479","TERMIN","N","1986-01-01","2013-05-25","27.4","21","29.24709762","-91.57515582"
"A","1","21494","Talos Energy Ventures, LLC","FIXED","Y","G01477","TERMIN","N","1972-01-01","2016-12-14","45","58","29.29865","-92.950257"
"A-AUX","2","21494","Talos Energy Ventures, LLC","FIXED","N","G01477","TERMIN","N","2002-12-30","2016-11-16","13.9","58","29.298738","-92.95046895"
"9","1","22347","Talos Energy Ventures, LLC","CAIS","N","G01477","TERMIN","N","1979-01-01","2013-09-30","34.7","57","29.305397","-92.949337"
"A","1","23344","Talos Energy Ventures, LLC","FIXED","Y","G04800","TERMIN","N","1970-05-23","2019-01-05","48.6","165","28.502234","-92.16713"
"11","1","23398","Talos Energy Ventures, LLC","CAIS","N","G01477","TERMIN","N","1991-01-01","2016-12-11","25.9","60","29.300652","-92.95733"
"A","1","10553","Talos Energy Ventures, LLC","FIXED","Y","G11390","TERMIN","N","1991-01-01","2013-12-17","23","229","28.103904","-94.048165"
"B","1","10554","Talos Energy Ventures, LLC","FIXED","N","G11390","TERMIN","N","1991-01-01","2013-07-25","22.6","237","28.07154","-94.064575"
"A","1","22221","Talos Energy Ventures, LLC","FIXED","Y","G02006","TERMIN","N","1978-01-01","2018-08-15","40.6","147","28.452396","-93.194641"
"A-AUX","2","22221","Talos Energy Ventures, LLC","FIXED","Y","G02006","TERMIN","N","2001-05-29","2018-08-15","17.2","147","28.45268395","-93.19413874"
"B 1FS/BRIDGE","2","23763","Talos Energy Ventures, LLC","FIXED","Y","G09384","RELINQ","N","1996-02-05","2019-08-23","23.5","36","29.6211","-93.3825"
"A  1 FS/BRIDGE","1","23763","Talos Energy Ventures, LLC","FIXED","Y","G09384","RELINQ","N","1992-07-03","2019-08-22","27.1","36","29.621445","-93.382591"
"A","1","10093","Talos Energy Ventures, LLC","FIXED","Y","G03061","TERMIN","N","1977-01-01","","","260","27.727052","-96.191056"
"A","1","10280","Talos Energy Ventures, LLC","FIXED","Y","G04064","TERMIN","N","1985-01-01","2013-06-17","28.5","123","27.763784","-96.631278"
"B","2","10280","Talos Energy Ventures, LLC","FIXED","Y","G04064","TERMIN","N","1986-01-01","2013-06-17","27.5","123","27.763129","-96.63068"
"C","1","10314","Talos Energy Ventures, LLC","FIXED","Y","G05980","TERMIN","N","1987-01-01","2013-06-25","26.5","120","27.759727","-96.642493"
"A","1","10371","Talos Energy Ventures, LLC","FIXED","Y","G07155","TERMIN","N","1991-01-01","2013-07-08","22.5","220","26.95821","-96.810508"
"7","1","26060","Talos Energy Ventures, LLC","CAIS","N","G03171","TERMIN","N","1993-12-05","2018-11-21","25","35","28.927531","-90.651196"
"A (Lobster)","1","24129","Talos Energy Ventures, LLC","FIXED","Y","G12136","UNIT","S","1994-07-02","","","775","28.10101003","-90.20209936"
"8","1","26059","Talos Energy Ventures, LLC","CAIS","N","G04857","TERMIN","N","1994-01-01","2011-05-06","17.3","11","29.25081996","-91.56040225"
"A","1","24191","Talos Energy Ventures, LLC","FIXED","N","G09737","TERMIN","N","1994-10-02","2012-07-08","17.8","105","29.90612379","-88.11470822"
"9","1","26120","Talos Energy Ventures, LLC","CAIS","N","G03171","TERMIN","N","1995-04-10","2018-11-19","23.6","35","28.92764861","-90.64587185"
"A","1","26121","Talos Energy Ventures, LLC","FIXED","N","G12951","PROD","S","1995-06-09","","","128","28.47276418","-91.14586337"
"A","1","29048","Talos Energy Ventures, LLC","FIXED","Y","G13557","TERMIN","N","1996-06-18","2012-11-01","16.4","34","29.52699716","-93.64689848"
"B","1","50012","Talos Energy Ventures, LLC","CAIS","N","G13557","TERMIN","N","1997-03-31","2012-10-28","15.6","40","29.56608131","-93.63903278"
"7","1","17","Talos Energy Ventures, LLC","CAIS","N","","","","1996-10-11","2011-07-21","14.8","13","29.26495865","-91.57076754"
"A","1","132","Talos Energy Ventures, LLC","FIXED","N","G15282","TERMIN","N","1998-05-10","2022-08-30","24.3","66","28.7192022","-91.32553864"
"B","1","95","Talos Energy Ventures, LLC","FIXED","Y","G02006","TERMIN","N","1997-12-27","2018-07-11","20.5","157","28.45010047","-93.22029128"
"A","1","276","Talos Energy Ventures, LLC","FIXED","Y","G10910","TERMIN","N","1999-01-03","","","307","29.28542746","-88.17948374"
"C","1","289","Talos Energy Ventures, LLC","FIXED","N","G16515","TERMIN","N","1998-11-26","","","302","29.28882774","-88.21179237"
"C","1","471","Talos Energy Ventures, LLC","CAIS","N","G14356","TERMIN","N","1999-07-22","2017-03-22","17.7","59","29.28044471","-92.95655799"
"A","1","490","Talos Energy Ventures, LLC","FIXED","N","G16432","TERMIN","N","1999-07-30","2014-11-11","15.3","154","28.45254743","-90.39006279"
"C","1","608","Talos Energy Ventures, LLC","FIXED","Y","G11390","TERMIN","N","2000-02-08","2013-09-10","13.6","240","28.0827241","-94.0433086"
"A","1","644","Talos Energy Ventures, LLC","FIXED","Y","G16542","TERMIN","N","2000-05-18","2015-05-21","15","139","29.59639401","-88.04668573"
"1","1","661","Talos Energy Ventures, LLC","FIXED","N","G17888","RELINQ","N","2000-03-31","2025-08-24","25.4","30","29.34387631","-92.38731628"
"A","1","665","Talos Energy Ventures, LLC","FIXED","Y","G14586","TERMIN","N","2000-08-24","2018-05-08","17.7","223","29.30633519","-88.33517089"
"A","1","745","Talos Energy Ventures, LLC","FIXED","Y","G17921","PROD","S","2000-01-01","","","262","28.15005777","-92.18080296"
"B","1","743","Talos Energy Ventures, LLC","FIXED","Y","G16432","TERMIN","N","2000-07-04","2019-06-15","18.9","153","28.45903612","-90.3972017"
"B-AUX","2","743","Talos Energy Ventures, LLC","FIXED","Y","G16432","TERMIN","N","2001-07-02","2019-06-04","17.9","153","28.45889293","-90.39641278"
"B-PROD","3","743","Talos Energy Ventures, LLC","FIXED","Y","G16432","TERMIN","N","2001-12-15","2018-11-09","16.9","153","28.4582689","-90.39605143"
"Q","1","23569","Talos Petroleum LLC","CAIS","N","00069","UNIT","S","1989-01-01","","","50","28.82464209","-90.90114453"
"48","1","23589","Talos Petroleum LLC","CAIS","N","00067","UNIT","S","1989-01-01","2010-11-07","21.8","47","28.839476","-90.877987"
"O","1","23590","Talos Petroleum LLC","FIXED","N","00063","UNIT","S","1989-01-01","","","28","28.87337394","-90.82502457"
"7","1","23598","Talos Petroleum LLC","CAIS","N","00065","UNIT","S","1990-01-01","","","55","28.817065","-90.844834"
"45","1","23902","Talos Petroleum LLC","CAIS","N","00067","UNIT","S","1990-01-01","2010-10-23","20.8","45","28.838976","-90.87586"
"45","1","23912","Talos Petroleum LLC","CAIS","N","00063","UNIT","S","1990-01-01","1997-08-22","7.6","28","28.880606","-90.818684"
"A","1","23916","Talos Petroleum LLC","CAIS","N","G05541","TERMIN","N","1990-01-01","2009-05-16","19.4","24","28.886354","-90.772845"
"52","1","23927","Talos Petroleum LLC","CAIS","N","00067","UNIT","S","1990-01-01","2018-06-10","28.4","47","28.833599","-90.880272"
"43","1","23934","Talos Petroleum LLC","CAIS","N","00063","UNIT","S","1990-01-01","","","25","28.892395","-90.830459"
"#8","1","23970","Talos Petroleum LLC","CAIS","N","G05541","TERMIN","N","1992-03-12","","","24","28.89258579","-90.79569786"
"51","1","23979","Talos Petroleum LLC","CAIS","N","00067","UNIT","S","1992-04-27","2010-10-01","18.4","50","28.85998","-90.851161"
"62","1","26005","Talos Petroleum LLC","CAIS","N","00063","UNIT","S","1992-12-30","2018-06-07","25.4","30","28.863293","-90.842961"
"R","1","26015","Talos Petroleum LLC","FIXED","Y","00068","UNIT","S","1992-12-24","","","52","28.81397986","-90.87197071"
"R-HDR","2","26015","Talos Petroleum LLC","FIXED","N","00068","UNIT","S","1993-01-01","","","52","28.81398041","-90.87212681"
"T","1","26017","Talos Petroleum LLC","CAIS","N","00066","UNIT","S","1993-03-22","","","48","28.827812","-90.906049"
"B","1","26039","Talos Petroleum LLC","FIXED","N","G02899","TERMIN","N","1993-08-02","2013-12-02","20.3","147","28.558112","-91.781429"
"5","1","20139","Talos Petroleum LLC","CAIS","N","00775","TERMIN","N","1964-01-01","2008-10-09","44.8","56","29.068041","-92.172487"
"8","1","20140","Talos Petroleum LLC","CAIS","N","00775","TERMIN","N","1971-01-01","2013-01-26","42.1","55","29.073015","-92.168781"
"1","1","20143","Talos Petroleum LLC","WP","N","00775","TERMIN","N","1960-01-01","1998-12-17","39","60","29.074026","-92.182503"
"A","1","20527","Talos Petroleum LLC","FIXED","Y","G01152","RELINQ","N","1964-01-01","2015-04-05","51.3","158","28.53466","-92.330498"
"C","1","20556","Talos Petroleum LLC","FIXED","Y","G01977","TERMIN","N","1971-01-01","2018-04-20","47.3","169","28.505133","-92.345854"
"F","1","20597","Talos Petroleum LLC","FIXED","N","00089","TERMIN","N","1962-01-01","2018-02-16","56.1","51","29.397196","-92.986077"
"F-AUX","2","20597","Talos Petroleum LLC","CAIS","N","00089","TERMIN","N","1975-01-01","2013-04-12","38.3","51","29.397308","-92.98617"
"A","1","20631","Talos Petroleum LLC","FIXED","Y","00089","TERMIN","N","1958-01-01","2017-12-18","60","50","29.381354","-92.986507"
"A-AUX1","2","20631","Talos Petroleum LLC","FIXED","Y","00089","TERMIN","N","1963-01-01","2017-10-18","54.8","50","29.381629","-92.986512"
"A-AUX2","3","20631","Talos Petroleum LLC","FIXED","N","00089","TERMIN","N","1963-01-01","1984-12-31","22","50","29.381629","-92.986512"
"G","4","20631","Talos Petroleum LLC","CAIS","N","00089","TERMIN","N","2007-02-04","2017-10-14","10.7","50","29.38134978","-92.98644398"
"D","1","20708","Talos Petroleum LLC","FIXED","Y","00792","TERMIN","N","1968-01-01","2014-08-19","46.6","183","28.423561","-91.956928"
"1","1","20878","Talos Petroleum LLC","CAIS","N","00079","TERMIN","N","1965-01-01","2013-02-27","48.2","33","29.413195","-92.374049"
"2","1","21135","Talos Petroleum LLC","CAIS","N","00089","TERMIN","N","1968-01-01","2013-04-05","45.3","51","29.380853","-93.006086"
"B","1","21144","Talos Petroleum LLC","FIXED","Y","G01152","RELINQ","N","1970-01-01","2015-04-10","45.3","152","28.541018","-92.317785"
"D","1","21220","Talos Petroleum LLC","FIXED","Y","G01153","TERMIN","N","1969-01-01","2015-08-22","46.6","162","28.522291","-92.359484"
"CA","1","21610","Talos Petroleum LLC","FIXED","Y","","","","1973-01-01","2012-11-26","39.9","27","29.249257","-92.032817"
"A-PRD","2","21610","Talos Petroleum LLC","FIXED","Y","","","","1975-01-01","2013-03-24","38.2","27","29.248935","-92.032815"
"2","1","21721","Talos Petroleum LLC","CAIS","N","00079","TERMIN","N","1967-01-01","2013-03-01","46.2","27","29.411409","-92.366939"
"E","1","21760","Talos Petroleum LLC","FIXED","Y","G01153","TERMIN","N","1974-01-01","2020-06-16","46.5","145","28.559415","-92.344186"
"A","1","21764","Talos Petroleum LLC","FIXED","Y","G02050","TERMIN","N","1975-01-01","2016-10-16","41.8","175","28.382316","-92.975304"
"A-AUX","2","21764","Talos Petroleum LLC","FIXED","Y","G02050","TERMIN","N","1975-01-01","2016-11-05","41.8","175","28.38232","-92.974962"
"F","1","21914","Talos Petroleum LLC","FIXED","Y","G03135","TERMIN","N","1976-01-01","2015-08-18","39.6","165","28.489052","-92.35677"
"6/7","1","21979","Talos Petroleum LLC","FIXED","N","00089","TERMIN","N","1976-01-01","2017-11-27","41.9","51","29.381935","-92.996684"
"G","1","21987","Talos Petroleum LLC","FIXED","Y","00792","TERMIN","N","1976-01-01","2014-03-21","38.2","185","28.439169","-91.953204"
"#8 #9 #10","1","22010","Talos Petroleum LLC","WP","N","00089","TERMIN","N","1977-01-01","2009-09-30","32.7","40","29.401346","-92.988303"
"A","1","22012","Talos Petroleum LLC","FIXED","Y","G02876","TERMIN","N","1977-01-01","2015-12-21","39","220","28.241504","-92.351746"
"14","1","22186","Talos Petroleum LLC","CAIS","N","00775","TERMIN","N","1979-01-01","2013-02-03","34.1","57","29.06891","-92.162159"
"A","1","22295","Talos Petroleum LLC","FIXED","Y","G03288","RELINQ","N","1979-01-01","2018-01-15","39","48","29.447062","-92.971179"
"B","2","22295","Talos Petroleum LLC","FIXED","Y","G03288","RELINQ","N","1979-01-01","2017-10-02","38.8","48","29.446784","-92.971174"
"A","1","22524","Talos Petroleum LLC","FIXED","Y","G03323","TERMIN","N","1981-01-01","2013-08-11","32.6","118","28.662685","-92.69778"
"J","1","22615","Talos Petroleum LLC","WP","N","00792","TERMIN","N","1982-01-01","2014-04-21","32.3","183","28.416916","-91.969311"
"CA","1","22761","Talos Petroleum LLC","FIXED","N","G03398","TERMIN","N","1983-01-01","2020-07-06","37.5","180","28.461756","-92.392336"
"A (Brutus)","1","420","Talos Energy Ventures, LLC","TLP","Y","G07995","UNIT","S","2001-06-20","","","2900","27.79523773","-90.64754125"
"C","1","914","Talos Energy Ventures, LLC","FIXED","Y","G16432","TERMIN","N","2001-04-02","2018-07-15","17.3","153","28.46396419","-90.41227128"
"A (Prince)","1","811","Talos Energy Ventures, LLC","TLP","Y","G13091","UNIT","S","2001-07-18","","","1500","27.99267674","-90.32581513"
"C","1","1125","Talos Energy Ventures, LLC","FIXED","N","G02006","TERMIN","N","2002-06-17","2009-09-17","7.3","147","28.47768192","-93.20724901"
"A","1","1165","Talos Energy Ventures, LLC","FIXED","Y","G16224","TERMIN","N","2002-11-25","2019-08-10","16.7","484","27.83958895","-93.32174666"
"F","1","1245","Talos Energy Ventures, LLC","CAIS","N","00479","TERMIN","N","2003-04-08","2013-06-03","10.2","18","29.22190573","-91.57976283"
"F-AUX","2","1245","Talos Energy Ventures, LLC","CAIS","N","00479","TERMIN","N","2003-05-05","2013-06-03","10.1","18","29.22195248","-91.57976295"
"A","1","1522","Talos Energy Ventures, LLC","FIXED","Y","G20605","TERMIN","N","2004-07-29","2020-08-16","16","84","27.80938068","-96.78077238"
"A-Aux","2","1522","Talos Energy Ventures, LLC","FIXED","N","G20605","TERMIN","N","2006-12-03","2020-08-16","13.7","84","27.80936617","-96.78025597"
"A (Neptune)","1","1799","Talos Energy Ventures, LLC","MTLP","Y","","","","2007-10-16","","","4250","27.3700796","-89.92402389"
"A","1","2257","Talos Energy Ventures, LLC","FIXED","N","G25017","PROD","S","2008-12-24","2022-09-10","13.7","83","29.35293731","-88.8854091"
"B","1","2340","Talos Energy Ventures, LLC","FIXED","Y","","","","2010-06-01","","","77","28.94390654","-93.1405941"
"G","1","2531","Talos Energy Ventures, LLC","FIXED","N","G27083","TERMIN","N","2013-06-05","","","106","28.72885577","-91.87601258"
"A","1","24257","INEOS Energy Petroleum Offshore USA Inc.","FIXED","Y","G15390","RELINQ","N","1996-03-11","2000-04-21","4.1","288","29.32307831","-88.16617476"
"1","1","21561","Shell USA, Inc.","CAIS","N","00431","TERMIN","N","1959-01-01","1978-12-31","20","70","28.72739102","-91.43014108"
"1","1","21638","Shell USA, Inc.","CAIS","N","00588","EXPIR","N","1959-01-01","1976-12-31","18","62","28.763811","-90.778209"
"3","1","21639","Shell USA, Inc.","CAIS","N","00588","EXPIR","N","1960-01-01","1976-12-31","17","62","28.760091","-90.775131"
"5","1","21640","Shell USA, Inc.","CAIS","N","00588","EXPIR","N","1960-01-01","1975-12-31","16","62","28.763715","-90.773888"
"7","1","21641","Shell USA, Inc.","WP","N","00587","TERMIN","N","1960-01-01","1976-12-31","17","62","28.760073","-90.771012"
"8","1","21642","Shell USA, Inc.","WP","N","00587","TERMIN","N","1960-01-01","1976-12-31","17","63","28.760055","-90.766894"
"9","1","21643","Shell USA, Inc.","CAIS","N","00587","TERMIN","N","1961-01-01","1976-12-31","16","62","28.760028","-90.760653"
"10","1","21644","Shell USA, Inc.","CAIS","N","00587","TERMIN","N","1961-01-01","1976-12-31","16","62","28.760917","-90.756529"
"12","1","21645","Shell USA, Inc.","WP","N","00587","TERMIN","N","1970-01-01","1976-12-31","7","62","28.768448","-90.769847"
"A","1","21646","Shell USA, Inc.","FIXED","Y","00588","EXPIR","N","1957-01-01","1976-12-31","20","61","28.76188372","-90.767724"
"A","1","10176","Shell USA, Inc.","WP","N","G03942","EXPIR","N","1981-01-01","1984-12-31","4","197","27.865589","-95.94483"
"G","3","20285","Guardian Decommissioning I, LLC","FIXED","Y","G01608","RELINQ","N","1985-01-01","","","185","29.056754","-88.964269"
"D","2","20285","Guardian Decommissioning I, LLC","FIXED","Y","G01608","RELINQ","N","1977-01-01","","","185","29.0569402","-88.96363215"
"A","1","20285","Guardian Decommissioning I, LLC","FIXED","Y","G01608","RELINQ","N","1971-01-01","","","185","29.05791912","-88.96421657"
"B","1","20319","Guardian Decommissioning I, LLC","FIXED","Y","G01608","RELINQ","N","1972-01-01","","","206","29.044284","-88.9666"
"E","2","20319","Guardian Decommissioning I, LLC","FIXED","Y","G01608","RELINQ","N","1980-01-01","","","206","29.04404954","-88.96686821"
"C","1","21169","Guardian Decommissioning I, LLC","FIXED","Y","G01608","RELINQ","N","1973-01-01","2025-12-04","52.9","192","29.063724","-88.955981"
"A","1","22717","Guardian Decommissioning I, LLC","FIXED","Y","G01612","RELINQ","N","1982-01-01","","","258","29.054785","-88.936622"
"A","1","21939","Guardian Decommissioning I, LLC","FIXED","Y","G02110","TERMIN","N","1976-01-01","2025-09-23","49.7","218","28.319337","-91.61507"
"B","1","22493","Guardian Decommissioning I, LLC","FIXED","Y","G02110","TERMIN","N","1981-01-01","2025-09-26","44.7","227","28.302066","-91.625068"
"A (Cerveza)","1","10178","Guardian Decommissioning I, LLC","FIXED","Y","G02647","TERMIN","N","1981-01-01","","","935","27.832726","-94.551311"
"F","1","2333","Guardian Decommissioning I, LLC","FIXED","Y","","","","1982-01-01","","","192","29.064015","-88.95532"
"B","1","22943","Talos Petroleum LLC","FIXED","Y","G03323","TERMIN","N","1984-01-01","2005-03-03","21.2","118","28.663272","-92.720016"
"A","1","23290","Talos Petroleum LLC","FIXED","Y","G05477","TERMIN","N","1988-01-01","2013-02-19","25.1","54","29.079584","-92.134762"
"A","2","23290","Talos Petroleum LLC","CAIS","N","G05477","TERMIN","N","1986-01-01","2013-02-22","27.1","54","29.079584","-92.134762"
"1","1","23301","Talos Petroleum LLC","CAIS","N","G05477","TERMIN","N","1985-01-01","2011-05-07","26.3","52","29.088638","-92.157179"
"3","1","23357","Talos Petroleum LLC","CAIS","N","G05477","TERMIN","N","1989-01-01","2011-06-13","22.4","54","29.079311","-92.154944"
"5","1","23359","Talos Petroleum LLC","CAIS","N","G05477","TERMIN","N","1990-01-01","2011-06-05","21.4","54","29.072965","-92.132527"
"G","1","23366","Talos Petroleum LLC","FIXED","Y","G02082","TERMIN","N","1989-01-01","2020-06-29","31.5","165","28.521038","-92.338722"
"6","1","23394","Talos Petroleum LLC","CAIS","N","G05477","TERMIN","N","1991-01-01","2011-05-26","20.4","52","29.071975","-92.121241"
"B","1","23686","Talos Petroleum LLC","FIXED","N","00079","TERMIN","N","1988-01-01","2013-03-07","25.2","30","29.412652","-92.366191"
"11","1","24043","Talos Petroleum LLC","CAIS","N","00089","TERMIN","N","1993-04-09","2013-04-07","20","50","29.381918","-92.970153"
"2","1","20123","Talos Petroleum LLC","WP","N","00762","TERMIN","N","1964-01-01","2008-11-16","44.9","49","29.389682","-93.014587"
"5","1","20758","Talos Petroleum LLC","FIXED","Y","00300","TERMIN","N","1966-01-01","2013-05-09","47.4","28","29.676258","-93.603553"
"10","1","20872","Talos Petroleum LLC","CAIS","N","00300","TERMIN","N","1959-01-01","2000-10-01","41.7","28","29.685474","-93.60838"
"A","1","20874","Talos Petroleum LLC","FIXED","Y","00299","TERMIN","N","1942-01-01","2013-08-05","71.6","30","29.649836","-93.593366"
"B","2","20874","Talos Petroleum LLC","FIXED","Y","00299","TERMIN","N","1987-01-01","2013-08-05","26.6","30","29.65029","-93.594173"
"12","1","20937","Talos Petroleum LLC","FIXED","Y","00300","TERMIN","N","1964-01-01","2013-05-13","49.4","28","29.688885","-93.576753"
"13","1","21693","Talos Petroleum LLC","CAIS","N","00300","TERMIN","N","1965-01-01","2013-05-02","48.3","28","29.688851","-93.579549"
"13","1","22236","Talos Petroleum LLC","CAIS","N","00301","TERMIN","N","1977-01-01","2013-04-19","36.3","38","29.63892","-93.607479"
"5","1","22396","Talos Petroleum LLC","CAIS","N","G02050","TERMIN","N","1980-01-01","1998-12-02","18.9","171","28.376824","-92.992864"
"14","1","22644","Talos Petroleum LLC","CAIS","N","00301","TERMIN","N","1982-01-01","2013-04-24","31.3","35","29.646879","-93.598948"
"9 & 12","1","23016","Talos Petroleum LLC","WP","N","00762","TERMIN","N","1984-01-01","2009-08-22","25.6","49","29.38852","-93.024355"
"18","1","23784","Talos Petroleum LLC","CAIS","N","00300","TERMIN","N","1990-01-01","2013-08-08","23.6","32","29.673147","-93.604661"
"63","1","26061","Talos Petroleum LLC","CAIS","N","00063","UNIT","S","1993-01-01","2018-05-15","25.4","28","28.8838293","-90.8184297"
"12","1","24081","Talos Petroleum LLC","CAIS","N","00089","TERMIN","N","1993-01-01","2013-04-07","20.3","50","29.382061","-92.970143"
"61","1","26062","Talos Petroleum LLC","CAIS","N","00063","UNIT","S","1994-03-09","","","24","28.89234041","-90.83329953"
"A","1","24177","Talos Petroleum LLC","FIXED","Y","G05602","TERMIN","N","1994-04-11","2012-06-27","18.2","60","28.656622","-90.672002"
"V","1","26070","Talos Petroleum LLC","FIXED","N","00066","UNIT","S","1994-05-10","","","45","28.82550382","-90.93593724"
"H","1","24083","Talos Petroleum LLC","FIXED","Y","G01152","RELINQ","N","1994-01-01","2015-08-19","21.6","156","28.54158582","-92.33562282"
"19","1","26096","Talos Petroleum LLC","CAIS","N","00069","UNIT","S","1994-11-02","2012-07-06","17.7","45","28.81482347","-90.9323639"
"X","1","26097","Talos Petroleum LLC","WP","N","00040","UNIT","S","1994-12-12","2014-09-03","19.7","52","28.80058303","-90.91737408"
"W","1","26086","Talos Petroleum LLC","FIXED","N","00069","UNIT","S","1994-09-12","","","44","28.82292076","-90.9223527"
"A","1","24130","Talos Petroleum LLC","FIXED","Y","G06898","PROD","S","1994-08-19","","","1290","28.97303233","-88.62598209"
"B","1","26102","Talos Petroleum LLC","WP","N","G01238","TERMIN","N","1995-02-05","2012-08-06","17.5","61","28.84309741","-90.61191678"
"F","1","24162","Talos Petroleum LLC","FIXED","N","G04842","TERMIN","N","1993-01-01","2009-05-30","16.4","53","28.91928404","-90.47294193"
"19","1","29002","Talos Petroleum LLC","CAIS","N","00299","TERMIN","N","1994-01-01","2013-04-29","19.3","35","29.67102581","-93.60755712"
"17","1","23783","Talos Petroleum LLC","CAIS","N","00300","TERMIN","N","1990-01-01","2013-06-30","23.5","30","29.68833849","-93.57652348"
"58","1","32009","Talos Petroleum LLC","CAIS","N","00064","UNIT","S","1995-11-25","2014-08-27","18.8","53","28.82636402","-90.84089867"
"1","1","26126","Talos Petroleum LLC","CAIS","N","G13912","TERMIN","N","1995-01-01","2012-09-22","17.7","25","28.88383462","-91.09198752"
"C","1","26129","Talos Petroleum LLC","WP","N","G02898","TERMIN","N","1995-01-01","2012-10-23","17.8","152","28.569406","-91.749586"
"24","1","1624","Talos Petroleum LLC","CAIS","N","00069","UNIT","S","2005-01-01","","","51","28.80782917","-90.90598992"
"1","1","1606","Talos Petroleum LLC","CAIS","N","G26013","RELINQ","N","2005-09-05","2006-03-02","0.5","20","29.34431406","-92.0538017"
"A (Ram Powell)","1","24229","Talos Petroleum LLC","TLP","Y","G06896","UNIT","S","1997-05-21","","","3216","29.06062965","-88.09172006"
"6","1","28","Talos Petroleum LLC","CAIS","N","00079","TERMIN","N","1997-11-28","2007-10-11","9.9","25","29.40820115","-92.3590474"
"B","1","80036","Talos Petroleum LLC","FIXED","Y","G16343","EXPIR","N","1997-07-30","2003-05-20","5.8","22","29.18498077","-91.63211958"
"B","1","131","Talos Petroleum LLC","CAIS","Y","G02098","TERMIN","N","1998-12-22","2000-12-03","1.9","25","29.18830731","-91.59542149"
"CAIS.#15","1","91","Talos Petroleum LLC","CAIS","N","00301","TERMIN","N","1997-02-19","2013-04-13","16.1","34","29.64355036","-93.58670625"
"CAIS.#1","1","103","Talos Petroleum LLC","CAIS","N","G17959","RELINQ","N","1998-07-24","2008-05-20","9.8","23","29.24713489","-91.77772844"
"A","1","168","Talos Petroleum LLC","CAIS","Y","G17120","RELINQ","N","1998-02-09","2008-12-31","10.9","63","29.09546079","-94.735842"
"2","1","175","Talos Petroleum LLC","CAIS","N","G17834","RELINQ","N","1998-11-08","2007-04-01","8.4","41","29.51554776","-92.77610619"
"1","1","200","Talos Petroleum LLC","CAIS","N","G13925","TERMIN","N","1999-03-31","2012-07-26","13.3","30","29.01650128","-90.515634"
"TEMP.CAIS.#20","1","261","Talos Petroleum LLC","CAIS","N","00300","TERMIN","N","1998-11-07","2013-04-26","14.5","32","29.6814342","-93.59928921"
"D","1","308","Talos Petroleum LLC","CAIS","N","G04842","TERMIN","N","1998-10-09","2012-03-29","13.5","47","28.94157493","-90.49866382"
"C","1","312","Talos Petroleum LLC","FIXED","N","00300","TERMIN","N","1998-11-06","2013-05-21","14.5","32","29.68350741","-93.5879936"
"D","1","374","Talos Petroleum LLC","CAIS","N","G02899","TERMIN","N","1999-01-19","2013-09-12","14.6","144","28.5693811","-91.76323702"
"D-AUX","2","374","Talos Petroleum LLC","CAIS","N","G02899","TERMIN","N","2001-05-25","2012-11-04","11.4","144","28.56944338","-91.76353005"
"A","1","455","Talos Petroleum LLC","CAIS","N","G18007","TERMIN","N","1999-07-21","2007-09-08","8.1","39","28.8680761","-91.31460659"
"4","1","484","Talos Petroleum LLC","FIXED","N","G09652","RELINQ","N","1999-08-03","2012-08-09","13","50","28.91102145","-90.55551294"
"F","1","511","Talos Petroleum LLC","CAIS","N","G14519","TERMIN","N","1999-07-26","2012-04-06","12.7","63","28.81375676","-90.59950382"
"E","1","512","Talos Petroleum LLC","CAIS","N","00775","TERMIN","N","1999-12-01","2013-02-07","13.2","60","29.05527034","-92.17582603"
"I","1","533","Talos Petroleum LLC","FIXED","N","G03135","TERMIN","N","1999-08-14","2013-01-22","13.4","173","28.49145574","-92.383223"
"E","1","569","Talos Petroleum LLC","FIXED","Y","G06767","TERMIN","N","2000-06-07","2013-12-17","13.5","70","28.60180478","-90.61845462"
"CAIS.#14","1","611","Talos Petroleum LLC","CAIS","N","G02601","TERMIN","N","2000-05-22","2012-11-21","12.5","10","29.2472719","-91.41813118"
"A","1","634","Talos Petroleum LLC","FIXED","Y","G17913","RELINQ","N","2000-05-01","2015-07-16","15.2","167","28.51036897","-92.35805269"
"2","1","699","Talos Petroleum LLC","CAIS","N","G13925","TERMIN","N","2000-08-09","2012-07-22","12","50","29.01684715","-90.51948853"
"H","1","702","Talos Petroleum LLC","CAIS","N","G02894","TERMIN","N","2000-05-21","2014-11-27","14.5","10","29.25084586","-91.41970201"
"5","1","698","Talos Petroleum LLC","CAIS","N","G09652","RELINQ","N","2000-04-15","2011-07-16","11.2","49","28.92029101","-90.53519184"
"#1","1","776","Talos Petroleum LLC","CAIS","N","G15231","TERMIN","N","2000-07-17","2007-03-31","6.7","19","29.32646233","-92.05649159"
"#2","2","776","Talos Petroleum LLC","CAIS","N","G15231","TERMIN","N","2004-10-30","2007-03-31","2.4","19","29.32646783","-92.05649163"
"CAIS.#16","1","907","Talos Petroleum LLC","FIXED","N","00301","TERMIN","N","2001-02-01","2013-07-01","12.4","36","29.63903311","-93.60842311"
"8","1","911","Talos Petroleum LLC","CAIS","N","G12027","RELINQ","N","2001-03-07","2012-08-23","11.5","38","28.99303917","-90.5255275"
"18","1","975","Talos Petroleum LLC","CAIS","N","G12027","RELINQ","N","2001-08-01","2012-08-20","11.1","31","29.01384922","-90.51897781"
"B","1","1003","Talos Petroleum LLC","FIXED","N","G21308","EXPIR","N","2001-09-02","2006-09-12","5","111","27.98467318","-96.36465376"
"A","1","1014","Talos Petroleum LLC","FIXED","Y","G13912","TERMIN","N","2001-07-23","2012-09-19","11.2","17","28.88663543","-91.13520562"
"A","1","992","Talos Petroleum LLC","FIXED","Y","G21695","TERMIN","N","2001-11-21","2012-12-08","11","111","28.94415824","-89.28834628"
"3","1","1047","Talos Petroleum LLC","CAIS","N","G13925","TERMIN","N","2001-09-29","2012-07-23","10.8","30","29.01508049","-90.52416094"
"J","1","1050","Talos Petroleum LLC","FIXED","N","G03135","TERMIN","N","2001-12-01","2020-06-22","18.6","173","28.4975066","-92.3396744"
"6","1","1082","Talos Petroleum LLC","CAIS","N","G09652","RELINQ","N","2002-01-10","2014-02-04","12.1","56","28.91259757","-90.51606723"
"B","1","1096","Talos Petroleum LLC","FIXED","N","G22651","TERMIN","N","2002-06-01","2012-11-13","10.5","27","29.23938458","-92.00170528"
"B","1","1171","Talos Petroleum LLC","WP","N","G13928","PROD","S","2002-06-27","2012-06-12","10","52","28.96162626","-90.35682548"
"Cais.#2","1","1190","Talos Petroleum LLC","CAIS","N","00299","TERMIN","N","2002-10-30","2013-04-28","10.5","35","29.65023667","-93.58078916"
"E","1","1213","Talos Petroleum LLC","CAIS","N","G21571","RELINQ","N","2002-11-20","2017-09-23","14.8","48","29.47633755","-92.9377786"
"3","2","1213","Talos Petroleum LLC","CAIS","N","G21571","RELINQ","N","2007-03-20","2017-09-23","10.5","48","29.47633755","-92.9377786"
"A","1","1239","Talos Petroleum LLC","CAIS","Y","G22705","TERMIN","N","2003-01-24","2013-11-18","10.8","41","28.74827902","-91.052425"
"C","1","1240","Talos Petroleum LLC","FIXED","N","G21129","RELINQ","N","2003-06-28","2012-05-20","8.9","162","28.87832335","-89.82130832"
"B","1","1340","Talos Petroleum LLC","FIXED","Y","G22620","TERMIN","N","2003-11-21","2013-03-30","9.4","76","29.0730782","-92.59214236"
"A","1","1350","Talos Petroleum LLC","FIXED","N","G19869","PROD","S","2003-06-09","","","285","29.2669394","-88.37938884"
"104","1","1309","Talos Petroleum LLC","CAIS","N","G22705","TERMIN","N","2003-05-20","2012-09-06","9.3","43","28.71699603","-91.04862252"
"5","1","1378","Talos Petroleum LLC","CAIS","N","00040","UNIT","S","2003-12-11","2014-09-02","10.7","53","28.79753025","-90.93121519"
"54","1","1409","Talos Petroleum LLC","CAIS","N","00073","RELINQ","N","2006-02-21","2014-01-31","7.9","54","28.86569338","-90.70018736"
"3","1","1405","Talos Petroleum LLC","WP","N","G17959","RELINQ","N","2003-12-28","2008-07-11","4.5","25","29.24285804","-91.79920947"
"Z","1","1451","Talos Petroleum LLC","CAIS","N","00069","UNIT","S","2004-03-13","","","48","28.82258876","-90.92696263"
"1","1","1496","Talos Petroleum LLC","CAIS","N","G22702","TERMIN","N","2004-05-11","2013-11-06","9.5","48","28.76831551","-90.98124646"
"21","1","1516","Talos Petroleum LLC","WP","N","G22701","TERMIN","N","2004-06-13","2013-10-31","9.4","46","28.76895423","-91.02139482"
"3","1","1635","Talos Petroleum LLC","CAIS","N","G22701","TERMIN","N","2004-12-25","2013-11-03","8.9","47","28.75666375","-91.019052"
"1","1","1687","Talos Petroleum LLC","CAIS","N","G24922","TERMIN","N","2005-04-09","2012-09-05","7.4","23","28.89047967","-91.01688843"
"A","1","1781","Talos Petroleum LLC","CAIS","Y","G22695","RELINQ","N","2005-09-18","2012-09-13","7","21","29.00821953","-91.32004528"
"21","1","1857","Talos Petroleum LLC","CAIS","N","G12027","RELINQ","N","2006-03-15","2012-08-08","6.4","34","28.99963095","-90.53170437"
"B","1","1817","Talos Petroleum LLC","FIXED","Y","G22582","TERMIN","N","2006-08-01","2013-06-28","6.9","73","29.10749965","-92.89163361"
"A","1","1879","Talos Petroleum LLC","CAIS","N","G22664","TERMIN","N","2006-05-05","2012-11-08","6.5","43","28.84320045","-91.34835788"
"E","1","1858","Talos Petroleum LLC","WP","N","G13912","TERMIN","N","2006-09-30","2012-08-01","5.8","13","28.89304905","-91.10868158"
"E","1","1964","Talos Petroleum LLC","FIXED","N","G05549","TERMIN","N","2007-04-30","2013-10-28","6.5","58","28.64537598","-90.87237239"
"1","1","1929","Talos Petroleum LLC","CAIS","N","G24923","TERMIN","N","2007-01-01","2012-09-08","5.7","22","28.8627182","-91.21693692"
"14","1","2061","Talos Petroleum LLC","CAIS","N","00762","TERMIN","N","2008-01-22","2017-09-12","9.6","52","29.37670517","-93.02875617"
"A","1","2072","Talos Petroleum LLC","CAIS","Y","G27155","RELINQ","N","2007-06-27","2012-09-04","5.2","61","28.78656092","-90.42747823"
"1","1","2252","Talos Petroleum LLC","CAIS","N","G26092","RELINQ","N","2009-02-27","2010-06-12","1.3","68","28.67096832","-90.60386405"
"L","1","2291","Talos Petroleum LLC","FIXED","N","00089","TERMIN","N","2009-11-15","2017-10-12","7.9","51","29.40127967","-92.98831439"
"E","1","2390","Talos Petroleum LLC","CAIS","N","00063","UNIT","S","2010-09-29","","","24","28.89388437","-90.80983582"
"A","1","2436","Talos Petroleum LLC","WP","N","00068","UNIT","S","2010-04-09","2014-10-13","4.5","25","28.81122642","-90.85573332"
"B","1","2474","Talos Petroleum LLC","CAIS","N","00068","UNIT","S","2012-06-18","2018-05-31","5.9","56","28.81384304","-90.87919582"
"B","1","2492","Talos Petroleum LLC","FIXED","N","00068","UNIT","S","2012-08-02","2018-05-31","5.8","56","28.81384304","-90.87919582"
"Well #15","1","2493","Talos Petroleum LLC","WP","N","00762","TERMIN","N","2013-09-29","2018-02-07","4.4","52","29.37873433","-93.03536554"
"66","1","2549","Talos Petroleum LLC","CAIS","N","00063","UNIT","S","2013-06-06","","","24","28.89473904","-90.79753301"
"F","1","20106","White Fleet Operating, LLC","FIXED","N","G01085","RELINQ","N","1968-01-01","","","180","28.96861","-89.655322"
"A","1","20114","White Fleet Operating, LLC","FIXED","Y","G01089","RELINQ","N","1964-01-01","","","183","28.93836154","-89.66049595"
"E","2","20114","White Fleet Operating, LLC","FIXED","Y","G01089","RELINQ","N","1973-01-01","","","183","28.938358","-89.660202"
"B","3","20114","White Fleet Operating, LLC","FIXED","Y","G01089","RELINQ","N","1968-01-01","","","183","28.93789519","-89.65973151"
"C","1","20165","White Fleet Operating, LLC","FIXED","Y","G01874","RELINQ","N","1969-01-01","2024-08-14","55.6","154","28.948277","-89.518203"
"D","1","20226","White Fleet Operating, LLC","FIXED","Y","00841","RELINQ","N","1967-01-01","","","228","28.864884","-89.607329"
"C","1","20227","White Fleet Operating, LLC","FIXED","Y","00841","RELINQ","N","1965-01-01","","","228","28.861435","-89.631954"
"B","1","20228","White Fleet Operating, LLC","FIXED","Y","00840","RELINQ","N","1965-01-01","","","228","28.865498","-89.644076"
"A","1","20229","White Fleet Operating, LLC","FIXED","N","00840","RELINQ","N","1965-01-01","","","223","28.861953","-89.65684"
"D","1","20230","White Fleet Operating, LLC","FIXED","Y","G01874","RELINQ","N","1971-01-01","2024-08-28","53.7","102","28.970623","-89.500382"
"B","1","20231","White Fleet Operating, LLC","FIXED","Y","G01874","RELINQ","N","1970-01-01","2023-10-23","53.8","154","28.956915","-89.506972"
"2","1","20242","White Fleet Operating, LLC","FIXED","N","G01067","TERMIN","N","1960-01-01","2025-09-27","65.7","57","29.115842","-89.709726"
"F","2","20491","White Fleet Operating, LLC","FIXED","N","G01449","RELINQ","N","1974-01-01","2023-11-28","49.9","90","28.971523","-89.513941"
"A","1","20491","White Fleet Operating, LLC","FIXED","Y","G01449","RELINQ","N","1974-01-01","2024-08-21","50.6","90","28.97157745","-89.51468148"
"D","1","20493","White Fleet Operating, LLC","FIXED","Y","G01085","RELINQ","N","1964-01-01","","","172","28.959757","-89.663233"
"A","1","20632","White Fleet Operating, LLC","FIXED","Y","G01361","RELINQ","N","1965-01-01","","","55","28.985354","-90.161417"
"A-QRT","2","20632","White Fleet Operating, LLC","FIXED","N","G01361","RELINQ","N","1971-01-01","","","55","28.985357","-90.16173"
"A","1","21590","White Fleet Operating, LLC","FIXED","Y","G02193","TERMIN","N","1973-01-01","","","165","29.293869","-88.861681"
"E","1","21749","White Fleet Operating, LLC","FIXED","N","G02620","RELINQ","N","1974-01-01","","","62","28.965362","-90.170736"
"A","1","21776","White Fleet Operating, LLC","FIXED","Y","G02161","RELINQ","N","1973-01-01","","","150","28.738287","-90.026164"
"B","1","21778","White Fleet Operating, LLC","FIXED","Y","G02193","TERMIN","N","1973-01-01","","","150","29.295539","-88.842289"
"C","1","21782","White Fleet Operating, LLC","FIXED","Y","G01870","RELINQ","N","1971-01-01","","","53","28.97847448","-90.17630189"
"D-QTRS","2","21782","White Fleet Operating, LLC","FIXED","Y","G01870","RELINQ","N","1971-01-01","","","53","28.97936435","-90.17586323"
"BS-1","4","21782","White Fleet Operating, LLC","FIXED","N","G01870","RELINQ","N","1981-01-01","","","53","28.9825","-90.17527778"
"BS-2","5","21782","White Fleet Operating, LLC","FIXED","N","G01870","RELINQ","N","1981-01-01","","","53","28.9825","-90.17527778"
"F","3","21782","White Fleet Operating, LLC","FIXED","Y","G01870","RELINQ","N","1979-01-01","","","53","28.98207136","-90.17504402"
"C","1","22087","White Fleet Operating, LLC","FIXED","Y","G01614","RELINQ","N","1974-01-01","","","264","29.029458","-88.94272"
"D","2","22087","White Fleet Operating, LLC","FIXED","Y","G01614","RELINQ","N","1977-01-01","","","264","29.02894475","-88.94369973"
"A","1","22224","White Fleet Operating, LLC","FIXED","Y","G02968","TERMIN","N","1978-01-01","","","428","28.642636","-89.794241"
"A","1","22593","White Fleet Operating, LLC","FIXED","Y","","","","1982-08-01","2025-07-24","43","143","28.912107","-89.511397"
"B","1","22662","White Fleet Operating, LLC","FIXED","Y","G01618","TERMIN","N","1982-02-09","","","422","28.680464","-89.387596"
"G","1","23407","White Fleet Operating, LLC","FIXED","N","G01085","RELINQ","N","1968-01-01","","","162","28.975714","-89.655291"
"E","1","23415","White Fleet Operating, LLC","FIXED","Y","00842","RELINQ","N","1987-01-01","","","237","28.851336","-89.601086"
"A","1","23439","White Fleet Operating, LLC","FIXED","Y","G05051","TERMIN","N","1986-01-01","","","356","28.801633","-89.299976"
"B","1","23826","White Fleet Operating, LLC","FIXED","N","G05612","TERMIN","N","1990-01-01","","","161","28.433669","-90.346932"
"B","1","23835","White Fleet Operating, LLC","FIXED","N","G04243","TERMIN","N","1990-01-01","2024-07-28","34.6","143","28.904663","-89.531665"
"A","1","23851","White Fleet Operating, LLC","FIXED","Y","","","","1988-01-01","","","173","28.42974538","-90.30798185"
"C-PRD","2","20330","White Fleet Operating, LLC","FIXED","Y","00438","TERMIN","N","1972-01-01","2023-05-30","51.4","85","28.790827","-91.731936"
"E","3","20330","White Fleet Operating, LLC","WP","N","00438","TERMIN","N","1957-01-01","2009-08-04","52.6","85","28.790292","-91.732474"
"B","1","20330","White Fleet Operating, LLC","FIXED","Y","00438","TERMIN","N","1957-01-01","2014-06-07","57.4","85","28.790828","-91.731624"
"D","1","20558","White Fleet Operating, LLC","FIXED","Y","G01523","TERMIN","N","1973-01-01","","","100","28.536636","-90.980598"
"A","1","20630","White Fleet Operating, LLC","FIXED","Y","G01520","TERMIN","N","1968-01-01","","","108","28.52923","-91.099355"
"A-GEN","2","20630","White Fleet Operating, LLC","FIXED","Y","G01520","TERMIN","N","1968-01-01","","","108","28.529231","-91.099667"
"A-PRD","3","20630","White Fleet Operating, LLC","FIXED","Y","G01520","TERMIN","N","1970-01-01","","","108","28.52923","-91.099044"
"B","1","20687","White Fleet Operating, LLC","FIXED","Y","00423","TERMIN","N","1964-01-01","","","65","28.747864","-91.367972"
"A-MANTIS","5","20724","White Fleet Operating, LLC","CAIS","Y","","","","1996-01-01","","","94","28.52784307","-90.97872072"
"A DRILL","1","20724","White Fleet Operating, LLC","FIXED","Y","","","","1967-01-01","","","94","28.52788839","-90.97820065"
"A-PRD","2","20724","White Fleet Operating, LLC","FIXED","Y","","","","1968-01-01","","","94","28.52845644","-90.9787964"
"A-CMP","3","20724","White Fleet Operating, LLC","FIXED","Y","","","","1968-01-01","","","94","28.52901613","-90.97834302"
"DWPF","4","20724","White Fleet Operating, LLC","FIXED","Y","","","","1988-01-01","","","94","28.52929306","-90.97906121"
"F","1","20806","White Fleet Operating, LLC","FIXED","Y","00071","RELINQ","N","1957-01-01","","","37","28.93022474","-90.71171911"
"F3","2","20806","White Fleet Operating, LLC","CAIS","N","00071","RELINQ","N","1980-01-01","2023-05-15","43.4","37","28.93025053","-90.71193775"
"19","3","20806","White Fleet Operating, LLC","CAIS","N","00071","RELINQ","N","1980-01-01","2023-05-15","43.4","37","28.930164","-90.712173"
"CF-QTR","1","20885","White Fleet Operating, LLC","FIXED","N","00050","TERMIN","N","1955-01-01","2023-05-19","68.4","37","28.979269","-91.472701"
"PRD","2","20885","White Fleet Operating, LLC","FIXED","Y","00050","TERMIN","N","1955-01-01","","","37","28.979049","-91.4727"
"MTR","3","20885","White Fleet Operating, LLC","FIXED","N","00050","TERMIN","N","1955-01-01","1988-01-22","33.1","37","28.977757","-91.472698"
"CMP1","4","20885","White Fleet Operating, LLC","FIXED","Y","00050","TERMIN","N","1955-01-01","","","37","28.978445","-91.472074"
"CMP2","5","20885","White Fleet Operating, LLC","FIXED","Y","00050","TERMIN","N","1970-01-01","2023-05-27","53.4","37","28.978444","-91.473481"
"FIRE STA","6","20885","White Fleet Operating, LLC","FIXED","N","00050","TERMIN","N","1955-01-01","2022-12-12","67.9","37","28.978994","-91.473482"
"SC","7","20885","White Fleet Operating, LLC","FIXED","N","00050","TERMIN","N","1990-01-01","2023-05-31","33.4","37","28.978752","-91.473003"
"C","1","21206","White Fleet Operating, LLC","FIXED","Y","G01524","TERMIN","N","1970-01-01","","","110","28.505567","-90.970183"
"C","1","21301","White Fleet Operating, LLC","FIXED","Y","G02103","RELINQ","N","1972-01-01","","","152","28.474792","-91.364842"
"D","1","21303","White Fleet Operating, LLC","FIXED","Y","G02103","RELINQ","N","1972-01-01","","","155","28.483668","-91.349733"
"A","1","21304","White Fleet Operating, LLC","FIXED","Y","G01959","RELINQ","N","1970-01-01","","","158","28.464936","-91.390146"
"B","2","21304","White Fleet Operating, LLC","FIXED","Y","G01959","RELINQ","N","1971-01-01","","","158","28.464936","-91.390457"
"C","1","21444","White Fleet Operating, LLC","FIXED","Y","G01220","TERMIN","N","1970-01-01","2026-06-07","56.4","83","28.813892","-91.738996"
"C-QRT","2","21444","White Fleet Operating, LLC","FIXED","N","G01220","TERMIN","N","1971-01-01","2023-10-22","52.8","83","28.813515","-91.738994"
"B","1","21452","White Fleet Operating, LLC","FIXED","Y","G01220","TERMIN","N","1964-01-01","","","80","28.832456","-91.730164"
"A","1","21566","White Fleet Operating, LLC","FIXED","Y","G00985","RELINQ","N","1964-01-01","","","170","28.453565","-91.456432"
"B","1","21567","White Fleet Operating, LLC","FIXED","Y","G00985","RELINQ","N","1966-01-01","","","170","28.459091","-91.464851"
"C","1","21568","White Fleet Operating, LLC","FIXED","Y","G00985","RELINQ","N","1968-01-01","","","160","28.477573","-91.440893"
"A-WELLS","2","21767","White Fleet Operating, LLC","WP","N","G02319","TERMIN","N","1973-01-01","1992-03-14","19.2","285","28.17952517","-91.48309795"
"A","1","21767","White Fleet Operating, LLC","FIXED","Y","G02319","TERMIN","N","1973-01-01","1999-06-10","26.4","285","28.179525","-91.483098"
"A","1","21962","White Fleet Operating, LLC","FIXED","Y","G02910","TERMIN","N","1976-01-01","","","262","28.22304","-91.537403"
"B-25","8","21988","White Fleet Operating, LLC","CAIS","N","G02925","TERMIN","N","1993-01-01","2023-05-28","30.4","30","28.94819914","-90.72356612"
"A","1","21988","White Fleet Operating, LLC","FIXED","Y","G02925","TERMIN","N","1976-01-01","2023-06-19","47.5","30","28.947627","-90.724048"
"1A","2","21988","White Fleet Operating, LLC","CAIS","N","G02925","TERMIN","N","1976-01-01","2011-08-07","35.6","30","28.947928","-90.72389"
"4","3","21988","White Fleet Operating, LLC","CAIS","N","G02925","TERMIN","N","1977-01-01","2023-05-29","46.4","30","28.947956","-90.723883"
"B","4","21988","White Fleet Operating, LLC","FIXED","Y","G02925","TERMIN","N","1979-01-01","","","30","28.947982","-90.723508"
"LQ","5","21988","White Fleet Operating, LLC","FIXED","N","G02925","TERMIN","N","1979-01-01","2023-05-21","44.4","30","28.947843","-90.723265"
"10","6","21988","White Fleet Operating, LLC","CAIS","N","G02925","TERMIN","N","1979-01-01","2023-05-27","44.4","30","28.948191","-90.723554"
"B-AUX","7","21988","White Fleet Operating, LLC","FIXED","Y","G02925","TERMIN","N","1985-01-01","2023-06-12","38.4","30","28.94764","-90.723967"
"F","1","22313","White Fleet Operating, LLC","FIXED","Y","00438","TERMIN","N","1980-01-01","2023-07-25","43.6","83","28.77767","-91.74072"
"JA","1","22428","White Fleet Operating, LLC","FIXED","Y","G03152","TERMIN","N","1980-01-01","","","67","28.910908","-91.74479"
"B","2","22441","White Fleet Operating, LLC","FIXED","Y","G02919","TERMIN","N","1982-01-01","","","35","28.91866537","-90.77403776"
"A","1","22441","White Fleet Operating, LLC","FIXED","Y","G02919","TERMIN","N","1981-01-01","","","35","28.919239","-90.774377"
"A","1","23167","White Fleet Operating, LLC","FIXED","Y","G05551","TERMIN","N","1985-01-01","","","85","28.5989704","-91.20642684"
"C","1","23289","White Fleet Operating, LLC","FIXED","Y","G02319","TERMIN","N","1986-01-01","","","287","28.184442","-91.506652"
"A","1","23942","White Fleet Operating, LLC","FIXED","Y","","","","1991-01-01","2026-06-14","35.4","47","28.911026","-91.46074"
"H","1","23993","White Fleet Operating, LLC","CAIS","Y","G01958","TERMIN","N","1993-02-12","2025-07-11","32.4","145","28.504623","-91.423258"
"A-AUX","2","26018","White Fleet Operating, LLC","FIXED","N","G12941","TERMIN","N","1997-01-01","","","50","28.75067962","-91.23938723"
"A","1","26018","White Fleet Operating, LLC","MOPU","Y","G12941","TERMIN","N","1993-03-21","","","50","28.750669","-91.239418"
"A","1","20066","White Fleet Operating, LLC","FIXED","N","G01198","TERMIN","N","1962-01-01","2011-05-08","49.3","128","28.644486","-91.948401"
"D","2","20066","White Fleet Operating, LLC","FIXED","Y","G01198","TERMIN","N","1977-01-01","","","128","28.64419","-91.948172"
"C-Aux-ROW","2","20067","White Fleet Operating, LLC","FIXED","N","G01198","TERMIN","N","1967-01-01","2009-05-08","42.3","129","28.64706783","-91.93674045"
"C","1","20067","White Fleet Operating, LLC","FIXED","Y","G01198","TERMIN","N","1967-01-01","","","129","28.64671","-91.937446"
"CF","1","20507","White Fleet Operating, LLC","FIXED","Y","G01440","TERMIN","N","1969-01-01","","","35","29.588333","-92.899719"
"A","1","20706","White Fleet Operating, LLC","FIXED","Y","G01181","TERMIN","N","1969-01-01","","","65","28.973223","-91.961746"
"A-DRL","1","20734","White Fleet Operating, LLC","FIXED","Y","G01955","EXPIR","N","1971-01-01","","","165","28.51245403","-92.45182498"
"A-PRD","2","20734","White Fleet Operating, LLC","FIXED","Y","G01955","EXPIR","N","1972-01-01","","","165","28.51162919","-92.45181587"
"E","1","21459","White Fleet Operating, LLC","FIXED","Y","00786","EXPIR","N","1969-01-01","","","98","28.770067","-91.890446"
"C","1","21843","White Fleet Operating, LLC","FIXED","Y","G02600","TERMIN","N","1975-01-01","","","30","29.085762","-91.873676"
"D","1","21880","White Fleet Operating, LLC","FIXED","Y","","","","1976-01-01","2025-11-05","49.8","32","29.10084768","-91.86851277"
"E","1","22040","White Fleet Operating, LLC","FIXED","Y","G02600","TERMIN","N","1977-01-01","","","43","29.065775","-91.872364"
"A","1","22107","White Fleet Operating, LLC","FIXED","Y","G03328","TERMIN","N","1979-01-01","","","153","28.533561","-92.592241"
"A-AUX","2","22107","White Fleet Operating, LLC","FIXED","Y","G03328","TERMIN","N","1979-01-01","2023-07-31","44.6","153","28.533937","-92.592679"
"A","1","22355","White Fleet Operating, LLC","FIXED","Y","G02580","TERMIN","N","1980-01-01","","","340","28.06001","-92.271206"
"B","1","23142","White Fleet Operating, LLC","FIXED","Y","G00974","TERMIN","N","1985-01-01","2022-10-06","37.8","174","28.428907","-92.87816"
"C","1","23336","White Fleet Operating, LLC","FIXED","Y","G00974","TERMIN","N","1989-01-01","2022-11-08","33.9","177","28.400153","-92.885666"
"1","1","10042","White Fleet Operating, LLC","CAIS","N","G01848","TERMIN","N","1968-01-01","","","40","29.244801","-93.792391"
"A","1","10058","White Fleet Operating, LLC","FIXED","Y","G02393","TERMIN","N","1975-01-01","","","327","27.925918","-93.944508"
"B","1","10066","White Fleet Operating, LLC","FIXED","Y","G02393","TERMIN","N","1975-01-01","","","336","27.90341","-93.958929"
"5","1","10070","White Fleet Operating, LLC","FIXED","N","G01848","TERMIN","N","1976-01-01","","","49","29.27174134","-93.78466137"
"CPF","2","10070","White Fleet Operating, LLC","FIXED","Y","G01848","TERMIN","N","1976-01-01","","","49","29.27174122","-93.78465823"
"A","1","10082","White Fleet Operating, LLC","FIXED","Y","G03236","TERMIN","N","1976-01-01","","","54","29.180518","-94.521214"
"A","1","10135","White Fleet Operating, LLC","FIXED","Y","G02433","TERMIN","N","1979-10-31","","","314","28.001381","-93.525042"
"D","1","10140","White Fleet Operating, LLC","FIXED","Y","G02721","TERMIN","N","1980-01-01","","","395","27.867269","-93.991029"
"CF","2","10140","White Fleet Operating, LLC","FIXED","N","G02721","TERMIN","N","1983-01-01","","","395","27.866694","-93.991113"
"A","1","10175","White Fleet Operating, LLC","FIXED","Y","G02754","TERMIN","N","1981-01-01","","","328","27.961968","-93.67089"
"A-PROCESS","1","10223","White Fleet Operating, LLC","FIXED","Y","G17182","RELINQ","N","1982-09-20","","","182","28.26514945","-94.07738521"
"E","1","10265","White Fleet Operating, LLC","FIXED","Y","G02722","TERMIN","N","1985-01-01","","","348","27.886119","-93.984389"
"F","1","10300","White Fleet Operating, LLC","FIXED","Y","G02757","TERMIN","N","1986-01-01","","","345","27.913191","-93.9351"
"A","1","10464","White Fleet Operating, LLC","FIXED","Y","G06069","TERMIN","N","1988-01-01","","","70","28.396653","-95.861906"
"A-AUX1","2","21142","White Fleet Operating, LLC","FIXED","Y","00081","TERMIN","N","1958-01-01","","","40","29.51829","-93.284043"
"A","1","21142","White Fleet Operating, LLC","FIXED","Y","00081","TERMIN","N","1955-01-01","","","40","29.518285","-93.284358"
"H","3","21142","White Fleet Operating, LLC","FIXED","N","00081","TERMIN","N","2006-12-01","","","40","29.51904121","-93.28400419"
"G","1","21700","White Fleet Operating, LLC","FIXED","Y","00247","TERMIN","N","1973-01-01","","","42","29.55915936","-93.14566008"
"H","2","21700","White Fleet Operating, LLC","FIXED","N","00247","TERMIN","N","1984-01-01","","","42","29.559392","-93.145696"
"G-AUX","3","21700","White Fleet Operating, LLC","FIXED","Y","00247","TERMIN","N","1990-01-01","","","42","29.55898","-93.145858"
"A","1","21714","White Fleet Operating, LLC","FIXED","Y","G02015","TERMIN","N","1973-01-01","","","192","28.258487","-93.371036"
"A","1","21755","White Fleet Operating, LLC","FIXED","Y","G01860","TERMIN","N","1976-01-01","","","31","29.652047","-93.121848"
"B","1","21997","White Fleet Operating, LLC","FIXED","Y","G02826","RELINQ","N","1976-01-01","","","31","29.646302","-93.142043"
"JA","1","22021","White Fleet Operating, LLC","FIXED","Y","G02825","RELINQ","N","1977-01-01","","","35","29.627548","-93.172415"
"JA-AUX","2","22021","White Fleet Operating, LLC","FIXED","N","G02825","RELINQ","N","2003-04-22","","","35","29.62776427","-93.17214134"
"E","1","22286","White Fleet Operating, LLC","FIXED","Y","G02826","RELINQ","N","1979-01-01","","","36","29.616882","-93.150945"
"A","1","10191","White Fleet Operating, LLC","FIXED","Y","G03068","TERMIN","N","1981-01-01","2019-09-07","38.7","304","27.638299","-96.234759"
"C-QRT","2","10225","White Fleet Operating, LLC","FIXED","Y","G05000","TERMIN","N","1985-01-01","2020-11-11","35.9","87","28.10143841","-96.38139389"
"C","1","10225","White Fleet Operating, LLC","FIXED","Y","G05000","TERMIN","N","1983-01-01","","","87","28.101776","-96.381066"
"C-PRD","3","10225","White Fleet Operating, LLC","FIXED","Y","G05000","TERMIN","N","1985-01-01","2020-12-15","36","87","28.10238828","-96.38129545"
"C-COMPRESS0R","4","10225","White Fleet Operating, LLC","FIXED","N","G05000","TERMIN","N","2001-12-27","2020-12-06","18.9","87","28.10283923","-96.38142366"
"A","1","10310","White Fleet Operating, LLC","FIXED","Y","G33388","TERMIN","N","1987-01-01","","","156","26.832681","-96.939898"
"JA","1","10345","White Fleet Operating, LLC","FIXED","Y","G05953","TERMIN","N","1989-01-01","","","155","26.8421376","-96.98003924"
"I","1","26030","White Fleet Operating, LLC","FIXED","Y","G01959","RELINQ","N","1993-01-01","2025-07-24","32.6","150","28.47741","-91.415181"
"F","1","24159","White Fleet Operating, LLC","FIXED","Y","G12360","RELINQ","N","1993-12-07","","","213","28.880468","-89.663137"
"JE","1","26052","White Fleet Operating, LLC","FIXED","N","","","","1993-11-20","","","71","28.744086","-91.420392"
"B","1","10597","White Fleet Operating, LLC","FIXED","Y","G02754","TERMIN","N","1994-01-01","","","341","27.933598","-93.669386"
"J","1","26083","White Fleet Operating, LLC","FIXED","Y","G01959","RELINQ","N","1994-12-05","2025-08-01","30.7","152","28.48637201","-91.3989431"
"D","1","10391","White Fleet Operating, LLC","FIXED","N","G05000","TERMIN","N","1995-01-01","","","86","28.10214157","-96.36986722"
"D","1","24216","White Fleet Operating, LLC","FIXED","Y","G07799","TERMIN","N","1995-03-19","","","390","28.72001853","-89.43078669"
"E","1","32026","White Fleet Operating, LLC","FIXED","Y","G01522","TERMIN","N","1995-06-24","","","100","28.55044303","-91.00018995"
"A","1","28036","White Fleet Operating, LLC","FIXED","N","G14188","RELINQ","N","1996-02-14","","","183","28.29094093","-94.08953005"
"G","1","27066","White Fleet Operating, LLC","CAIS","N","G14456","RELINQ","N","1996-04-03","","","44","29.07364429","-91.89925014"
"A","1","80002","White Fleet Operating, LLC","FIXED","N","G15288","TERMIN","N","1997-01-02","","","80","28.59330114","-91.0697027"
"B","1","50010","White Fleet Operating, LLC","FIXED","Y","G03520","TERMIN","N","1998-03-13","","","159","28.45387506","-93.47170393"
"B-AUX","2","50010","White Fleet Operating, LLC","FIXED","Y","G03520","TERMIN","N","1998-03-13","","","159","28.45313676","-93.47144876"
"A","1","80015","White Fleet Operating, LLC","FIXED","Y","G15312","TERMIN","N","1997-09-17","2025-12-12","28.2","464","28.08399206","-90.81930423"
"JA","1","209","White Fleet Operating, LLC","FIXED","N","G17199","TERMIN","N","1998-07-11","","","235","28.05664117","-94.02297862"
"A (Spirit)","1","70016","White Fleet Operating, LLC","FIXED","Y","G06884","TERMIN","N","1998-07-03","","","722","29.23724893","-88.10836682"
"A","1","410","White Fleet Operating, LLC","FIXED","Y","G13645","TERMIN","N","1999-07-22","","","269","28.75091405","-89.71540328"
"B","1","463","White Fleet Operating, LLC","FIXED","Y","G02433","TERMIN","N","1999-08-28","","","342","27.97170418","-93.51782321"
"A","1","900","White Fleet Operating, LLC","FIXED","N","G15395","TERMIN","N","2001-05-19","","","231","29.28452837","-88.44334494"
"H","1","952","White Fleet Operating, LLC","FIXED","Y","G14456","RELINQ","N","2002-03-07","","","42","29.08340423","-91.89156028"
"G","1","1013","White Fleet Operating, LLC","FIXED","N","G05612","TERMIN","N","2001-08-17","","","165","28.45372522","-90.38341283"
"I","1","1069","White Fleet Operating, LLC","CAIS","N","G14456","RELINQ","N","2002-07-08","","","44","29.07917263","-91.88686639"
"A","1","1153","White Fleet Operating, LLC","FIXED","N","G17754","TERMIN","N","2002-10-14","","","32","29.65965057","-93.66732611"
"B","1","1216","White Fleet Operating, LLC","CAIS","N","G20660","TERMIN","N","2003-02-11","","","55","29.09359814","-94.38575542"
"17","1","1337","White Fleet Operating, LLC","CAIS","N","G01848","TERMIN","N","2003-11-17","","","51","29.24273559","-93.80873435"
"G","1","1332","White Fleet Operating, LLC","CAIS","N","G01870","RELINQ","N","2004-01-21","","","60","28.98149476","-90.18946797"
"A","1","1447","White Fleet Operating, LLC","FIXED","Y","G19799","TERMIN","N","2004-06-02","2026-06-29","22.1","360","28.10809786","-91.47939934"
"A","1","1544","White Fleet Operating, LLC","FIXED","Y","","","","2004-07-27","","","36","29.62733227","-93.30321668"
"A-Aux","2","1544","White Fleet Operating, LLC","FIXED","N","","","","2007-12-21","","","36","29.6274804","-93.30287647"
"A","1","1748","White Fleet Operating, LLC","CAIS","N","G24730","TERMIN","N","2005-08-11","","","49","29.31747051","-93.70118847"
"D","1","1762","White Fleet Operating, LLC","FIXED","N","G15263","TERMIN","N","2006-03-07","","","280","28.2145257","-91.82481316"
"B","1","1812","White Fleet Operating, LLC","FIXED","Y","G25605","RELINQ","N","2006-04-24","","","242","28.09530821","-93.86948936"
"C","1","1917","White Fleet Operating, LLC","FIXED","Y","G02429","TERMIN","N","2007-02-19","","","284","28.04333667","-93.49524099"
"C","1","2245","White Fleet Operating, LLC","FIXED","N","G02754","TERMIN","N","2009-06-04","","","332","27.96213302","-93.644578"
"A","1","2343","White Fleet Operating, LLC","FIXED","N","G32268","TERMIN","N","2010-02-26","","","128","29.71974488","-88.38333547"
"H","1","2534","White Fleet Operating, LLC","CAIS","N","G01870","RELINQ","N","2013-09-09","","","60","28.9845536","-90.17957538"
"A-9","1","23476","Fieldwood Energy SP LLC","FIXED","N","G05062","TERMIN","N","1985-01-01","2011-10-05","26.8","55","30.118042","-88.446904"
"AA","1","23477","Fieldwood Energy SP LLC","FIXED","Y","G05062","TERMIN","N","1985-01-01","1996-10-23","11.8","56","30.118874","-88.442477"
"2","1","23478","Fieldwood Energy SP LLC","CAIS","N","G05062","TERMIN","N","1985-01-01","1996-11-03","11.8","49","30.117816","-88.436126"
"3","1","23479","Fieldwood Energy SP LLC","CAIS","N","G05062","TERMIN","N","1985-01-01","1996-10-29","11.8","56","30.111092","-88.451114"
"4","1","23480","Fieldwood Energy SP LLC","CAIS","N","G05062","TERMIN","N","1985-01-01","1996-11-11","11.9","56","30.113494","-88.442269"
"5","1","23481","Fieldwood Energy SP LLC","CAIS","N","G05062","TERMIN","N","1985-01-01","1996-10-31","11.8","55","30.115839","-88.451344"
"6","1","23482","Fieldwood Energy SP LLC","CAIS","N","G05062","TERMIN","N","1985-01-01","1996-11-11","11.9","55","30.11613812","-88.43011291"
"7","1","23483","Fieldwood Energy SP LLC","CAIS","N","G05062","TERMIN","N","1985-01-01","1996-10-25","11.8","56","30.114716","-88.446722"
"AB","1","23864","Fieldwood Energy SP LLC","FIXED","Y","G05062","TERMIN","N","1991-01-01","2012-11-25","21.9","56","30.115739","-88.441951"
"JA15","1","20853","Fieldwood Energy SP LLC","CAIS","N","00796","TERMIN","N","1961-01-01","2005-04-15","44.3","23","29.068","-91.448704"
"7","1","20860","Fieldwood Energy SP LLC","CAIS","N","00796","TERMIN","N","1960-01-01","2005-04-15","45.3","23","29.063181","-91.444204"
"4","1","20861","Fieldwood Energy SP LLC","CAIS","N","00796","TERMIN","N","1960-01-01","2005-04-15","45.3","23","29.059551","-91.4442"
"B","1","23926","Fieldwood Energy SP LLC","WP","N","00818","TERMIN","N","1990-01-01","2009-09-05","19.7","80","28.639291","-90.938309"
"28","1","26032","Fieldwood Energy SP LLC","CAIS","N","00796","TERMIN","N","1993-07-09","2009-08-01","16.1","23","29.07037287","-91.47189078"
"36","1","26038","Fieldwood Energy SP LLC","CAIS","N","00796","TERMIN","N","1993-10-09","2007-08-13","13.8","23","29.05739","-91.449665"
"4","1","22634","Fieldwood Energy SP LLC","CAIS","N","G02870","TERMIN","N","1982-01-01","2007-09-16","25.7","45","29.343572","-92.57286"
"A","1","10420","Fieldwood Energy SP LLC","FIXED","Y","G06158","TERMIN","N","1988-01-01","2008-08-04","20.6","49","29.260368","-94.063899"
"1","1","10533","Fieldwood Energy SP LLC","CAIS","N","G09021","TERMIN","N","1991-01-01","2004-12-06","13.9","70","28.452438","-95.774327"
"5","1","20526","Fieldwood Energy SP LLC","FIXED","N","G00911","TERMIN","N","1966-01-01","1995-11-15","29.9","93","28.789591","-93.026069"
"5","2","20526","Fieldwood Energy SP LLC","WP","N","G00911","TERMIN","N","1966-01-01","1995-11-15","29.9","93","28.789587","-93.026381"
"A","1","21865","Fieldwood Energy SP LLC","WP","N","G00911","TERMIN","N","1975-01-01","2008-07-17","33.5","93","28.794179","-93.021339"
"B-AUX","2","22027","Fieldwood Energy SP LLC","FIXED","Y","G00911","TERMIN","N","1978-01-01","2009-06-05","31.4","96","28.800179","-93.025185"
"B","1","22027","Fieldwood Energy SP LLC","FIXED","Y","G00911","TERMIN","N","1977-01-01","2009-06-05","32.4","96","28.799904","-93.025181"
"C","1","22135","Fieldwood Energy SP LLC","FIXED","Y","G00911","TERMIN","N","1978-01-01","2005-06-24","27.5","93","28.786373","-93.04542503"
"1","1","22787","Fieldwood Energy SP LLC","FIXED","N","G03382","RELINQ","N","1983-01-01","2005-05-23","22.4","90","28.803038","-93.018524"
"A","1","29034","Fieldwood Energy SP LLC","FIXED","Y","G10572","TERMIN","N","1995-08-27","2007-08-30","12","51","29.2364945","-93.63337769"
"A","1","27052","Fieldwood Energy SP LLC","FIXED","Y","G11885","TERMIN","N","1995-11-24","2009-09-19","13.8","195","28.3676053","-92.42089838"
"A","1","24215","Fieldwood Energy SP LLC","FIXED","N","G10921","TERMIN","N","1995-01-01","2004-12-03","9.9","60","30.16927208","-88.29055277"
"A-1","1","70011","Fieldwood Energy SP LLC","CAIS","N","G10920","TERMIN","N","1996-12-24","2008-06-23","11.5","50","30.170075","-88.34907191"
"1","1","136","Fieldwood Energy SP LLC","CAIS","N","G25893","EXPIR","N","1998-04-16","2007-09-04","9.4","52","29.2152291","-93.57040783"
"CAIS.#1","1","299","Fieldwood Energy SP LLC","CAIS","N","G06390","TERMIN","N","1998-11-24","2015-08-29","16.8","58","30.10452093","-87.7576332"
"CAIS.#1","1","298","Fieldwood Energy SP LLC","CAIS","N","G06845","RELINQ","N","1998-12-08","2005-03-25","6.3","40","30.16343724","-87.82590834"
"A","1","409","Fieldwood Energy SP LLC","CAIS","Y","G18938","RELINQ","N","1999-06-22","2007-10-07","8.3","51","29.28227349","-93.98706662"
"B","1","568","Fieldwood Energy SP LLC","FIXED","N","G06158","TERMIN","N","1999-11-04","2007-09-30","7.9","48","29.27376409","-94.03487261"
"A","1","668","Fieldwood Energy SP LLC","FIXED","N","G21095","TERMIN","N","2000-06-12","2010-09-10","10.2","201","28.33997751","-92.40571648"
"A","1","969","Fieldwood Energy SP LLC","FIXED","N","G21619","EXPIR","N","2001-07-23","2005-06-08","3.9","178","28.47173565","-91.94277131"
"A","1","1029","Fieldwood Energy SP LLC","FIXED","N","G18946","TERMIN","N","2001-12-05","2007-08-19","5.7","127","28.54446537","-93.93851006"
"3","1","2292","Fieldwood Energy SP LLC","CAIS","N","G05549","TERMIN","N","1984-04-16","2009-08-27","25.4","54","28.66976147","-90.87684407"
"A (Shenandoah)","1","2715","BOE Exploration & Production LLC","SEMI","N","G25232","UNIT","S","2025-05-06","","","5840","26.8933138","-91.53565848"
"A","1","22771","DANOS, L.L.C.","FIXED","Y","G02893","RELINQ","N","1982-01-01","","","17","29.355288","-91.779683"
"A-AUX","2","22771","DANOS, L.L.C.","CAIS","N","G02893","RELINQ","N","2003-05-22","2025-11-21","22.5","17","29.35525767","-91.77986754"
"CAIS.B","1","1079","DANOS, L.L.C.","CAIS","N","G02893","RELINQ","N","2002-02-19","2025-11-18","23.7","17","29.36429303","-91.78899884"
"C","1","1178","DANOS, L.L.C.","CAIS","N","G02893","RELINQ","N","2003-02-05","2025-11-11","22.8","17","29.35728029","-91.78587562"
"A","1","80021","Cairn Energy USA, LLC","WP","Y","G14506","TERMIN","N","1997-05-07","2004-06-20","7.1","156","28.35977681","-90.82269213"
"1","1","4","Cairn Energy USA, LLC","CAIS","Y","G15072","RELINQ","N","1997-08-26","2003-06-29","5.8","76","28.95391594","-93.0145994"
"A","1","20516","Targa Midstream Services LLC","FIXED","Y","","","","1969-01-01","2007-05-31","38.4","65","29.136698","-93.290333"
"A","1","22741","EPL Oil & Gas, LLC","FIXED","Y","G04464","TERMIN","N","1983-01-01","2019-06-13","36.4","131","28.457399","-90.582816"
"21","1","20770","EPL Oil & Gas, LLC","CAIS","N","00814","RELINQ","N","1962-01-01","2012-07-14","50.5","22","28.844095","-91.125508"
"A","1","23928","EPL Oil & Gas, LLC","FIXED","Y","G10744","TERMIN","N","1990-01-01","2012-11-20","22.9","165","28.450058","-91.400926"
"N","1","20508","EPL Oil & Gas, LLC","FIXED","N","00205","TERMIN","N","1957-01-01","2015-12-09","58.9","39","29.448758","-92.529459"
"N-3","2","20508","EPL Oil & Gas, LLC","CAIS","N","00205","TERMIN","N","1977-01-01","2015-07-03","38.5","39","29.45162838","-92.5198529"
"1","2","20523","EPL Oil & Gas, LLC","CAIS","N","00206","TERMIN","N","1974-01-01","2014-12-15","41","39","29.414876","-92.544963"
"3","3","20523","EPL Oil & Gas, LLC","CAIS","N","00206","TERMIN","N","1976-01-01","2007-07-10","31.5","39","29.414981","-92.544883"
"D","1","20523","EPL Oil & Gas, LLC","FIXED","N","00206","TERMIN","N","1956-01-01","2015-08-23","59.6","39","29.414447","-92.544971"
"A","1","21732","EPL Oil & Gas, LLC","FIXED","Y","G02087","TERMIN","N","1972-01-01","2009-09-11","37.7","210","28.287955","-92.561139"
"B","1","21733","EPL Oil & Gas, LLC","FIXED","Y","G02087","TERMIN","N","1974-01-01","1995-09-06","21.7","210","28.281994","-92.540978"
"5","1","21857","EPL Oil & Gas, LLC","CAIS","N","00205","TERMIN","N","1974-01-01","2015-03-16","41.2","38","29.451625","-92.520158"
"9","2","21857","EPL Oil & Gas, LLC","CAIS","N","00205","TERMIN","N","1979-01-01","2015-03-15","36.2","38","29.451668","-92.51974"
"F","1","22149","EPL Oil & Gas, LLC","WP","N","00205","TERMIN","N","1978-01-01","2015-07-22","37.6","38","29.44086814","-92.52698616"
"H","1","22287","EPL Oil & Gas, LLC","FIXED","N","00205","TERMIN","N","1979-01-01","2016-09-27","37.7","38","29.451892","-92.490408"
"H-AUX","2","22287","EPL Oil & Gas, LLC","FIXED","N","00205","TERMIN","N","1979-01-01","2016-09-27","37.7","38","29.451887","-92.490295"
"9","2","22472","EPL Oil & Gas, LLC","CAIS","N","00206","TERMIN","N","1996-01-01","2015-03-19","19.2","40","29.44175228","-92.5668878"
"4","1","22472","EPL Oil & Gas, LLC","CAIS","N","00206","TERMIN","N","1981-01-01","2015-03-17","34.2","40","29.44175228","-92.56688788"
"4","1","22806","EPL Oil & Gas, LLC","CAIS","N","G04785","TERMIN","N","1983-01-01","2015-09-25","32.7","12","29.475073","-92.185303"
"5","1","22881","EPL Oil & Gas, LLC","CAIS","N","G04785","TERMIN","N","1984-01-01","2015-03-25","31.2","13","29.470413","-92.183062"
"6","1","22925","EPL Oil & Gas, LLC","CAIS","N","G04785","TERMIN","N","1984-01-01","2015-03-30","31.2","13","29.471281","-92.176306"
"133","1","23118","EPL Oil & Gas, LLC","CAIS","N","00310","UNIT","S","1985-01-01","2014-11-06","29.8","23","29.334093","-91.896086"
"I","1","23178","EPL Oil & Gas, LLC","FIXED","N","00206","TERMIN","N","1985-01-01","2019-08-21","34.6","27","29.443307","-92.546438"
"A","1","23329","EPL Oil & Gas, LLC","FIXED","N","G21065","EXPIR","N","1990-01-01","2012-09-27","22.7","68","29.174362","-92.620978"
"A","1","10059","EPL Oil & Gas, LLC","FIXED","Y","G02418","TERMIN","N","1976-01-01","2001-10-23","25.8","227","28.136131","-93.564662"
"A","1","10520","EPL Oil & Gas, LLC","FIXED","N","G09010","TERMIN","N","1990-01-01","2015-07-17","25.5","64","28.64264222","-95.43585963"
"A","1","10521","EPL Oil & Gas, LLC","FIXED","Y","G07215","TERMIN","N","1990-01-01","2015-07-28","25.6","56","28.666721","-95.394782"
"A-Aux","2","10521","EPL Oil & Gas, LLC","FIXED","N","G07215","TERMIN","N","2010-03-20","2015-07-28","5.4","56","28.66654133","-95.39486637"
"A","1","29017","EPL Oil & Gas, LLC","FIXED","Y","G12757","TERMIN","N","1994-09-12","2009-08-21","14.9","41","29.54406743","-93.30547678"
"3","1","28003","EPL Oil & Gas, LLC","CAIS","N","G09010","TERMIN","N","1994-01-01","2015-08-03","21.6","62","28.64829818","-95.43723598"
"HB","1","24221","EPL Oil & Gas, LLC","FIXED","Y","00839","PROD","S","1995-05-07","2004-09-09","9.3","172","28.89553998","-89.77245549"
"B","1","1585","EPL Oil & Gas, LLC","CAIS","N","G24955","TERMIN","N","2004-10-24","2011-08-26","6.8","69","28.89629645","-90.27097808"
"TEMP.CAIS.#192","1","90011","EPL Oil & Gas, LLC","CAIS","N","00310","UNIT","S","2000-02-02","2014-11-04","14.8","23","29.29537267","-91.85975216"
"A","1","43","EPL Oil & Gas, LLC","FIXED","N","G08765","TERMIN","N","1997-08-12","2015-08-28","18","99","29.90306733","-88.48482568"
"B","1","255","EPL Oil & Gas, LLC","FIXED","N","G13934","TERMIN","N","1998-11-08","2009-10-08","10.9","50","28.89189244","-90.61826046"
"C","1","305","EPL Oil & Gas, LLC","FIXED","N","G02087","TERMIN","N","1998-11-25","2009-06-17","10.6","207","28.28991286","-92.54125559"
"CAIS.#7","1","399","EPL Oil & Gas, LLC","CAIS","N","00253","TERMIN","N","1999-03-17","1999-04-07","0.1","40","29.44554988","-93.41956257"
"#6","1","398","EPL Oil & Gas, LLC","CAIS","N","00253","TERMIN","N","1999-06-01","2004-10-17","5.4","40","29.431505","-93.42065913"
"C","1","606","EPL Oil & Gas, LLC","FIXED","N","G01569","TERMIN","N","2000-01-12","2015-09-01","15.6","181","28.48349635","-90.21549012"
"B","1","605","EPL Oil & Gas, LLC","CAIS","Y","","","","2000-03-25","2015-08-10","15.4","50","29.22174656","-94.45366001"
"A","1","740","EPL Oil & Gas, LLC","FIXED","Y","G15769","TERMIN","N","2000-12-07","2016-09-12","15.8","40","29.46958595","-93.90923728"
"B","1","744","EPL Oil & Gas, LLC","FIXED","Y","G02418","TERMIN","N","2000-06-26","2008-11-01","8.4","219","28.14628203","-93.57194148"
"A","1","798","EPL Oil & Gas, LLC","CAIS","N","G15141","TERMIN","N","2000-09-12","2015-09-08","15","85","28.94854576","-92.72437883"
"B","1","810","EPL Oil & Gas, LLC","FIXED","Y","G15147","TERMIN","N","2000-12-12","2009-07-03","8.6","167","28.43456753","-92.9731647"
"A","1","883","EPL Oil & Gas, LLC","CAIS","Y","G22231","TERMIN","N","2001-02-17","2008-01-28","6.9","31","29.39599344","-93.96296359"
"25","1","947","EPL Oil & Gas, LLC","CAIS","N","G02868","RELINQ","N","2001-06-02","2012-10-06","11.3","12","29.45435119","-92.16091778"
"B","1","998","EPL Oil & Gas, LLC","FIXED","N","G02846","TERMIN","N","2001-08-07","2009-06-20","7.9","95","28.7165962","-93.28309881"
"A","1","1025","EPL Oil & Gas, LLC","FIXED","Y","G16244","TERMIN","N","2001-08-28","2009-07-10","7.9","100","28.7753867","-92.75831961"
"2","1","1136","EPL Oil & Gas, LLC","CAIS","N","G22231","TERMIN","N","2002-12-18","2008-01-28","5.1","34","29.39473006","-93.92243152"
"J","1","1154","EPL Oil & Gas, LLC","FIXED","Y","G21111","TERMIN","N","2002-08-14","2014-10-12","12.2","156","28.52935671","-91.76452091"
"A","1","1196","EPL Oil & Gas, LLC","FIXED","N","G18957","TERMIN","N","2002-11-17","2010-02-07","7.2","216","28.04921707","-94.3716553"
"CAIS.#1","1","1226","EPL Oil & Gas, LLC","CAIS","N","G23752","EXPIR","N","2003-03-25","2006-06-30","3.3","58","29.22856489","-93.38312089"
"A","1","1228","EPL Oil & Gas, LLC","FIXED","N","G23853","TERMIN","N","2003-06-26","2015-06-28","12","18","29.31623063","-91.78302989"
"B","1","1326","EPL Oil & Gas, LLC","CAIS","N","G15769","TERMIN","N","2003-09-24","2014-09-30","11","38","29.45934218","-93.88991494"
"2","1","1431","EPL Oil & Gas, LLC","CAIS","N","G19730","TERMIN","N","2004-01-28","2009-06-19","5.4","49","29.4501656","-92.91905368"
"B","1","1481","EPL Oil & Gas, LLC","CAIS","N","G04734","TERMIN","N","2004-12-18","2009-06-07","4.5","60","29.12445499","-94.04549418"
"B","1","1699","EPL Oil & Gas, LLC","FIXED","Y","G21305","TERMIN","N","2005-06-16","2008-04-08","2.8","107","28.07770332","-96.20001229"
"1","1","1714","EPL Oil & Gas, LLC","CAIS","N","G25944","TERMIN","N","2005-05-24","2012-09-22","7.3","71","29.14044575","-92.66551801"
"K","1","1774","EPL Oil & Gas, LLC","FIXED","Y","G10744","TERMIN","N","2006-06-01","2012-10-21","6.4","176","28.42161341","-91.41868724"
"5","1","1910","EPL Oil & Gas, LLC","CAIS","N","G21065","EXPIR","N","2006-09-01","2012-09-20","6.1","64","29.1919597","-92.62523279"
"1","1","1909","EPL Oil & Gas, LLC","CAIS","N","G27061","TERMIN","N","2006-11-17","2011-06-01","4.5","62","29.18860401","-92.59432821"
"A","1","1987","EPL Oil & Gas, LLC","CAIS","Y","G24955","TERMIN","N","2007-01-18","2014-10-29","7.8","67","28.90483607","-90.26906936"
"A-AUX","1","2054","EPL Oil & Gas, LLC","FIXED","N","G27793","EXPIR","N","2008-02-01","2011-06-09","3.4","82","29.02644443","-93.08254246"
"A","2","2054","EPL Oil & Gas, LLC","CAIS","Y","G27793","EXPIR","N","2008-02-01","2011-06-09","3.4","82","29.02643236","-93.08241709"
"1","1","2111","EPL Oil & Gas, LLC","CAIS","N","G24714","RELINQ","N","2007-11-04","2008-10-03","0.9","50","29.42463861","-93.03842834"
"1","1","2540","EPL Oil & Gas, LLC","CAIS","N","G33657","TERMIN","N","2014-05-20","2019-06-13","5.1","115","28.72570131","-90.23625569"
"JP","1","958","Williams Field Services - Gulf Coast Company LLC","FIXED","Y","","","","2001-10-20","2018-06-15","16.7","299","29.33079825","-88.10189484"
"B","1","22754","Sabine Oil & Gas Corporation","FIXED","Y","G04493","TERMIN","N","1982-01-01","2003-07-08","21.5","60","29.784988","-88.730744"
"A","1","23257","Sabine Oil & Gas Corporation","FIXED","Y","G05694","TERMIN","N","1985-01-01","2005-06-25","20.5","79","29.57900861","-88.61886173"
"B","1","23259","Sabine Oil & Gas Corporation","FIXED","Y","G05694","TERMIN","N","1985-01-01","1989-07-10","4.5","80","29.578982","-88.618799"
"E","1","20070","Sabine Oil & Gas Corporation","FIXED","Y","G01980","TERMIN","N","1971-01-01","1999-06-06","28.4","222","28.314103","-91.655964"
"C","1","20071","Sabine Oil & Gas Corporation","FIXED","Y","G00997","TERMIN","N","1969-01-01","2003-08-04","34.6","218","28.297471","-91.715942"
"2","1","20542","Sabine Oil & Gas Corporation","CAIS","N","00479","TERMIN","N","1959-01-01","1997-11-05","38.8","21","29.216064","-91.601039"
"A","1","21569","Sabine Oil & Gas Corporation","WP","N","G00986","TERMIN","N","1964-01-01","1984-12-31","21","185","28.4255","-91.61674"
"A","1","21570","Sabine Oil & Gas Corporation","FIXED","Y","G00987","TERMIN","N","1970-01-01","2004-05-21","34.4","191","28.412883","-91.611104"
"A","1","21574","Sabine Oil & Gas Corporation","WP","N","G00991","TERMIN","N","1964-01-01","1984-12-31","21","194","28.4022131","-91.60830408"
"D","1","21576","Sabine Oil & Gas Corporation","FIXED","Y","G01979","TERMIN","N","1970-01-01","2011-09-27","41.7","200","28.375934","-91.708286"
"A","1","21577","Sabine Oil & Gas Corporation","WP","N","G00994","TERMIN","N","1964-01-01","2000-08-07","36.6","215","28.332386","-91.708066"
"A","1","23582","Sabine Oil & Gas Corporation","FIXED","Y","G08700","EXPIR","N","1989-01-01","1993-12-26","5","337","28.126222","-91.413992"
"A","1","23973","Sabine Oil & Gas Corporation","FIXED","Y","G10742","TERMIN","N","1992-02-25","2011-07-17","19.4","137","28.518217","-91.387175"
"A","1","20115","Sabine Oil & Gas Corporation","FIXED","Y","G01137","TERMIN","N","1969-01-01","1978-12-31","10","110","28.779275","-92.537692"
"B","1","20644","Sabine Oil & Gas Corporation","CAIS","N","G10658","TERMIN","N","1990-01-01","2000-08-14","10.6","65","29.180888","-92.60864"
"10","1","20929","Sabine Oil & Gas Corporation","CAIS","N","00297","TERMIN","N","1962-01-01","1996-09-17","34.7","26","29.457729","-92.372129"
"15","1","20948","Sabine Oil & Gas Corporation","CAIS","N","00297","TERMIN","N","1964-01-01","1995-07-16","31.5","25","29.464213","-92.351928"
"17","1","20950","Sabine Oil & Gas Corporation","CAIS","N","00297","TERMIN","N","1964-01-01","1983-12-31","20","25","29.456438","-92.354117"
"13","1","20954","Sabine Oil & Gas Corporation","CAIS","N","00297","TERMIN","N","1964-01-01","1983-12-31","20","25","29.457622","-92.36942"
"3","1","21015","Sabine Oil & Gas Corporation","CAIS","N","00548","TERMIN","N","1970-01-01","1995-08-14","25.6","22","29.452115","-92.351648"
"2","1","21017","Sabine Oil & Gas Corporation","CAIS","N","G01329","TERMIN","N","1964-01-01","1995-08-11","31.6","25","29.474155","-92.346655"
"1","1","21018","Sabine Oil & Gas Corporation","CAIS","N","G01329","TERMIN","N","1963-01-01","1995-07-16","32.5","25","29.463163","-92.345475"
"1","1","21024","Sabine Oil & Gas Corporation","CAIS","N","00297","TERMIN","N","1959-01-01","1995-08-15","36.6","27","29.478907","-92.350952"
"3","1","21026","Sabine Oil & Gas Corporation","CAIS","N","00297","TERMIN","N","1960-01-01","1995-08-11","35.6","25","29.478356","-92.361299"
"2","1","21718","Sabine Oil & Gas Corporation","CAIS","N","00549","TERMIN","N","1962-01-01","1983-12-31","22","30","29.422577","-92.380429"
"4","1","21720","Sabine Oil & Gas Corporation","CAIS","N","00549","TERMIN","N","1963-01-01","1981-12-31","19","30","29.418412","-92.357716"
"9","1","22180","Sabine Oil & Gas Corporation","CAIS","N","00549","TERMIN","N","1978-01-01","1995-07-18","17.5","30","29.427392","-92.362055"
"B (REMOVED)","1","22304","Sabine Oil & Gas Corporation","FIXED","Y","G01217","TERMIN","N","1979-01-01","1998-10-15","19.8","240","28.227775","-91.870708"
"1","1","22346","Sabine Oil & Gas Corporation","CAIS","N","G01357","TERMIN","N","1980-01-01","1984-12-31","5","30","29.452698","-92.4044"
"6","1","22526","Sabine Oil & Gas Corporation","CAIS","N","00548","TERMIN","N","1981-01-01","1987-11-02","6.8","25","29.448147","-92.394206"
"2","1","22618","Sabine Oil & Gas Corporation","CAIS","N","G01357","TERMIN","N","1981-01-01","1990-12-14","9.9","40","29.451728","-92.396569"
"5","1","22621","Sabine Oil & Gas Corporation","CAIS","N","G03393","RELINQ","N","1982-01-01","1999-01-15","17","67","29.148264","-92.616166"
"4","1","22867","Sabine Oil & Gas Corporation","CAIS","N","G03393","RELINQ","N","1983-01-01","1999-01-20","16.1","65","29.151899","-92.605206"
"44","1","23602","Sabine Oil & Gas Corporation","CAIS","N","00297","TERMIN","N","1981-01-01","1988-10-21","7.8","19","29.46282","-92.389019"
"A (REMOVED)","1","24020","Sabine Oil & Gas Corporation","FIXED","Y","G10678","TERMIN","N","1991-10-13","1997-11-25","6.1","182","28.453564","-92.336472"
"A","1","10182","Sabine Oil & Gas Corporation","WP","N","G02733","TERMIN","N","1981-01-01","1991-05-22","10.4","210","28.241517","-93.833597"
"A","1","10204","Sabine Oil & Gas Corporation","FIXED","Y","G03949","TERMIN","N","1982-01-01","2009-10-19","27.8","262","27.99684128","-94.22378078"
"B","1","10206","Sabine Oil & Gas Corporation","FIXED","N","G03242","TERMIN","N","1982-01-01","2006-10-02","24.8","189","28.311107","-94.019739"
"A","1","10264","Sabine Oil & Gas Corporation","FIXED","Y","G06178","TERMIN","N","1985-01-01","2003-09-05","18.7","56","29.061378","-94.26887"
"1","1","10402","Sabine Oil & Gas Corporation","CAIS","N","G06155","EXPIR","N","1986-01-01","2001-02-01","15.1","44","29.322184","-94.005596"
"A","1","10538","Sabine Oil & Gas Corporation","FIXED","Y","G08553","TERMIN","N","1991-01-01","1996-04-27","5.3","96","28.546716","-95.251767"
"A","1","10544","Sabine Oil & Gas Corporation","FIXED","Y","G12465","TERMIN","N","1991-01-01","2011-07-11","20.5","117","28.308274","-95.436377"
"B","1","10549","Sabine Oil & Gas Corporation","FIXED","Y","G03757","TERMIN","N","1989-01-01","2009-10-19","20.8","264","28.005423","-94.178981"
"B","1","20515","Sabine Oil & Gas Corporation","CAIS","N","00761","TERMIN","N","1963-01-01","1977-12-31","15","49","29.372789","-93.149988"
"A","1","21709","Sabine Oil & Gas Corporation","CAIS","N","00761","TERMIN","N","1961-01-01","1977-12-31","17","49","29.373481","-93.139736"
"A","1","22101","Sabine Oil & Gas Corporation","FIXED","Y","G02019","TERMIN","N","1978-01-01","2003-09-14","25.7","221","28.209257","-93.165774"
"A","1","22292","Sabine Oil & Gas Corporation","FIXED","Y","","","","1980-01-01","2015-05-31","35.4","60","29.259734","-93.331207"
"A-P","2","22292","Sabine Oil & Gas Corporation","FIXED","Y","","","","1982-01-01","2011-07-08","29.5","60","29.259504","-93.330935"
"AA-Q","3","22292","Sabine Oil & Gas Corporation","FIXED","N","","","","1982-01-01","2011-07-08","29.5","60","29.259274","-93.330664"
"B","1","22407","Sabine Oil & Gas Corporation","FIXED","Y","G02832","TERMIN","N","1982-01-01","2006-01-18","24","63","29.263756","-93.325014"
"1","1","23100","Sabine Oil & Gas Corporation","FIXED","N","G08607","","","1985-01-01","2005-06-29","20.5","59","29.15369852","-93.35151422"
"3","2","23175","Sabine Oil & Gas Corporation","CAIS","N","G05303","TERMIN","N","1990-01-01","2010-08-03","20.6","59","29.19483356","-93.56239073"
"1","1","23175","Sabine Oil & Gas Corporation","FIXED","Y","G05303","TERMIN","N","1985-01-01","2010-08-03","25.6","59","29.194792","-93.562412"
"4","3","23175","Sabine Oil & Gas Corporation","CAIS","N","G05303","TERMIN","N","1994-05-21","2010-08-03","16.2","59","29.1948337","-93.56239054"
"2","1","23601","Sabine Oil & Gas Corporation","CAIS","N","G07613","TERMIN","N","1985-01-01","2010-07-17","25.5","69","29.191438","-93.569691"
"1","1","23613","Sabine Oil & Gas Corporation","CAIS","N","G07613","TERMIN","N","1985-01-01","2010-06-14","25.4","69","29.187238","-93.582225"
"B","1","23627","Sabine Oil & Gas Corporation","FIXED","Y","G08407","TERMIN","N","1986-01-01","2010-08-03","24.6","60","29.173465","-93.461498"
"4","2","23654","Sabine Oil & Gas Corporation","CAIS","N","G07613","TERMIN","N","1993-01-01","2010-07-20","17.5","69","29.180223","-93.598788"
"3","1","23654","Sabine Oil & Gas Corporation","CAIS","N","G07613","TERMIN","N","1987-01-01","2010-07-20","23.5","69","29.180141","-93.598787"
"A(REMOVED)","1","23712","Sabine Oil & Gas Corporation","FIXED","Y","G06566","TERMIN","N","1989-01-01","1998-05-26","9.4","35","29.65568","-93.536509"
"A-4(REMOVED)","2","23712","Sabine Oil & Gas Corporation","CAIS","N","G06566","TERMIN","N","1989-01-01","1998-04-16","9.3","35","29.65584","-93.536985"
"A-AUX(REMOVED)","3","23712","Sabine Oil & Gas Corporation","FIXED","Y","G06566","TERMIN","N","1989-01-01","1998-04-16","9.3","35","29.65584","-93.536985"
"A","1","23751","Sabine Oil & Gas Corporation","FIXED","Y","G10561","TERMIN","N","1990-01-01","1995-08-28","5.7","65","29.115532","-93.261424"
"A","1","10311","Sabine Oil & Gas Corporation","FIXED","Y","","","","1987-01-01","2011-10-14","24.8","77","28.227788","-96.221141"
"A","1","10342","Sabine Oil & Gas Corporation","FIXED","Y","G06059","TERMIN","N","1989-01-01","2010-12-20","22","186","27.904229","-96.08923"
"2","1","29011","Sabine Oil & Gas Corporation","CAIS","Y","G08407","TERMIN","N","1994-08-17","2010-07-29","15.9","60","29.17837","-93.450946"
"A(CAISSON-MOPU","1","40004","Sabine Oil & Gas Corporation","FIXED","Y","G15806","EXPIR","N","1996-12-10","1997-09-01","0.7","168","28.41435586","-93.58245691"
"C","1","125","Sabine Oil & Gas Corporation","FIXED","Y","G03757","TERMIN","N","1997-12-20","2007-08-15","9.7","280","28.00491773","-94.13604223"
"CAIS.#1","1","178","Sabine Oil & Gas Corporation","FIXED","N","G17958","TERMIN","N","1998-05-05","2012-06-20","14.1","15","29.27937201","-91.63283"
"CAIS.#5","1","759","Sabine Oil & Gas Corporation","CAIS","N","G06178","TERMIN","N","2000-07-12","2003-06-23","2.9","57","29.05179358","-94.27554921"
"A","1","793","Sabine Oil & Gas Corporation","FIXED","N","G14812","TERMIN","N","2000-09-14","2011-01-28","10.4","115","28.32369042","-95.45555645"
"CAIS.#1","1","895","Sabine Oil & Gas Corporation","CAIS","N","G18937","EXPIR","N","2001-05-15","2005-05-13","4","42","29.28246059","-93.95124627"
"A","1","1051","Sabine Oil & Gas Corporation","FIXED","Y","G17874","TERMIN","N","2001-12-03","2011-09-15","9.8","192","28.31918183","-92.77410284"
"C","1","1637","Sabine Oil & Gas Corporation","CAIS","N","G05694","TERMIN","N","2009-05-08","2009-05-08","0","80","",""
"E","1","21156","Anadarko US Offshore LLC","FIXED","Y","00345","UNIT","S","1962-01-01","1993-10-15","31.8","15","29.122488","-91.230303"
"6","1","21171","Anadarko US Offshore LLC","FIXED","Y","00334","TERMIN","N","1969-01-01","1996-08-15","27.6","18","29.113215","-91.287926"
"8","1","21172","Anadarko US Offshore LLC","FIXED","Y","00334","TERMIN","N","1971-01-01","1998-08-23","27.6","19","29.106246","-91.30041"
"K","1","21173","Anadarko US Offshore LLC","FIXED","Y","00334","TERMIN","N","1959-01-01","1995-02-11","36.1","19","29.111002","-91.297527"
"I","1","21174","Anadarko US Offshore LLC","CAIS","N","00346","UNIT","S","1959-01-01","1995-02-11","36.1","12","29.115205","-91.174318"
"12(Removed}","1","21175","Anadarko US Offshore LLC","CAIS","N","00335","TERMIN","N","1973-01-01","1997-08-18","24.6","19","29.062099","-91.297066"
"9","1","21176","Anadarko US Offshore LLC","CAIS","N","00335","TERMIN","N","1970-01-01","1990-07-12","20.5","19","29.07297","-91.316503"
"6","1","21177","Anadarko US Offshore LLC","CAIS","N","00333","TERMIN","N","1967-01-01","1983-12-31","17","16","29.124041","-91.237053"
"122","1","20682","Nugulf Operating, L.L.C.","FIXED","N","00694","TERMIN","N","1962-01-01","","","24","28.975867","-89.242271"
"T","1","20742","Nugulf Operating, L.L.C.","FIXED","N","00353","TERMIN","N","1966-01-01","","","36","28.983881","-89.248229"
"8","1","21042","Nugulf Operating, L.L.C.","FIXED","N","00694","TERMIN","N","1959-01-01","","","35","28.974909","-89.26668"
"6 V","1","21165","Nugulf Operating, L.L.C.","FIXED","N","00694","TERMIN","N","1959-01-01","","","14","28.974843","-89.262553"
"3","1","21166","Nugulf Operating, L.L.C.","FIXED","N","00694","TERMIN","N","1973-01-01","","","14","28.97636139","-89.24394373"
"201 V","1","21167","Nugulf Operating, L.L.C.","FIXED","N","00353","TERMIN","N","1973-01-01","","","14","28.977237","-89.262598"
"VV-AUX","2","21229","Nugulf Operating, L.L.C.","FIXED","Y","00694","TERMIN","N","1968-01-01","","","56","28.970721","-89.265155"
"V","1","21229","Nugulf Operating, L.L.C.","FIXED","Y","00694","TERMIN","N","1960-01-01","","","56","28.970704","-89.264139"
"5","1","21669","Nugulf Operating, L.L.C.","FIXED","N","00693","TERMIN","N","1968-01-01","","","60","28.97198563","-89.27539055"
"229 T","1","21797","Nugulf Operating, L.L.C.","FIXED","N","00353","TERMIN","N","1975-01-01","","","40","28.97932","-89.250085"
"157","1","21942","Nugulf Operating, L.L.C.","FIXED","N","00694","TERMIN","N","1976-01-01","","","45","28.971891","-89.246613"
"193","1","22247","Nugulf Operating, L.L.C.","FIXED","N","00694","TERMIN","N","1979-01-01","","","48","28.97475948","-89.25780698"
"235 T","1","22401","Nugulf Operating, L.L.C.","FIXED","N","00353","TERMIN","N","1980-01-01","","","36","28.98250911","-89.23884617"
"267 V","1","22403","Nugulf Operating, L.L.C.","FIXED","N","00353","TERMIN","N","1980-01-01","","","36","28.97998773","-89.25935071"
"189","1","22433","Nugulf Operating, L.L.C.","FIXED","N","00694","TERMIN","N","1979-01-01","","","36","28.96691122","-89.2396645"
"45","1","23880","Nugulf Operating, L.L.C.","FIXED","N","00353","TERMIN","N","1965-01-01","","","50","28.978473","-89.262478"
"TT","1","20741","Nugulf Operating, L.L.C.","FIXED","Y","00353","TERMIN","N","1966-01-01","","","36","28.984026","-89.248695"
"11""A""","1","19","Nugulf Operating, L.L.C.","FIXED","N","00693","TERMIN","N","1996-04-10","","","82","28.9599389","-89.27467968"
"A","1","22311","Crescent GIGS, LLC","FIXED","Y","","","","1978-01-01","","","343","28.652145","-89.786457"
"A","1","23503","Talos Oil and Gas LLC","FIXED","Y","G04940","PROD","S","1986-01-01","","","750","27.943725","-91.029094"
"2","3","22798","Greyhound Energy LLC","CAIS","N","G04909","UNIT","S","1983-01-01","","","35","29.30174481","-89.05517052"
"A","1","22798","Greyhound Energy LLC","FIXED","Y","G04909","UNIT","S","1983-01-01","","","35","29.30194788","-89.05467014"
"AQ","2","22798","Greyhound Energy LLC","FIXED","N","G04909","UNIT","S","1983-01-01","","","35","29.30166202","-89.05499668"
"1","1","22910","Greyhound Energy LLC","CAIS","N","G04909","UNIT","S","1983-01-01","","","30","29.305171","-89.050875"
"3","1","22912","Greyhound Energy LLC","CAIS","N","G04909","UNIT","S","1982-01-01","","","30","29.306805","-89.056872"
"B","1","22913","Greyhound Energy LLC","FIXED","N","G04909","UNIT","S","1983-01-01","","","40","29.30064439","-89.04948469"
"5","1","22914","Greyhound Energy LLC","CAIS","N","G04909","UNIT","S","1983-01-01","","","30","29.304283","-89.045097"
"6","1","22915","Greyhound Energy LLC","CAIS","N","G04909","UNIT","S","1983-01-01","","","30","29.310687","-89.052648"
"7","1","22916","Greyhound Energy LLC","CAIS","N","G04909","UNIT","S","1983-01-01","","","30","29.296853","-89.053198"
"8","1","22917","Greyhound Energy LLC","CAIS","N","G04909","UNIT","S","1983-01-01","","","30","29.315729","-89.054282"
"9","1","22918","Greyhound Energy LLC","CAIS","N","G04909","UNIT","S","1983-01-01","","","30","29.312068","-89.058357"
"10","1","22919","Greyhound Energy LLC","CAIS","N","G04909","UNIT","S","1983-01-01","","","30","29.303202","-89.050082"
"11","1","22920","Greyhound Energy LLC","CAIS","N","G04909","UNIT","S","1984-01-01","","","30","29.303336","-89.05953"
"12","1","22921","Greyhound Energy LLC","CAIS","N","G04909","UNIT","S","1984-01-01","","","30","29.298435","-89.058904"
"13","1","22922","Greyhound Energy LLC","CAIS","N","G04909","UNIT","S","1984-01-01","","","30","29.308333","-89.060447"
"A","1","23057","Greyhound Energy LLC","FIXED","N","G05692","UNIT","S","1984-01-01","","","33","29.310675","-89.065233"
"14","1","23130","Greyhound Energy LLC","CAIS","N","G04909","UNIT","S","1985-01-01","","","36","29.306004","-89.06049"
"15","1","23403","Greyhound Energy LLC","CAIS","N","G04909","UNIT","S","1985-01-01","","","32","29.300918","-89.060605"
"17","1","23404","Greyhound Energy LLC","CAIS","N","G04909","UNIT","S","1985-01-01","","","35","29.317681","-89.060213"
"19","1","23877","Greyhound Energy LLC","CAIS","N","G04909","UNIT","S","1991-01-01","","","36","29.307158","-89.051401"
"18","1","24114","Greyhound Energy LLC","CAIS","N","G04909","UNIT","S","1990-08-06","","","40","29.314767","-89.058252"
"20","1","24121","Greyhound Energy LLC","CAIS","N","G04909","UNIT","S","1992-11-26","","","40","29.295469","-89.039684"
"PIG-TRAP","1","31022","Greyhound Energy LLC","CAIS","N","","","","1984-01-01","","","40","29.34633627","-89.10801807"
"F","1","20145","Array Petroleum, LLC","FIXED","Y","00016","PROD","S","1955-01-01","","","47","29.120034","-89.64984"
"J","1","20147","Array Petroleum, LLC","FIXED","Y","00026","PROD","S","1956-01-01","","","45","29.116062","-89.619371"
"L","1","20148","Array Petroleum, LLC","FIXED","N","00016","PROD","S","1956-01-01","","","53","29.14012","-89.672048"
"N","1","20149","Array Petroleum, LLC","FIXED","Y","00016","PROD","S","1957-01-01","","","55","29.132429","-89.663734"
"P","1","20150","Array Petroleum, LLC","FIXED","Y","00026","PROD","S","1958-01-01","","","43","29.129332","-89.61394"
"T","1","20152","Array Petroleum, LLC","FIXED","N","00026","PROD","S","1962-01-01","","","50","29.122456","-89.624587"
"3","1","20241","Array Petroleum, LLC","FIXED","N","00367","PROD","S","1961-01-01","","","57","29.141687","-89.687359"
"B","1","20247","Array Petroleum, LLC","FIXED","Y","00367","PROD","S","1963-01-01","","","60","29.118463","-89.693852"
"E","3","20249","Array Petroleum, LLC","FIXED","Y","00367","PROD","S","1971-01-01","","","63","29.12853654","-89.69010213"
"D-QTR","1","20249","Array Petroleum, LLC","FIXED","N","00367","PROD","S","1970-01-01","","","63","29.128543","-89.6906"
"10","1","21178","Anadarko US Offshore LLC","FIXED","Y","00333","TERMIN","N","1970-01-01","1998-08-23","28.6","18","29.1013782","-91.26467119"
"31","1","21179","Anadarko US Offshore LLC","CAIS","N","00346","UNIT","S","1967-01-01","1995-02-11","28.1","12","29.113756","-91.175178"
"1","1","21180","Anadarko US Offshore LLC","CAIS","N","G01359","UNIT","S","1966-01-01","1997-07-27","31.6","12","29.134073","-91.179478"
"27","1","21181","Anadarko US Offshore LLC","CAIS","N","00346","UNIT","S","1965-01-01","1988-09-20","23.7","12","29.127696","-91.168523"
"25","1","21182","Anadarko US Offshore LLC","CAIS","N","00346","UNIT","S","1965-01-01","1985-12-31","21","12","29.111973","-91.172716"
"22","1","21183","Anadarko US Offshore LLC","CAIS","N","00346","UNIT","S","1964-01-01","1991-09-05","27.7","12","29.11873","-91.174187"
"S","1","21184","Anadarko US Offshore LLC","CAIS","N","00346","UNIT","S","1963-01-01","1995-02-11","32.1","12","29.116113","-91.18005"
"V","1","21185","Anadarko US Offshore LLC","CAIS","N","00346","UNIT","S","1962-01-01","1988-10-01","26.7","12","29.124995","-91.162064"
"Y","1","21186","Anadarko US Offshore LLC","CAIS","N","00346","UNIT","S","1962-01-01","1991-09-01","29.7","12","29.123798","-91.178347"
"F","1","21194","Anadarko US Offshore LLC","CAIS","N","00346","UNIT","S","1957-01-01","1985-12-31","29","12","29.111978","-91.171163"
"Q","1","21195","Anadarko US Offshore LLC","CAIS","N","00346","UNIT","S","1961-01-01","1988-01-15","27","12","29.120308","-91.164931"
"T","1","21196","Anadarko US Offshore LLC","CAIS","N","00346","UNIT","S","1962-01-01","1988-01-12","26","12","29.111365","-91.17536"
"18","1","21197","Anadarko US Offshore LLC","CAIS","N","00346","UNIT","S","1963-01-01","1985-12-31","23","12","29.130322","-91.184147"
"23","1","21198","Anadarko US Offshore LLC","CAIS","N","00346","UNIT","S","1965-01-01","1994-07-08","29.5","12","29.122588","-91.169414"
"28","1","21199","Anadarko US Offshore LLC","CAIS","N","00346","UNIT","S","1966-01-01","1985-12-31","20","12","29.130009","-91.175209"
"29","1","21200","Anadarko US Offshore LLC","CAIS","N","00346","UNIT","S","1967-01-01","1994-06-18","27.5","12","29.120325","-91.179045"
"32","1","21201","Anadarko US Offshore LLC","CAIS","N","00346","UNIT","S","1967-01-01","1985-12-31","19","12","29.107582","-91.181463"
"C","1","21202","Anadarko US Offshore LLC","FIXED","N","00346","UNIT","S","1966-01-01","2001-01-28","35.1","15","29.111488","-91.161942"
"C-QRT","2","21202","Anadarko US Offshore LLC","FIXED","N","00346","UNIT","S","1966-01-01","2001-01-28","35.1","15","29.111487","-91.161629"
"C-GEN","3","21202","Anadarko US Offshore LLC","FIXED","N","00346","UNIT","S","1966-01-01","2001-01-28","35.1","15","29.111488","-91.162256"
"19","1","21203","Anadarko US Offshore LLC","CAIS","N","00346","UNIT","S","1964-01-01","1988-08-30","24.7","12","29.112674","-91.149497"
"L","1","21204","Anadarko US Offshore LLC","CAIS","N","00346","UNIT","S","1960-01-01","1988-08-28","28.7","12","29.119647","-91.148103"
"J","1","21254","Anadarko US Offshore LLC","CAIS","N","00334","TERMIN","N","1957-01-01","1982-12-31","26","19","29.115879","-91.287702"
"8","1","21255","Anadarko US Offshore LLC","CAIS","N","00333","TERMIN","N","1968-01-01","1987-12-31","20","16","29.117833","-91.239395"
"U","1","21256","Anadarko US Offshore LLC","CAIS","N","00345","UNIT","S","1962-01-01","1995-02-11","33.1","12","29.118658","-91.187916"
"X","1","21257","Anadarko US Offshore LLC","CAIS","N","00345","UNIT","S","1963-01-01","1988-09-21","25.7","13","29.123854","-91.199877"
"7","1","21258","Anadarko US Offshore LLC","CAIS","N","00345","UNIT","S","1965-01-01","1985-12-31","21","15","29.123963","-91.218338"
"11","1","21259","Anadarko US Offshore LLC","CAIS","N","00345","UNIT","S","1968-01-01","1987-12-30","20","15","29.118776","-91.230745"
"O","1","21260","Anadarko US Offshore LLC","CAIS","N","00346","UNIT","S","1961-01-01","1988-01-11","27","12","29.113909","-91.172106"
"G","1","21261","Anadarko US Offshore LLC","CAIS","N","00346","UNIT","S","1958-01-01","1995-02-11","37.1","12","29.118044","-91.1708"
"21","1","21262","Anadarko US Offshore LLC","CAIS","N","00346","UNIT","S","1964-01-01","1991-09-03","27.7","12","29.124091","-91.170505"
"24","1","21263","Anadarko US Offshore LLC","CAIS","N","00346","UNIT","S","1965-01-01","1988-01-13","23","12","29.123507","-91.155421"
"D","1","21396","Anadarko US Offshore LLC","FIXED","Y","00828","PROD","S","1967-01-01","1997-06-28","30.5","100","28.513459","-90.865786"
"J","1","21400","Anadarko US Offshore LLC","FIXED","Y","00828","PROD","S","1971-01-01","1997-06-28","26.5","110","28.499553","-90.857141"
"1A","1","21406","Anadarko US Offshore LLC","WP","N","00335","TERMIN","N","1947-01-01","1988-09-22","41.7","19","29.091553","-91.290913"
"B","1","21611","Anadarko US Offshore LLC","WP","N","00347","UNIT","S","1962-01-01","1987-12-29","26","12","29.113304","-91.135871"
"7-K1","1","21612","Anadarko US Offshore LLC","CAIS","N","00346","UNIT","S","1960-01-01","1990-07-10","30.5","122","29.109625","-91.179775"
"P","1","21613","Anadarko US Offshore LLC","CAIS","N","00346","UNIT","S","1961-01-01","1975-12-31","15","12","29.119931","-91.164969"
"26(Removed)","1","21614","Anadarko US Offshore LLC","CAIS","N","00346","UNIT","S","1965-01-01","1997-08-18","32.6","12","29.120013","-91.17974"
"9","1","21615","Anadarko US Offshore LLC","CAIS","N","00345","UNIT","S","1966-01-01","1990-07-08","24.5","14","29.122482","-91.22382"
"TOM","1","21616","Anadarko US Offshore LLC","FIXED","N","00345","UNIT","S","1962-01-01","1980-12-31","19","12","",""
"BRG2","1","21617","Anadarko US Offshore LLC","FIXED","N","00345","UNIT","S","1962-01-01","1980-12-31","19","12","",""
"6(Removed)","1","21618","Anadarko US Offshore LLC","CAIS","N","00345","UNIT","S","1965-01-01","1997-08-18","32.6","13","29.124334","-91.188361"
"5","1","21619","Anadarko US Offshore LLC","CAIS","N","00334","TERMIN","N","1968-01-01","1978-12-31","11","18","29.125681","-91.290814"
"1","1","21620","Anadarko US Offshore LLC","CAIS","N","00335","TERMIN","N","1964-01-01","1995-02-11","31.1","19","29.090727","-91.289755"
"8","1","21785","Anadarko US Offshore LLC","CAIS","N","00345","UNIT","S","1966-01-01","1998-08-21","32.6","12","29.12296","-91.19369"
"14","1","21849","Anadarko US Offshore LLC","CAIS","N","00335","TERMIN","N","1975-01-01","1996-08-14","21.6","18","29.06265","-91.304136"
"B","1","1538","Talos ERT LLC","FIXED","N","G23842","TERMIN","N","2004-10-02","2010-05-24","5.6","198","28.38380565","-91.95739833"
"A","1","1587","Talos ERT LLC","FIXED","Y","G25982","TERMIN","N","2004-10-30","2016-02-19","11.3","116","28.77512581","-92.33998858"
"C","1","1619","Talos ERT LLC","FIXED","Y","G21581","TERMIN","N","2005-01-22","2010-08-25","5.6","180","28.35941269","-92.94335811"
"A","1","1634","Talos ERT LLC","FIXED","Y","G25950","EXPIR","N","2005-01-12","2010-06-03","5.4","82","29.0177755","-92.84529299"
"B","1","1636","Talos ERT LLC","CAIS","N","G25965","TERMIN","N","2005-01-23","2013-06-04","8.4","120","28.63500119","-92.62023839"
"A","1","1645","Talos ERT LLC","FIXED","Y","G22741","TERMIN","N","2005-02-07","2009-07-20","4.4","88","28.63078832","-90.41779162"
"A","1","114","Talos ERT LLC","FIXED","N","G13620","TERMIN","N","1998-12-17","2013-03-30","14.3","60","28.85293331","-91.48907928"
"A","1","90028","Talos ERT LLC","FIXED","Y","G15161","TERMIN","N","1997-12-05","","","446","27.93867412","-92.96392415"
"B","1","144","Talos ERT LLC","FIXED","Y","G04085","TERMIN","N","1998-07-06","2016-12-19","18.5","34","29.39564597","-93.31241162"
"2","1","229","Talos ERT LLC","CAIS","N","G11977","TERMIN","N","1998-07-01","2010-07-29","12.1","18","28.99226127","-91.17517169"
"A","1","435","Talos ERT LLC","FIXED","N","G27132","TERMIN","N","1999-05-28","2014-03-13","14.8","178","28.38489431","-91.21178718"
"A","1","806","Talos ERT LLC","FIXED","Y","G21080","TERMIN","N","2000-10-21","2010-09-06","9.9","373","28.02491323","-92.69114975"
"A","1","805","Talos ERT LLC","FIXED","Y","G17878","TERMIN","N","2000-10-14","2017-06-10","16.7","308","28.08614485","-92.63142649"
"C","1","819","Talos ERT LLC","CAIS","N","G04085","TERMIN","N","2000-12-01","2017-05-05","16.4","34","29.39317856","-93.3216811"
"3","1","862","Talos ERT LLC","CAIS","N","G11977","TERMIN","N","2001-02-26","2010-07-31","9.4","19","28.99239208","-91.15710029"
"1","1","909","Talos ERT LLC","CAIS","N","G21614","TERMIN","N","2001-03-15","2010-04-22","9.1","84","28.83354496","-91.87928298"
"D","1","931","Talos ERT LLC","CAIS","N","G04085","TERMIN","N","2001-07-01","2016-12-17","15.5","45","29.40781542","-93.30355848"
"A","1","932","Talos ERT LLC","FIXED","N","G15156","TERMIN","N","2001-06-02","","","322","28.06801472","-92.65965014"
"29","1","976","Talos ERT LLC","CAIS","N","00605","TERMIN","N","2001-09-25","2019-04-29","17.6","97","28.78423194","-90.21415134"
"A","1","994","Talos ERT LLC","FIXED","Y","G21579","TERMIN","N","2001-07-27","2012-05-20","10.8","95","28.83368293","-92.72056247"
"A","1","993","Talos ERT LLC","CAIS","N","G21618","TERMIN","N","2001-07-17","","","156","28.52734159","-91.88439633"
"A","1","1038","Talos ERT LLC","FIXED","Y","G21642","PROD","S","2002-03-07","2009-09-28","7.6","224","28.31749994","-91.39061955"
"1","1","1037","Talos ERT LLC","CAIS","N","G16121","TERMIN","N","2002-01-01","2016-01-03","14","34","29.41092526","-93.38135921"
"A","1","1061","Talos ERT LLC","CAIS","Y","G22550","TERMIN","N","2001-10-31","2011-06-12","9.6","98","28.74743875","-93.52748778"
"7","1","1075","Talos ERT LLC","CAIS","N","G04085","TERMIN","N","2002-05-05","2016-11-24","14.6","38","29.39081454","-93.30268139"
"A","1","1142","Talos ERT LLC","FIXED","Y","G22543","TERMIN","N","2002-07-01","2010-06-07","7.9","82","29.03336524","-93.30304813"
"CAIS.#2","1","1156","Talos ERT LLC","CAIS","N","G13620","TERMIN","N","2002-08-12","2013-03-29","10.6","57","28.86952065","-91.49340633"
"C","1","1202","Talos ERT LLC","FIXED","N","G22585","TERMIN","N","2002-10-25","2012-05-14","9.6","96","28.82347017","-92.74223642"
"A","1","1217","Talos ERT LLC","CAIS","N","G23770","TERMIN","N","2002-12-04","2011-08-08","8.7","98","28.73235141","-93.49840833"
"A","1","1232","Talos ERT LLC","FIXED","N","G22643","TERMIN","N","2002-06-03","2010-05-14","7.9","81","28.88329752","-91.93864117"
"C","1","1270","Talos ERT LLC","FIXED","N","G22616","TERMIN","N","2003-04-06","2011-04-28","8.1","62","29.18384666","-92.56954035"
"B","1","1373","Talos ERT LLC","FIXED","Y","G23774","RELINQ","N","2003-11-06","2008-07-10","4.7","130","28.49778892","-93.19411813"
"B","1","1424","Talos ERT LLC","FIXED","Y","G22607","TERMIN","N","2004-01-26","2011-06-07","7.4","47","29.35960031","-92.61479825"
"A","1","1389","Talos ERT LLC","CAIS","N","G24740","TERMIN","N","2003-11-17","2009-11-20","6","91","28.77847291","-93.33753001"
"B","1","1461","Talos ERT LLC","FIXED","N","G22548","TERMIN","N","2004-03-30","2011-06-09","7.2","84","28.79103598","-93.5895726"
"D","1","1474","Talos ERT LLC","FIXED","Y","G24757","TERMIN","N","2004-05-12","2010-08-25","6.3","126","28.59651154","-93.02594077"
"B","1","1495","Talos ERT LLC","FIXED","Y","G22628","TERMIN","N","2004-05-20","2013-05-24","9","121","28.62276838","-92.57805362"
"A","1","1504","Talos ERT LLC","WP","N","G22546","TERMIN","N","2004-06-14","2010-06-15","6","82","28.86487907","-93.31463196"
"1","1","1532","Talos ERT LLC","WP","N","G22608","TERMIN","N","2004-07-21","2009-08-07","5","47","29.30854852","-92.52375064"
"A","1","1695","Talos ERT LLC","FIXED","Y","G22542","TERMIN","N","2005-04-26","2010-05-23","5.1","70","29.08851576","-93.49823943"
"A","1","1729","Talos ERT LLC","WP","N","G25915","EXPIR","N","2005-06-28","2010-06-20","5","104","28.67400815","-93.57921357"
"I","1","1828","Talos ERT LLC","WP","Y","G27072","TERMIN","N","2006-04-04","2012-06-03","6.2","143","28.57544795","-92.23414762"
"J","1","1827","Talos ERT LLC","FIXED","N","G27072","TERMIN","N","2006-05-10","2009-08-15","3.3","141","28.59544789","-92.24740111"
"E","1","1841","Talos ERT LLC","FIXED","Y","G21583","TERMIN","N","2006-04-30","2010-06-20","4.1","177","28.31627346","-92.99182992"
"9","1","1897","Talos ERT LLC","CAIS","N","G01130","TERMIN","N","2006-06-01","2016-12-23","10.6","85","28.9159626","-92.20161143"
"C","1","1968","Talos ERT LLC","CAIS","N","G27023","EXPIR","N","2006-10-13","2010-06-16","3.7","72","29.02555733","-93.53671421"
"C","1","1980","Talos ERT LLC","CAIS","N","G23820","TERMIN","N","2006-10-28","2012-05-23","5.6","90","28.89844331","-92.59206228"
"1","1","2060","Talos ERT LLC","CAIS","N","G23797","TERMIN","N","2007-07-17","2009-11-04","2.3","83","28.91557359","-92.83826249"
"B","1","2080","Talos ERT LLC","CAIS","N","G04258","TERMIN","N","2007-08-30","2011-05-31","3.8","76","28.5134997","-95.58834532"
"A","1","2063","Talos ERT LLC","FIXED","N","G27051","TERMIN","N","2007-07-05","2025-09-21","18.2","267","28.12992637","-92.78052718"
"A","2","20249","Array Petroleum, LLC","FIXED","Y","00367","PROD","S","1962-01-01","","","63","29.128539","-89.690287"
"S","1","20479","Array Petroleum, LLC","FIXED","Y","00367","PROD","S","1962-01-01","","","54","29.146154","-89.67854"
"","2","20479","Array Petroleum, LLC","FIXED","N","00367","PROD","S","1969-01-01","1996-07-28","27.6","54","29.146158","-89.678853"
"E-CMP","2","21831","Array Petroleum, LLC","FIXED","Y","00016","PROD","S","1954-01-01","","","50","29.148269","-89.675682"
"E-QTRS","1","21831","Array Petroleum, LLC","FIXED","N","00016","PROD","S","1954-01-01","","","50","29.148273","-89.675995"
"E-DRL","3","21831","Array Petroleum, LLC","FIXED","Y","00016","PROD","S","1954-01-01","","","50","29.148492","-89.675901"
"Z","1","22979","Array Petroleum, LLC","FIXED","N","G01447","PROD","S","1983-01-01","","","35","29.176837","-89.613883"
"D","1","20327","Array Petroleum, LLC","FIXED","Y","00827","SOP","S","1963-01-01","2008-12-30","46","95","28.531712","-90.892638"
"H","1","20328","Array Petroleum, LLC","FIXED","Y","G01228","SOP","S","1968-01-01","","","98","28.52","-90.908702"
"G","1","20329","Array Petroleum, LLC","FIXED","N","00827","SOP","S","1967-01-01","","","100","28.522368","-90.862074"
"E","1","20481","Array Petroleum, LLC","FIXED","Y","G01228","SOP","S","1963-01-01","2007-06-12","44.4","97","28.52102","-90.902179"
"13","3","20481","Array Petroleum, LLC","CAIS","N","G01228","SOP","S","1992-05-23","","","97","28.520907","-90.9019"
"14","4","20481","Array Petroleum, LLC","CAIS","N","G01228","SOP","S","1992-12-20","","","97","28.520896","-90.90194"
"12","2","20481","Array Petroleum, LLC","CAIS","N","G01228","SOP","S","1980-01-01","","","97","28.521099","-90.90193"
"E-Aux-2","6","20481","Array Petroleum, LLC","FIXED","N","G01228","SOP","S","2014-10-27","","","97","28.52097283","-90.90193069"
"I","1","20482","Array Petroleum, LLC","FIXED","Y","G01230","SOP","S","1970-01-01","","","115","28.491698","-90.901726"
"J","1","20484","Array Petroleum, LLC","FIXED","Y","00827","SOP","S","1971-01-01","","","94","28.535616","-90.890049"
"K","1","20531","Array Petroleum, LLC","FIXED","Y","00827","SOP","S","1973-01-01","","","107","28.52145","-90.867333"
"A","1","20628","Array Petroleum, LLC","FIXED","Y","00827","SOP","S","1972-01-01","2010-05-06","38.3","95","28.528887","-90.871013"
"A-LACT","2","20628","Array Petroleum, LLC","FIXED","Y","00827","SOP","S","1961-01-01","","","95","28.528611","-90.870703"
"A-AUX","3","20628","Array Petroleum, LLC","FIXED","Y","00827","SOP","S","1971-01-01","","","95","28.528612","-90.871014"
"A-QTR","4","20628","Array Petroleum, LLC","FIXED","N","00827","SOP","S","1961-01-01","","","95","28.528612","-90.871014"
"B","1","21360","Array Petroleum, LLC","FIXED","N","00819","PROD","S","1973-01-01","","","48","28.636099","-90.991833"
"B-PRD","2","21360","Array Petroleum, LLC","FIXED","Y","00819","PROD","S","1973-01-01","1996-09-13","23.7","48","28.63625","-90.991832"
"B","1","21661","Array Petroleum, LLC","FIXED","Y","00827","SOP","S","1961-01-01","","","100","28.528692","-90.894177"
"BRP","2","21661","Array Petroleum, LLC","FIXED","Y","00827","SOP","S","1971-01-01","","","100","28.528967","-90.894176"
"C-DRILL","1","21916","Array Petroleum, LLC","FIXED","Y","G01019","PROD","S","1976-01-01","","","50","28.618536","-90.994974"
"C-PRD","2","21916","Array Petroleum, LLC","FIXED","Y","G01019","PROD","S","1977-01-01","","","50","28.618316","-90.994974"
"E","3","21916","Array Petroleum, LLC","FIXED","Y","G01019","PROD","S","1981-01-01","","","50","28.619125","-90.994825"
"B","1","22570","Array Petroleum, LLC","FIXED","Y","G04231","PROD","S","1981-01-01","","","60","28.627919","-91.065717"
"B-PRD","2","22570","Array Petroleum, LLC","FIXED","Y","G04231","PROD","S","1983-01-01","","","60","28.628189","-91.065012"
"D","3","22570","Array Petroleum, LLC","FIXED","Y","G04231","PROD","S","1990-01-01","","","60","28.628449","-91.064419"
"D","1","22598","Array Petroleum, LLC","FIXED","N","00819","PROD","S","1981-01-01","","","48","28.656112","-90.978286"
"E","2","23014","Array Petroleum, LLC","FIXED","Y","G02323","PROD","S","1985-01-01","","","307","28.118085","-91.669152"
"C","1","23014","Array Petroleum, LLC","FIXED","Y","G02323","PROD","S","1984-01-01","","","307","28.117147","-91.66949"
"C","1","23994","Array Petroleum, LLC","CAIS","N","G01230","SOP","S","1993-02-16","","","110","28.506746","-90.902617"
"TREATER","3","21411","Array Petroleum, LLC","FIXED","Y","00310","UNIT","S","1958-01-01","","","14","29.44087","-92.061564"
"COMP 1&2","4","21411","Array Petroleum, LLC","FIXED","Y","00310","UNIT","S","1969-01-01","","","14","29.44128","-92.062038"
"COMP","5","21411","Array Petroleum, LLC","FIXED","Y","00310","UNIT","S","1971-01-01","","","14","29.440868","-92.062035"
"COM4","6","21411","Array Petroleum, LLC","FIXED","Y","00310","UNIT","S","1979-01-01","","","14","29.441555","-92.06204"
"OFFICE","7","21411","Array Petroleum, LLC","FIXED","N","00310","UNIT","S","1958-01-01","","","14","29.441285","-92.061096"
"QTR #2","8","21411","Array Petroleum, LLC","FIXED","N","00310","UNIT","S","1982-01-01","","","14","29.441285","-92.061096"
"DIESEL","9","21411","Array Petroleum, LLC","FIXED","N","00310","UNIT","S","1982-01-01","","","14","29.441285","-92.061096"
"COMP 7","10","21411","Array Petroleum, LLC","FIXED","Y","00310","UNIT","S","1991-01-01","2008-07-04","17.5","14","29.441366","-92.062375"
"A-QTR","1","21411","Array Petroleum, LLC","FIXED","N","00310","UNIT","S","1969-01-01","","","14","29.441558","-92.061569"
"A-PROD","2","21411","Array Petroleum, LLC","FIXED","Y","00310","UNIT","S","1958-01-01","","","14","29.441283","-92.061567"
"A-Amine","11","21411","Array Petroleum, LLC","FIXED","N","00310","UNIT","S","2004-08-30","","","14","29.4407485","-92.0612143"
"A-Flare","12","21411","Array Petroleum, LLC","FIXED","N","00310","UNIT","S","2004-09-05","","","14","29.44065597","-92.06202731"
"A-SEPARATOR","13","21411","Array Petroleum, LLC","FIXED","N","00310","UNIT","S","2008-07-04","","","14","29.44135972","-92.06254451"
"A-CRANE","14","21411","Array Petroleum, LLC","FIXED","N","00310","UNIT","S","2008-06-22","","","14","29.44136823","-92.06200421"
"A-HP Vent Scrub","15","21411","Array Petroleum, LLC","FIXED","N","00310","UNIT","S","2009-05-01","","","14","29.44160261","-92.06191794"
"A-Water Treatin","16","21411","Array Petroleum, LLC","FIXED","N","00310","UNIT","S","2009-10-18","","","14","29.44043022","-92.06108318"
"13","1","21851","Anadarko US Offshore LLC","CAIS","N","00335","TERMIN","N","1975-01-01","1988-01-10","13","17","29.062944","-91.291983"
"8","1","21970","Anadarko US Offshore LLC","CAIS","N","00336","TERMIN","N","1976-01-01","1998-08-24","22.6","15","29.066311","-91.280786"
"15","1","22075","Anadarko US Offshore LLC","CAIS","N","00335","TERMIN","N","1975-01-01","1996-08-15","21.6","19","29.065264","-91.309412"
"B","1","22173","Anadarko US Offshore LLC","FIXED","Y","G02327","TERMIN","N","1978-01-01","1995-08-25","17.6","350","28.049821","-91.788894"
"37","1","22255","Anadarko US Offshore LLC","CAIS","N","00346","UNIT","S","1979-01-01","1994-07-11","15.5","15","29.113991","-91.155816"
"35","1","22329","Anadarko US Offshore LLC","CAIS","N","00346","UNIT","S","1979-01-01","1994-06-19","15.5","12","29.127154","-91.170638"
"1","1","22400","Anadarko US Offshore LLC","CAIS","N","00343","UNIT","S","1980-01-01","1988-01-04","8","20","29.06526","-91.212841"
"3","1","22572","Anadarko US Offshore LLC","CAIS","N","00347","UNIT","S","1982-01-01","1995-02-11","13.1","15","29.130582","-91.107055"
"36","1","22574","Anadarko US Offshore LLC","CAIS","N","00346","UNIT","S","1982-01-01","1994-07-10","12.5","15","29.127669","-91.1852"
"4","1","22633","Anadarko US Offshore LLC","CAIS","N","00347","UNIT","S","1982-01-01","1994-07-12","12.5","15","29.130775","-91.120603"
"5","1","22688","Anadarko US Offshore LLC","CAIS","N","00347","UNIT","S","1982-01-01","1998-08-20","16.6","15","29.130618","-91.125129"
"A","1","22842","Anadarko US Offshore LLC","FIXED","Y","00347","UNIT","S","1983-01-01","1995-01-19","12","12","29.130435","-91.114553"
"A","1","22106","Anadarko US Offshore LLC","FIXED","Y","G02264","TERMIN","N","1978-01-01","2007-06-13","29.4","300","28.062804","-92.946719"
"B","1","22294","Anadarko US Offshore LLC","FIXED","Y","G02063","PROD","S","1979-01-01","2003-08-06","24.6","263","28.131544","-92.834148"
"A","1","10303","Anadarko US Offshore LLC","WP","N","G06136","TERMIN","N","1986-01-01","2009-07-23","23.6","40","29.514183","-94.007805"
"2","1","22324","Anadarko US Offshore LLC","CAIS","N","G02831","TERMIN","N","1980-01-01","2006-05-22","26.4","42","29.363754","-93.242162"
"A","1","26098","Anadarko US Offshore LLC","FIXED","Y","G14505","EXPIR","N","1994-01-01","1998-06-22","4.5","130","28.43795188","-91.00766733"
"A","1","28028","Anadarko US Offshore LLC","FIXED","N","G14194","TERMIN","N","1995-11-01","2003-07-04","7.7","294","27.93431382","-94.12863337"
"A-1","1","24220","Anadarko US Offshore LLC","FIXED","N","G07804","TERMIN","N","1995-07-21","2004-01-12","8.5","55","29.54864881","-88.68883543"
"A","1","664","Anadarko US Offshore LLC","FIXED","Y","G21059","TERMIN","N","2000-06-25","2008-07-29","8.1","288","28.05515067","-93.45394136"
"CS","1","20005","Cantium, LLC","FIXED","N","00392","UNIT","S","2000-01-01","","","50","29.040718","-90.125555"
"FLR","2","20008","Cantium, LLC","FIXED","N","00392","UNIT","S","1958-01-01","1994-12-21","37","49","29.04342973","-90.12129768"
"R","1","20008","Cantium, LLC","FIXED","Y","00392","UNIT","S","1958-01-01","","","49","29.04304648","-90.12089548"
"1","1","20010","Cantium, LLC","CAIS","N","00390","UNIT","S","1957-01-01","2004-07-16","47.5","42","29.071825","-90.111722"
"X","1","20011","Cantium, LLC","FIXED","Y","00390","UNIT","S","1959-01-01","","","50","29.056254","-90.116161"
"SB","1","20047","Cantium, LLC","FIXED","N","00166","UNIT","S","1963-01-01","","","51","28.991917","-90.168963"
"FLR","3","20049","Cantium, LLC","FIXED","N","00387","UNIT","S","1980-01-01","1995-11-21","15.9","50","29.02621452","-90.14259746"
"U","1","20049","Cantium, LLC","FIXED","Y","00387","UNIT","S","1959-01-01","","","50","29.025958","-90.142212"
"U-Aux","2","20049","Cantium, LLC","CAIS","N","00387","UNIT","S","1980-01-01","","","50","29.02607589","-90.14247395"
"CL","1","20051","Cantium, LLC","FIXED","N","00387","UNIT","S","1960-01-01","","","60","29.02152594","-90.1375219"
"FLR","2","20057","Cantium, LLC","FIXED","N","00369","UNIT","S","1958-01-01","1995-11-18","37.9","48","29.03681098","-90.12857435"
"W","1","20057","Cantium, LLC","FIXED","Y","00369","UNIT","S","1958-01-01","","","48","29.0370169","-90.1282402"
"CI","1","20060","Cantium, LLC","FIXED","N","00166","UNIT","S","1964-01-01","","","50","28.9952312","-90.16528077"
"CW","1","20061","Cantium, LLC","FIXED","N","00386","UNIT","S","1957-01-01","","","44","29.026395","-90.169575"
"SD","1","20063","Cantium, LLC","FIXED","N","00386","UNIT","S","1964-01-01","","","44","29.01983476","-90.18244687"
"FLR","2","20065","Cantium, LLC","FIXED","N","00386","UNIT","S","1957-01-01","1995-11-17","38.9","44","29.02797243","-90.15446632"
"S","1","20065","Cantium, LLC","FIXED","Y","00386","UNIT","S","1957-01-01","","","44","29.0277","-90.154782"
"FLR","2","20075","Cantium, LLC","FIXED","N","00370","UNIT","S","1968-01-01","1996-12-06","28.9","40","29.03608197","-90.1694179"
"FF","1","20075","Cantium, LLC","FIXED","Y","00370","UNIT","S","1968-01-01","","","40","29.036154","-90.168217"
"D","1","20197","Cantium, LLC","FIXED","Y","G01316","UNIT","S","1970-01-01","","","217","29.252824","-88.75746"
"J","1","20199","Cantium, LLC","FIXED","Y","00374","UNIT","S","1966-01-01","","","40","29.403858","-89.004502"
"B","1","20200","Cantium, LLC","FIXED","Y","G01634","PROD","S","1970-01-01","","","210","29.289994","-88.665329"
"BA-SAT","2","20200","Cantium, LLC","FIXED","Y","G01634","PROD","S","1981-01-01","","","210","29.290422","-88.665139"
"A","1","20201","Cantium, LLC","FIXED","Y","G01634","PROD","S","1968-01-01","","","207","29.292398","-88.66909"
"FLR","2","20204","Cantium, LLC","FIXED","N","00386","UNIT","S","1967-01-01","1986-12-03","19.9","46","29.02041518","-90.17037944"
"EE","1","20204","Cantium, LLC","FIXED","Y","00386","UNIT","S","1967-01-01","","","46","29.020315","-90.170309"
"SC","1","20206","Cantium, LLC","FIXED","N","00387","UNIT","S","1965-01-01","","","51","29.01259","-90.147686"
"FLR","2","20207","Cantium, LLC","FIXED","N","00166","UNIT","S","1961-01-01","1995-11-15","34.9","50","29.00667628","-90.15878219"
"CC","1","20207","Cantium, LLC","FIXED","Y","00166","UNIT","S","1961-01-01","","","50","29.006896","-90.159049"
"CM","1","20213","Cantium, LLC","FIXED","N","00595","UNIT","S","1960-01-01","","","54","29.009316","-90.146629"
"K","1","20331","Cantium, LLC","FIXED","Y","G01452","UNIT","S","1967-01-01","","","27","29.400505","-89.073828"
"E","1","20332","Cantium, LLC","FIXED","Y","00375","UNIT","S","1964-01-01","","","36","29.40986114","-89.02631029"
"B (Helix)","1","2133","Talos ERT LLC","MOPU","Y","G15563","PROD","S","2009-06-11","","","2200","27.729759","-91.10850258"
"C","1","2412","Talos ERT LLC","FIXED","Y","G21642","PROD","S","2011-03-23","","","225","28.32378833","-91.39566259"
"A","1","21862","Deepwater Abandonment Alternatives, Inc.","FIXED","Y","G01216","TERMIN","N","1975-01-01","","","239","28.251497","-91.863301"
"A","1","21754","Deepwater Abandonment Alternatives, Inc.","FIXED","Y","G02220","TERMIN","N","1974-01-01","","","148","28.481196","-93.075494"
"B","1","29008","Deepwater Abandonment Alternatives, Inc.","FIXED","N","G02549","TERMIN","N","1994-11-01","2024-10-29","30","148","28.47674927","-93.07164289"
"C","1","24","Deepwater Abandonment Alternatives, Inc.","FIXED","Y","G01216","TERMIN","N","1997-08-02","","","228","28.27304944","-91.86598694"
"C","1","1174","Deepwater Abandonment Alternatives, Inc.","FIXED","N","G02549","TERMIN","N","2002-09-30","2023-09-23","21","152","28.46726947","-93.05357191"
"D","1","2029","Deepwater Abandonment Alternatives, Inc.","FIXED","N","G22679","TERMIN","N","2007-04-13","2025-06-15","18.2","224","28.29047459","-91.83034361"
"A(Mirage/Titan)","1","2089","Equinor USA E&P Inc.","SEMI","N","G16661","UNIT","S","2010-03-06","","","4050","28.03364844","-89.10075833"
"A-AUX","1","23930","Talos Third Coast LLC","CAIS","Y","G07746","TERMIN","N","1991-01-01","2024-07-15","33.5","12","28.982737","-91.218953"
"A","2","23930","Talos Third Coast LLC","FIXED","Y","G07746","TERMIN","N","1989-01-01","2024-08-17","35.6","12","28.982503","-91.218691"
"B","1","20138","Talos Third Coast LLC","FIXED","Y","G01140","TERMIN","N","1969-01-01","","","140","28.704108","-92.315478"
"A","1","20638","Talos Third Coast LLC","FIXED","Y","G01140","TERMIN","N","1965-01-01","","","122","28.71789","-92.331302"
"CF","2","20638","Talos Third Coast LLC","FIXED","Y","G01140","TERMIN","N","1968-01-01","","","122","28.717893","-92.33099"
"A","1","22859","Talos Third Coast LLC","FIXED","Y","","","","1983-01-01","","","285","28.147912","-91.907753"
"B","1","1531","Talos Third Coast LLC","FIXED","N","G23740","UNIT","S","2004-09-03","","","42","29.55970049","-93.42438411"
"A","1","703","Talos Third Coast LLC","FIXED","N","G17942","TERMIN","N","2000-04-20","","","205","28.33639746","-92.04999329"
"3","1","888","Talos Third Coast LLC","CAIS","N","G15276","TERMIN","N","2001-06-05","2024-07-27","23.1","26","28.97398097","-91.14881464"
"A","1","1207","Talos Third Coast LLC","FIXED","N","G22812","UNIT","S","2003-01-12","","","205","29.33378597","-88.52708364"
"A","1","1259","Talos Third Coast LLC","FIXED","Y","G23736","RELINQ","N","2003-10-12","2025-09-03","21.9","38","29.60715407","-93.21586783"
"G","1","1914","Talos Third Coast LLC","FIXED","Y","G16500","TERMIN","N","2006-10-15","","","157","29.33592248","-88.80535829"
"G","1","2414","Talos Third Coast LLC","FIXED","Y","G05504","PROD","S","2011-02-16","","","138","28.59103738","-91.79609519"
"CG","1","27035","Tennessee Gas Pipeline Company, L.L.C.","FIXED","N","G04413","EXPIR","N","1997-01-06","1997-01-06","0","35","29.575656","-92.787603"
"A/PP-EQUIP","1","524","Tennessee Gas Pipeline Company, L.L.C.","FIXED","N","","","","1973-01-01","2024-10-24","51.8","160","28.52199978","-91.64505229"
"C-QTRS","2","524","Tennessee Gas Pipeline Company, L.L.C.","FIXED","N","","","","1973-01-01","2010-11-15","37.9","160","28.52199978","-91.64505229"
"B","3","524","Tennessee Gas Pipeline Company, L.L.C.","FIXED","N","","","","1976-01-01","2024-10-24","48.8","160","28.52163722","-91.64488618"
"A","1","20737","Fieldwood Energy IV LLC","FIXED","Y","G01031","TERMIN","N","1962-01-01","2012-12-31","51","187","28.375202","-91.073198"
"A-AUX","2","20737","Fieldwood Energy IV LLC","FIXED","Y","G01031","TERMIN","N","1970-01-01","2012-12-31","43","187","28.374171","-91.073596"
"E","3","20737","Fieldwood Energy IV LLC","FIXED","Y","G01031","TERMIN","N","1981-01-01","2023-07-21","42.5","187","28.375651","-91.073614"
"A","1","1054","Fieldwood Energy IV LLC","FIXED","N","G10933","TERMIN","N","2001-11-01","2023-05-13","21.5","120","29.63648821","-88.09210805"
"1","1","20709","ENEOS Xplora USA Limited","WP","N","G01192","PROD","S","1963-01-01","1978-12-31","16","101","28.792555","-92.068593"
"A","1","21837","ENEOS Xplora USA Limited","FIXED","Y","G02595","TERMIN","N","1975-01-01","2011-09-18","36.7","23","29.282017","-92.000477"
"B","1","21877","ENEOS Xplora USA Limited","FIXED","Y","G02595","TERMIN","N","1976-01-01","2011-09-21","35.7","28","29.285785","-92.016343"
"A","1","22070","ENEOS Xplora USA Limited","FIXED","Y","G02300","TERMIN","N","1977-01-01","2011-01-08","34","20","29.312735","-92.054313"
"A","1","22137","ENEOS Xplora USA Limited","FIXED","Y","G02596","TERMIN","N","1978-01-01","2011-09-23","33.7","20","29.292005","-92.046707"
"C-AUX","1","22702","ENEOS Xplora USA Limited","FIXED","Y","G04270","TERMIN","N","1984-01-01","2011-03-19","27.2","23","29.299059","-91.98843"
"C-QTR","2","22702","ENEOS Xplora USA Limited","FIXED","N","G04270","TERMIN","N","1984-01-01","2011-03-19","27.2","23","29.299059","-91.98843"
"C-CMP","3","22702","ENEOS Xplora USA Limited","FIXED","Y","G04270","TERMIN","N","1989-01-01","2011-03-19","22.2","23","29.299059","-91.98843"
"8","1","23291","ENEOS Xplora USA Limited","CAIS","N","G02300","TERMIN","N","1986-01-01","2010-12-08","24.9","20","29.304935","-92.035297"
"1","1","24046","ENEOS Xplora USA Limited","CAIS","N","G09564","TERMIN","N","1993-03-14","2010-12-15","17.8","20","29.1949937","-91.9111465"
"2","1","24057","ENEOS Xplora USA Limited","FIXED","Y","G09564","TERMIN","N","1993-09-09","2010-12-18","17.3","23","29.192597","-91.8931"
"C","1","10011","ENEOS Xplora USA Limited","WP","N","00518","TERMIN","N","1973-01-01","2007-09-02","34.7","45","29.284594","-94.364773"
"8","1","10208","ENEOS Xplora USA Limited","CAIS","N","00518","TERMIN","N","1982-01-01","2007-08-30","25.7","51","29.280168","-94.322239"
"A","1","21715","ENEOS Xplora USA Limited","FIXED","Y","G02021","TERMIN","N","1972-01-01","2012-10-30","40.8","227","28.161184","-93.348921"
"A","1","21893","ENEOS Xplora USA Limited","FIXED","Y","G02226","TERMIN","N","1975-01-01","2012-04-10","37.3","175","28.351543","-93.047095"
"A","1","21944","ENEOS Xplora USA Limited","FIXED","Y","G02225","TERMIN","N","1974-01-01","2012-11-02","38.8","175","28.353416","-93.02366"
"A","1","22226","ENEOS Xplora USA Limited","FIXED","Y","G02551","TERMIN","N","1979-01-01","2009-08-04","30.6","187","28.320044","-93.217526"
"A-SUMP","17","21411","Array Petroleum, LLC","FIXED","N","00310","UNIT","S","2011-06-09","","","14","29.44132916","-92.0621076"
"70","1","21412","Array Petroleum, LLC","CAIS","N","00310","UNIT","S","1972-01-01","","","14","29.430751","-92.09607"
"61","1","21414","Array Petroleum, LLC","CAIS","N","00310","UNIT","S","1968-01-01","","","14","29.44362","-92.080158"
"51","1","21417","Array Petroleum, LLC","CAIS","N","00310","UNIT","S","1967-01-01","","","14","29.446647","-92.074896"
"49","1","21418","Array Petroleum, LLC","CAIS","N","00310","UNIT","S","1967-01-01","","","14","29.431429","-92.101114"
"A","1","22531","Array Petroleum, LLC","FIXED","Y","G04109","PROD","S","1981-01-01","","","183","28.465344","-92.034923"
"1","1","22616","Array Petroleum, LLC","CAIS","N","G04437","UNIT","S","1982-01-01","","","20","29.323932","-92.009228"
"D/O P/L","4","22674","Array Petroleum, LLC","FIXED","N","00310","UNIT","S","1981-01-01","","","22","29.334779","-92.012282"
"A","1","22674","Array Petroleum, LLC","FIXED","Y","00310","UNIT","S","1982-01-01","","","22","29.334367","-92.012123"
"A-PRD","2","22674","Array Petroleum, LLC","FIXED","Y","00310","UNIT","S","1983-01-01","","","22","29.335192","-92.012128"
"A-TRT","3","22674","Array Petroleum, LLC","FIXED","N","00310","UNIT","S","1985-01-01","","","22","29.335251","-92.012003"
"A-QTR","5","22674","Array Petroleum, LLC","FIXED","N","00310","UNIT","S","1990-01-01","","","22","29.335192","-92.012128"
"94","1","22675","Array Petroleum, LLC","CAIS","N","00310","UNIT","S","1982-01-01","","","11","29.449958","-92.076915"
"48 (TSB)","1","22676","Array Petroleum, LLC","CAIS","N","00310","UNIT","S","1982-01-01","","","11","29.47604515","-92.0662349"
"100","1","22721","Array Petroleum, LLC","CAIS","N","00310","UNIT","S","1983-01-01","","","20","29.327022","-91.982864"
"106","1","22864","Array Petroleum, LLC","FIXED","N","00310","UNIT","S","1983-01-01","","","20","29.356687","-91.99263"
"114","1","22877","Array Petroleum, LLC","CAIS","N","00310","UNIT","S","1984-01-01","","","10","29.444213","-92.066606"
"C","1","22901","Array Petroleum, LLC","FIXED","Y","00310","UNIT","S","1984-01-01","","","16","29.348912","-91.988498"
"C-QTR","2","22901","Array Petroleum, LLC","FIXED","N","00310","UNIT","S","1985-01-01","2012-09-13","27.7","16","29.348977","-91.988116"
"107","1","22905","Array Petroleum, LLC","FIXED","N","00310","UNIT","S","1984-01-01","","","22","29.32695573","-91.98292933"
"302","1","22935","Array Petroleum, LLC","CAIS","N","00310","UNIT","S","1983-01-01","","","23","29.301396","-91.890792"
"123","1","23032","Array Petroleum, LLC","CAIS","N","00310","UNIT","S","1984-01-01","","","20","29.367635","-92.013603"
"91","1","23072","Array Petroleum, LLC","CAIS","N","00310","UNIT","S","1985-01-01","","","18","29.32807","-91.871403"
"132","1","23074","Array Petroleum, LLC","CAIS","N","00310","UNIT","S","1985-01-01","","","18","29.325633","-91.880662"
"129/130","1","23150","Array Petroleum, LLC","CAIS","N","00310","UNIT","S","1985-01-01","","","20","29.337967","-91.890521"
"D-PRD3 (AQUA)","5","23241","Array Petroleum, LLC","FIXED","Y","00310","UNIT","S","1991-01-01","","","17","29.332198","-91.870662"
"D","1","23241","Array Petroleum, LLC","FIXED","N","00310","UNIT","S","1985-01-01","","","17","29.332198","-91.870662"
"D-PRD1","2","23241","Array Petroleum, LLC","FIXED","Y","00310","UNIT","S","1985-01-01","","","17","29.332198","-91.870662"
"D-GEN","3","23241","Array Petroleum, LLC","FIXED","N","00310","UNIT","S","1990-01-01","","","17","29.332198","-91.870662"
"D-PRD2","4","23241","Array Petroleum, LLC","FIXED","Y","00310","UNIT","S","1990-01-01","","","17","29.332198","-91.870662"
"D-QTR","6","23241","Array Petroleum, LLC","FIXED","N","00310","UNIT","S","1990-01-01","","","17","29.332198","-91.870662"
"D-EQUIPT","7","23241","Array Petroleum, LLC","FIXED","N","00310","UNIT","S","1999-11-01","","","17","29.33219818","-91.8706402"
"139","1","23307","Array Petroleum, LLC","FIXED","N","00310","UNIT","S","1987-01-01","","","18","29.327464","-91.990712"
"144","1","23355","Array Petroleum, LLC","CAIS","N","00310","UNIT","S","1989-01-01","","","20","29.32592","-91.991449"
"160","1","23363","Array Petroleum, LLC","CAIS","N","00310","UNIT","S","1989-01-01","","","20","29.318015","-91.986185"
"161","1","23369","Array Petroleum, LLC","CAIS","N","00310","UNIT","S","1989-01-01","","","19","29.331884","-91.986755"
"149","1","23391","Array Petroleum, LLC","CAIS","N","00310","UNIT","S","1990-01-01","","","24","29.298842","-91.884651"
"153","1","23396","Array Petroleum, LLC","CAIS","N","00310","UNIT","S","1991-01-01","","","20","29.298004","-91.87995"
"146","1","23399","Array Petroleum, LLC","FIXED","N","00310","UNIT","S","1991-01-01","","","14","29.392144","-92.071359"
"2","3","24003","Array Petroleum, LLC","CAIS","N","00310","UNIT","S","1993-01-01","","","22","29.300361","-91.87734"
"1","1","24003","Array Petroleum, LLC","CAIS","N","00310","UNIT","S","1990-01-01","","","22","29.300456","-91.877451"
"E-PRD","2","24003","Array Petroleum, LLC","FIXED","Y","00310","UNIT","S","1991-01-01","","","22","29.300504","-91.8773"
"E-DOLPHIN","4","24003","Array Petroleum, LLC","FIXED","N","00310","UNIT","S","2000-03-26","","","22","29.30051149","-91.87745413"
"156","1","24005","Array Petroleum, LLC","CAIS","N","00310","UNIT","S","1991-01-01","","","21","29.302316","-91.872033"
"152","1","24006","Array Petroleum, LLC","CAIS","N","00310","UNIT","S","1990-01-01","","","22","29.31238288","-91.88869138"
"170","1","24019","Array Petroleum, LLC","CAIS","N","00310","UNIT","S","1991-12-29","","","18","29.318713","-91.916032"
"159","1","24058","Array Petroleum, LLC","CAIS","N","00310","UNIT","S","1993-08-18","","","12","29.324542","-91.876627"
"B","1","24053","Array Petroleum, LLC","FIXED","Y","G04109","PROD","S","1993-01-01","","","169","28.4865068","-92.05325295"
"151","1","24075","Array Petroleum, LLC","FIXED","N","00310","UNIT","S","1993-12-01","","","19","29.33239809","-91.90331645"
"171","1","24042","Array Petroleum, LLC","CAIS","N","00310","UNIT","S","1992-10-26","","","17","29.311882","-91.885561"
"177","1","27043","Array Petroleum, LLC","CAIS","N","00310","UNIT","S","1995-01-01","","","17","29.33976867","-91.96201599"
"178","1","27047","Array Petroleum, LLC","CAIS","N","00310","UNIT","S","1995-11-06","","","20","29.33216791","-91.86860021"
"N","1","26313","Array Petroleum, LLC","CAIS","N","00827","SOP","S","1995-01-01","","","98","28.52923629","-90.87645987"
"15","2","20332","Cantium, LLC","CAIS","Y","00375","UNIT","S","1983-01-01","","","36","29.409961","-89.026531"
"EC","1","20378","Cantium, LLC","FIXED","Y","G01372","UNIT","S","1965-01-01","","","38","29.450361","-89.025404"
"EB","1","20379","Cantium, LLC","FIXED","Y","G01372","UNIT","S","1965-01-01","","","35","29.423291","-89.027673"
"JA","1","20383","Cantium, LLC","FIXED","Y","00374","UNIT","S","1965-01-01","","","42","29.40582817","-88.99436053"
"KB","1","20385","Cantium, LLC","FIXED","Y","G01452","UNIT","S","1967-01-01","","","24","29.39965036","-89.09113755"
"AB N","1","20386","Cantium, LLC","FIXED","N","00378","UNIT","S","1957-01-01","","","62","29.351199","-88.98208"
"AD","1","20388","Cantium, LLC","FIXED","N","00374","UNIT","S","1958-01-01","","","53","29.37250661","-88.99461271"
"BE","1","20389","Cantium, LLC","FIXED","N","G01295","UNIT","S","1996-04-30","","","55","29.42676759","-88.92083171"
"B","1","20390","Cantium, LLC","FIXED","Y","00374","UNIT","S","1961-01-01","","","51","29.399934","-88.969722"
"BB","2","20390","Cantium, LLC","FIXED","N","00374","UNIT","S","1971-01-01","","","51","29.399939","-88.970036"
"O","3","20390","Cantium, LLC","FIXED","Y","00374","UNIT","S","1972-01-01","","","51","29.399934","-88.969722"
"AA","1","20391","Cantium, LLC","FIXED","Y","00378","UNIT","S","1959-01-01","","","53","29.36711377","-88.99298002"
"BA","1","20392","Cantium, LLC","FIXED","N","00374","UNIT","S","1966-01-01","","","43","29.409536","-88.982372"
"CA","1","20393","Cantium, LLC","FIXED","Y","00374","UNIT","S","1959-01-01","","","39","29.393634","-89.010226"
"CB","1","20394","Cantium, LLC","FIXED","Y","00375","UNIT","S","1963-01-01","","","38","29.406322","-89.019962"
"DB","1","20396","Cantium, LLC","FIXED","N","00375","UNIT","S","1963-01-01","","","34","29.409584","-89.034798"
"EA","1","20397","Cantium, LLC","FIXED","Y","00375","UNIT","S","1964-01-01","","","37","29.40862864","-89.0144712"
"M-QTR","1","20398","Cantium, LLC","FIXED","N","00375","UNIT","S","1970-01-01","","","35","29.400787","-89.035219"
"D","2","20398","Cantium, LLC","FIXED","Y","00375","UNIT","S","1964-01-01","","","35","29.400781","-89.034905"
"L","3","20398","Cantium, LLC","FIXED","Y","00375","UNIT","S","1970-01-01","","","35","29.40078702","-89.03521936"
"F","1","20408","Cantium, LLC","FIXED","Y","G01372","UNIT","S","1965-01-01","","","33","29.41360261","-89.03855089"
"FA","1","20453","Cantium, LLC","CAIS","N","G01372","UNIT","S","1966-01-01","","","28","29.417841","-89.053794"
"73","2","20454","Cantium, LLC","CAIS","N","00369","UNIT","S","1992-01-31","","","47","29.03088732","-90.14325841"
"CG","1","20454","Cantium, LLC","FIXED","N","00369","UNIT","S","1959-01-01","","","47","29.031178","-90.144102"
"AE","1","20456","Cantium, LLC","CAIS","N","00374","UNIT","S","1965-01-01","","","47","29.372821","-89.007768"
"A","1","20467","Cantium, LLC","FIXED","Y","G01315","UNIT","S","1966-01-01","","","210","29.275322","-88.742016"
"B","1","20468","Cantium, LLC","FIXED","Y","G01317","UNIT","S","1967-01-01","","","210","29.263732","-88.781657"
"C","1","20469","Cantium, LLC","FIXED","Y","G01313","UNIT","S","1969-01-01","","","201","29.287181","-88.759738"
"BF","1","20470","Cantium, LLC","CAIS","N","00373","UNIT","S","1986-06-12","","","53","29.392756","-88.965563"
"5","1","20471","Cantium, LLC","FIXED","N","00374","UNIT","S","1961-01-01","","","47","29.404585","-88.974751"
"28 & 23","1","20475","Cantium, LLC","CAIS","N","00369","UNIT","S","1969-01-01","","","50","29.043885","-90.153957"
"KN","1","20476","Cantium, LLC","FIXED","Y","00370","UNIT","S","1954-01-01","","","39","29.04696317","-90.16256696"
"13","2","20476","Cantium, LLC","CAIS","N","00370","UNIT","S","1971-01-01","","","39","29.04702091","-90.16256629"
"KN-Flare Pile","3","20476","Cantium, LLC","CAIS","N","00370","UNIT","S","1954-01-01","1999-06-15","45.5","39","29.0461298","-90.16163782"
"AC","1","20551","Cantium, LLC","CAIS","N","00374","UNIT","S","1958-01-01","","","53","29.375845","-88.989039"
"A","1","20729","Cantium, LLC","FIXED","Y","00374","UNIT","S","1956-01-01","","","43","29.373804","-89.012355"
"CD","1","21488","Cantium, LLC","FIXED","N","00369","UNIT","S","1958-01-01","","","45","29.04973204","-90.1281068"
"CC","1","21586","Cantium, LLC","FIXED","Y","00374","UNIT","S","1972-01-01","","","44","29.392105","-88.99359"
"I","1","21587","Cantium, LLC","FIXED","Y","00375","UNIT","S","1965-01-01","","","33","29.391889","-89.051268"
"C","1","21815","Cantium, LLC","FIXED","Y","00374","UNIT","S","1964-01-01","","","39","29.39841","-89.012276"
"N","2","21815","Cantium, LLC","FIXED","Y","00374","UNIT","S","1971-01-01","","","39","29.398409","-89.012264"
"KC","1","21996","Cantium, LLC","FIXED","Y","G03338","PROD","S","1976-01-01","","","23","29.396894","-89.107079"
"SG","1","22000","Cantium, LLC","FIXED","N","","","","1976-01-01","","","50","29.06474938","-90.12976746"
"BD","1","22565","Cantium, LLC","FIXED","N","G04123","PROD","S","1981-01-01","","","39","29.445134","-88.97946"
"3","2","22597","Cantium, LLC","CAIS","N","00373","UNIT","S","1963-01-01","2014-03-14","51.2","55","29.39992374","-88.96082074"
"BC","1","22597","Cantium, LLC","FIXED","Y","00373","UNIT","S","1982-01-01","","","55","29.400089","-88.960704"
"A","1","22603","Cantium, LLC","FIXED","Y","G03194","UNIT","S","1982-01-01","","","69","29.354386","-88.934479"
"P","1","22605","Cantium, LLC","FIXED","Y","00373","UNIT","S","1982-01-25","","","48","29.408705","-88.958596"
"A","1","22657","Cantium, LLC","FIXED","Y","G04127","PROD","S","1982-01-01","","","270","29.12646365","-88.77926507"
"CD","1","22752","Cantium, LLC","FIXED","N","00374","UNIT","S","1983-01-01","","","53","29.381456","-88.987495"
"8","1","23086","Cantium, LLC","FIXED","N","00373","UNIT","S","1996-01-01","","","55","29.40817503","-88.95608675"
"DA","1","23243","Cantium, LLC","FIXED","Y","G01316","UNIT","S","1984-01-01","","","217","29.26046437","-88.74722351"
"A","1","23409","Cantium, LLC","FIXED","Y","G04903","PROD","S","1987-01-01","","","40","29.468553","-88.950138"
"AA","1","23413","Cantium, LLC","CAIS","N","G08461","UNIT","S","1986-01-01","","","67","29.34085161","-88.95928189"
"AA","1","23451","Cantium, LLC","FIXED","Y","G01316","UNIT","S","1986-01-01","","","207","29.28303138","-88.75169062"
"SJ","1","23554","Cantium, LLC","FIXED","N","00386","UNIT","S","1988-01-01","","","46","29.025264","-90.160918"
"BA","1","23865","Cantium, LLC","FIXED","Y","G01316","UNIT","S","1991-01-01","","","205","29.283652","-88.771073"
"A-AUX1","2","22226","ENEOS Xplora USA Limited","WP","N","G02551","TERMIN","N","1979-01-01","2009-06-19","30.5","187","28.320036","-93.217535"
"A-AUX2","3","22226","ENEOS Xplora USA Limited","CAIS","N","G02551","TERMIN","N","1979-01-01","2009-09-23","30.7","187","28.320142","-93.217562"
"A","1","22706","ENEOS Xplora USA Limited","FIXED","Y","G04773","RELINQ","N","1982-01-01","2012-01-27","30.1","180","28.331789","-93.162625"
"B","1","22906","ENEOS Xplora USA Limited","FIXED","Y","G02021","TERMIN","N","1984-01-01","2012-01-05","28","214","28.187204","-93.322517"
"B","1","23710","ENEOS Xplora USA Limited","WP","N","G02225","TERMIN","N","1989-01-01","2009-07-01","20.5","175","28.35513288","-93.02503091"
"1","1","27045","ENEOS Xplora USA Limited","CAIS","N","00777","TERMIN","N","1995-01-01","2006-12-27","12","86","28.85892766","-91.85961437"
"A","1","81","ENEOS Xplora USA Limited","FIXED","Y","G16203","TERMIN","N","1997-09-25","2009-07-14","11.8","187","28.27379368","-93.32701292"
"A","1","194","ENEOS Xplora USA Limited","FIXED","Y","G16508","TERMIN","N","1998-08-14","2011-02-24","12.5","175","29.4303897","-88.11691861"
"CAIS.#11","1","152","ENEOS Xplora USA Limited","CAIS","N","G02300","TERMIN","N","1998-04-08","2010-12-07","12.7","18","29.32143185","-92.109828"
"C","1","293","ENEOS Xplora USA Limited","FIXED","Y","G15323","TERMIN","N","1998-11-10","2011-12-15","13.1","162","28.50327105","-90.27768918"
"A","1","363","ENEOS Xplora USA Limited","FIXED","Y","G15089","TERMIN","N","1998-12-20","2002-05-28","3.4","91","28.76956302","-93.15364359"
"A","1","1208","ENEOS Xplora USA Limited","FIXED","N","G22667","TERMIN","N","2002-12-06","2010-12-24","8","85","28.81816927","-91.84446941"
"1","1","1275","ENEOS Xplora USA Limited","CAIS","Y","G22820","EXPIR","N","2003-12-27","2008-06-18","4.5","54","30.11557745","-88.40742015"
"A","1","22421","Talos QN Exploration LLC","FIXED","Y","G04000","TERMIN","N","1980-01-01","2023-10-11","43.8","62","28.857862","-90.459457"
"A-AUX","2","22421","Talos QN Exploration LLC","FIXED","Y","G04000","TERMIN","N","1980-01-01","2023-09-20","43.7","62","28.857253","-90.459234"
"I","1","22512","Talos QN Exploration LLC","FIXED","N","G04000","TERMIN","N","1981-01-01","2021-11-06","40.8","56","28.86919","-90.467481"
"4","1","22768","Talos QN Exploration LLC","CAIS","N","G04000","TERMIN","N","1983-01-01","2021-11-09","38.9","62","28.84648","-90.467207"
"C (5)","1","23534","Talos QN Exploration LLC","CAIS","N","G04000","TERMIN","N","1987-01-01","2021-11-06","34.8","62","28.845464","-90.461707"
"A (Bullwinkle)","1","23552","Talos QN Exploration LLC","FIXED","Y","G05889","UNIT","S","1988-01-01","","","1353","27.88309663","-90.90151639"
"6","1","24184","Talos QN Exploration LLC","CAIS","N","G04000","TERMIN","N","1994-12-05","2022-04-29","27.4","61","28.84560951","-90.47074377"
"A","1","27021","Talos QN Exploration LLC","FIXED","Y","G09524","UNIT","S","1995-07-13","","","297","28.10777111","-92.4451011"
"B","1","27064","Talos QN Exploration LLC","FIXED","Y","G10687","UNIT","S","1996-06-06","","","276","28.11865506","-92.47077736"
"A (Hickory)","1","686","Talos QN Exploration LLC","FIXED","N","G13944","UNIT","S","2000-08-26","","","326","28.30928306","-90.07054334"
"A (Tarantula)","1","1500","Talos QN Exploration LLC","FIXED","Y","","","","2004-07-12","","","484","28.16141388","-90.22762508"
"A(Thunder Hawk)","1","2045","Talos QN Exploration LLC","SEMI","Y","","","","2009-08-07","","","6050","28.26728694","-88.39892063"
"B","1","1787","Contango Operators, LLC","FIXED","N","G26124","RELINQ","N","2006-03-05","2010-05-21","4.2","127","28.77133478","-90.08165139"
"D","1","1816","Contango Operators, LLC","FIXED","N","G23851","TERMIN","N","2006-06-12","2025-08-07","19.2","12","29.37589817","-91.78423281"
"E","1","2003","Contango Operators, LLC","FIXED","N","G23851","TERMIN","N","2007-02-07","2024-07-09","17.4","12","29.38359578","-91.7687249"
"F","1","2059","Contango Operators, LLC","FIXED","N","G23851","TERMIN","N","2007-04-27","2025-08-09","18.3","12","29.3704068","-91.78170291"
"H","1","2103","Contango Operators, LLC","FIXED","Y","","","","2008-03-17","2025-09-13","17.5","13","29.37895317","-91.75290604"
"H-AUX","2","2103","Contango Operators, LLC","FIXED","N","","","","2008-03-17","2025-09-14","17.5","13","29.37895317","-91.75290604"
"H-CMP","3","2103","Contango Operators, LLC","FIXED","N","","","","2010-09-04","2025-09-12","15","13","29.37863667","-91.75298321"
"G","1","2253","Contango Operators, LLC","FIXED","N","G23851","TERMIN","N","2008-01-08","2025-08-06","17.6","12","29.3823205","-91.77993143"
"G-AUX","2","2253","Contango Operators, LLC","FIXED","N","G23851","TERMIN","N","2008-01-08","2025-08-06","17.6","12","29.38232325","-91.77993144"
"1","1","2264","Contango Operators, LLC","CAIS","N","G32168","RELINQ","N","2009-03-15","2009-04-21","0.1","13","29.23513877","-91.4592607"
"I","1","2360","Contango Operators, LLC","FIXED","N","G23851","TERMIN","N","2010-03-03","2021-10-06","11.6","12","29.38884731","-91.77606379"
"B","1","2371","Contango Operators, LLC","FIXED","Y","G27927","TERMIN","N","2010-04-22","2017-09-19","7.4","167","28.35791202","-90.92742979"
"2","1","1519","PXP Gulf Coast LLC","WP","N","G24002","TERMIN","N","2004-07-24","2009-01-21","4.5","50","29.70067294","-88.75975478"
"A","1","1658","Woodside Energy (Americas) Inc.","CAIS","N","","","","2005-08-09","2015-09-21","10.1","40","29.56010724","-93.43163115"
"A","1","22490","Natural Resources Worldwide LLC","FIXED","Y","G02324","PROD","S","1981-01-01","","","306","28.115678","-91.657108"
"A","1","581","Promethean Operating II LLC","FIXED","Y","G15239","TERMIN","N","2000-05-01","","","12","29.26034686","-91.46038359"
"#4","2","581","Promethean Operating II LLC","FIXED","N","G15239","TERMIN","N","2004-12-20","","","12","29.26030558","-91.46040549"
"2","1","630","Promethean Operating II LLC","CAIS","N","G15239","TERMIN","N","2000-05-21","","","10","29.25495278","-91.44619167"
"A","1","22205","TotalEnergies E&P USA, Inc.","FIXED","Y","G01598","TERMIN","N","1978-01-01","1993-04-14","15.3","328","28.691425","-89.807667"
"A","1","20918","TotalEnergies E&P USA, Inc.","FIXED","Y","G00988","TERMIN","N","1964-01-01","2003-09-17","39.7","172","28.439611","-91.480045"
"A","1","23020","TotalEnergies E&P USA, Inc.","FIXED","Y","G04768","EXPIR","N","1988-01-01","1996-01-25","8.1","84","28.81614","-93.421468"
"A","1","23726","TotalEnergies E&P USA, Inc.","FIXED","Y","G09400","TERMIN","N","1989-01-01","2003-06-26","14.5","53","29.376096","-93.464372"
"L","1","26132","Array Petroleum, LLC","FIXED","N","G01230","SOP","S","1995-09-13","","","100","28.50835278","-90.90298675"
"M","1","26142","Array Petroleum, LLC","CAIS","N","00827","SOP","S","1995-07-30","","","99","28.525393","-90.894222"
"A","1","32033","Array Petroleum, LLC","FIXED","Y","G08684","PROD","S","1996-08-03","","","163","28.51394797","-92.03579495"
"F","1","32019","Array Petroleum, LLC","CAIS","N","G04231","PROD","S","1996-01-01","","","66","28.61304871","-91.04480536"
"190","1","90017","Array Petroleum, LLC","CAIS","N","00310","UNIT","S","1997-04-24","","","20","29.32831734","-91.88724812"
"CAIS.#193","1","90019","Array Petroleum, LLC","FIXED","N","00310","UNIT","S","1997-03-22","","","21","29.31415989","-91.8814062"
"CC","1","1602","Array Petroleum, LLC","FIXED","N","00026","PROD","S","2005-02-01","","","40","29.15406487","-89.61850144"
"BB","1","1628","Array Petroleum, LLC","CAIS","N","G01447","PROD","S","2004-11-04","","","36","29.18061911","-89.6279733"
"189","1","32043","Array Petroleum, LLC","FIXED","N","G04437","UNIT","S","1996-09-03","","","22","29.32666131","-92.0116658"
"CAIS.#191","1","90010","Array Petroleum, LLC","FIXED","N","00310","UNIT","S","1996-12-02","","","23","29.30209066","-91.88124936"
"AA","1","70022","Array Petroleum, LLC","FIXED","N","00367","PROD","S","1998-02-07","","","54","29.15685155","-89.68015902"
"196","1","33","Array Petroleum, LLC","CAIS","N","00310","UNIT","S","1997-08-08","","","23","29.29493508","-91.87602092"
"CAIS.#198","1","75","Array Petroleum, LLC","CAIS","N","00310","UNIT","S","1997-09-09","","","17","29.3444327","-91.99708764"
"CAIS.#201","1","495","Array Petroleum, LLC","CAIS","N","00310","UNIT","S","1999-08-06","","","23","29.30375128","-91.88330709"
"CAIS.#202","1","572","Array Petroleum, LLC","CAIS","N","00310","UNIT","S","1999-09-09","","","23","29.30616516","-91.87090252"
"CAIS.#203","1","601","Array Petroleum, LLC","CAIS","N","00310","UNIT","S","2001-02-05","","","23","29.28698333","-91.85924167"
"CAIS.#200","1","623","Array Petroleum, LLC","CAIS","N","00310","UNIT","S","2000-01-25","","","23","29.29219938","-91.88568439"
"CAIS.#206","1","645","Array Petroleum, LLC","CAIS","N","00310","UNIT","S","2000-03-06","","","20","29.34287331","-91.94875295"
"204","1","657","Array Petroleum, LLC","CAIS","N","00310","UNIT","S","2000-04-18","","","23","29.30685542","-91.90019708"
"P","1","871","Array Petroleum, LLC","FIXED","N","00827","SOP","S","2001-02-04","","","84","28.54924386","-90.85349474"
"210","1","937","Array Petroleum, LLC","CAIS","N","00310","UNIT","S","2001-04-13","","","12","29.46837106","-92.10757192"
"CAIS.#212","1","980","Array Petroleum, LLC","CAIS","N","00310","UNIT","S","2001-06-24","","","20","29.3171949","-91.86500529"
"CAIS.#216","1","1016","Array Petroleum, LLC","CAIS","N","00310","UNIT","S","2001-08-22","","","20","29.32627085","-91.89252439"
"I","1","1045","Array Petroleum, LLC","FIXED","N","00821","PROD","S","2001-10-04","","","60","28.6324364","-90.9785128"
"CAIS.#217","1","1074","Array Petroleum, LLC","CAIS","N","00310","UNIT","S","2002-03-05","","","23","29.31699336","-91.86452206"
"L","1","1073","Array Petroleum, LLC","CAIS","N","G01447","PROD","S","2002-08-14","","","37","29.17711637","-89.62616503"
"218","1","1186","Array Petroleum, LLC","CAIS","N","00310","UNIT","S","2003-03-05","","","11","29.40848363","-91.99236704"
"A","2","1186","Array Petroleum, LLC","FIXED","N","00310","UNIT","S","2003-08-02","","","11","29.40870101","-91.99234334"
"B","3","1186","Array Petroleum, LLC","FIXED","N","00310","UNIT","S","2004-03-10","","","11","29.40901175","-91.99234539"
"J","1","1230","Array Petroleum, LLC","FIXED","N","G01019","PROD","S","2003-01-15","","","68","28.60039107","-91.00293838"
"#219","1","1371","Array Petroleum, LLC","CAIS","N","00310","UNIT","S","2003-12-07","","","11","29.40222867","-91.98934885"
"221","1","1454","Array Petroleum, LLC","CAIS","N","00310","UNIT","S","2000-01-01","","","19","29.39378402","-91.99299588"
"K","1","1529","Array Petroleum, LLC","CAIS","N","G04231","PROD","S","2004-09-06","","","67","28.6168296","-91.08827488"
"223","1","1659","Array Petroleum, LLC","CAIS","N","00310","UNIT","S","2005-04-01","","","11","29.42966872","-92.05218755"
"225","1","1778","Array Petroleum, LLC","CAIS","N","00310","UNIT","S","2008-05-12","","","13","29.43970388","-92.05315796"
"227","1","1890","Array Petroleum, LLC","CAIS","N","00310","UNIT","S","2006-10-29","","","13","29.43970233","-92.05344069"
"228","1","2121","Array Petroleum, LLC","CAIS","N","00310","UNIT","S","2007-11-30","","","11","29.4729823","-92.04869862"
"A","2","2121","Array Petroleum, LLC","FIXED","N","00310","UNIT","S","2008-06-21","","","11","29.47322704","-92.04870036"
"229","1","2159","Array Petroleum, LLC","CAIS","N","00310","UNIT","S","2008-06-14","","","11","29.48741385","-92.05338735"
"230","1","2158","Array Petroleum, LLC","CAIS","N","00310","UNIT","S","2008-07-20","","","14","29.46363514","-92.05064932"
"231","1","2221","Array Petroleum, LLC","CAIS","N","00310","UNIT","S","2008-11-05","","","12","29.48015238","-92.04757105"
"B","2","2221","Array Petroleum, LLC","CAIS","N","00310","UNIT","S","2009-07-03","","","12","29.48030839","-92.0477073"
"232","1","2220","Array Petroleum, LLC","CAIS","N","00310","UNIT","S","2009-02-01","","","12","29.48024127","-92.05143127"
"233","1","2260","Array Petroleum, LLC","CAIS","N","00310","UNIT","S","2009-05-04","","","12","29.45781638","-92.0435157"
"C","1","2571","Array Petroleum, LLC","CAIS","N","00310","UNIT","S","2014-10-10","","","15","29.44515606","-92.05689494"
"234","1","2692","Array Petroleum, LLC","WP","N","00310","UNIT","S","2011-07-23","","","11","29.42882077","-92.03666669"
"A-DRL","1","21470","Talos Petroleum LLC","FIXED","N","G01251","TERMIN","N","1969-01-01","2019-06-26","50.5","93","28.576736","-90.576903"
"A-PRD","2","21470","Talos Petroleum LLC","FIXED","N","G01251","TERMIN","N","1971-01-01","2019-06-08","48.4","93","28.576738","-90.577214"
"A-QTR","3","21470","Talos Petroleum LLC","FIXED","N","G01251","TERMIN","N","1971-01-01","2018-06-14","47.4","93","28.576735","-90.576591"
"B","1","22048","Talos Petroleum LLC","FIXED","Y","G01255","TERMIN","N","1977-01-01","2015-07-25","38.6","100","28.545278","-90.616519"
"A","1","22131","Talos Petroleum LLC","FIXED","Y","G01665","PROD","S","1975-01-01","","","393","29.23983794","-88.40948497"
"C","1","22145","Talos Petroleum LLC","FIXED","N","G01250","TERMIN","N","1986-07-22","2019-05-27","32.8","99","28.56943","-90.545117"
"BB","1","24142","Cantium, LLC","FIXED","Y","G01316","UNIT","S","1993-06-11","","","231","29.25725","-88.772989"
"CAIS.#5","1","622","Cantium, LLC","CAIS","N","G01372","UNIT","S","1999-12-27","","","34","29.41780761","-89.01340139"
"CAIS.#13","1","641","Cantium, LLC","CAIS","N","G01452","UNIT","S","2000-02-13","","","18","29.41306509","-89.07213756"
"5","1","2030","Cantium, LLC","CAIS","N","00391","UNIT","S","2007-12-10","","","50","29.08189212","-90.09924947"
"I","1","2400","Cantium, LLC","FIXED","Y","G03194","UNIT","S","2010-12-21","","","68","29.35929171","-88.93456649"
"BG","1","2721","Cantium, LLC","CAIS","N","G01623","UNIT","S","2023-02-21","","","60","29.41721733","-88.88307712"
"CA","1","20794","Talos ERT LLC","FIXED","N","00599","TERMIN","N","1967-01-01","2020-05-20","53.4","91","28.80214","-90.209732"
"A","1","20795","Talos ERT LLC","FIXED","Y","00599","TERMIN","N","1957-01-01","2019-07-29","62.6","101","28.793415","-90.202244"
"A-AUXILIARY","2","20795","Talos ERT LLC","FIXED","Y","00599","TERMIN","N","2000-06-24","2019-04-25","18.8","101","28.79357934","-90.20211393"
"21","1","20796","Talos ERT LLC","CAIS","N","00599","TERMIN","N","1970-01-01","2012-09-13","42.7","86","28.80915796","-90.21356273"
"#22","1","20797","Talos ERT LLC","CAIS","N","00599","TERMIN","N","1969-01-01","2013-12-25","45","84","28.813997","-90.217327"
"23","1","20798","Talos ERT LLC","CAIS","N","00599","TERMIN","N","1971-01-01","2012-06-09","41.4","87","28.816754","-90.211755"
"I","1","20799","Talos ERT LLC","CAIS","N","00599","TERMIN","N","1971-01-01","2012-06-14","41.5","90","28.802431","-90.227704"
"J","1","20800","Talos ERT LLC","CAIS","N","00599","TERMIN","N","1970-01-01","2012-06-17","42.5","86","28.80751854","-90.21960963"
"B","1","22028","Talos ERT LLC","FIXED","N","00605","TERMIN","N","1977-01-01","2019-09-12","42.7","92","28.783495","-90.234161"
"D MOPU Jack Up","2","22028","Talos ERT LLC","FIXED","Y","00605","TERMIN","N","1986-01-01","2007-07-02","21.5","92","28.783409","-90.234343"
"H","1","23833","Talos ERT LLC","FIXED","N","00599","TERMIN","N","1990-01-01","2011-07-25","21.6","92","28.80181196","-90.21956936"
"F","1","23879","Talos ERT LLC","FIXED","N","00605","TERMIN","N","1982-01-01","2019-05-03","37.3","96","28.785677","-90.234964"
"17","1","24107","Talos ERT LLC","WP","N","00599","TERMIN","N","1992-06-30","2012-06-01","19.9","96","28.78861736","-90.23341807"
"19","1","24117","Talos ERT LLC","CAIS","N","00599","TERMIN","N","1995-11-04","2012-06-03","16.6","95","28.79216413","-90.23009559"
"A","1","24147","Talos ERT LLC","FIXED","Y","G07890","TERMIN","N","1993-06-19","2019-07-27","26.1","122","29.781541","-88.333089"
"B","1","24148","Talos ERT LLC","WP","N","G07890","TERMIN","N","1993-06-25","2016-12-21","23.5","123","29.786683","-88.349191"
"C","1","24149","Talos ERT LLC","CAIS","N","G04921","TERMIN","N","1993-06-23","2019-07-21","26.1","123","29.778926","-88.307933"
"A","1","20511","Talos ERT LLC","FIXED","Y","G01023","TERMIN","N","1971-01-01","2025-09-08","54.7","147","28.477351","-91.286512"
"B","1","20646","Talos ERT LLC","FIXED","Y","G01984","TERMIN","N","1972-01-01","2024-08-25","52.6","146","28.474538","-91.279192"
"E","2","20646","Talos ERT LLC","FIXED","Y","G01984","TERMIN","N","1984-01-01","2023-06-26","39.5","146","28.473905","-91.27857"
"A","1","20647","Talos ERT LLC","FIXED","Y","G01525","RELINQ","N","1969-01-01","2019-08-14","50.6","140","28.491239","-91.272738"
"D","2","20647","Talos ERT LLC","FIXED","Y","G01525","RELINQ","N","1969-01-01","2018-08-23","49.6","140","28.490615","-91.27219"
"PP","1","21392","Talos ERT LLC","FIXED","Y","G01023","TERMIN","N","1969-01-01","2009-09-04","40.7","157","28.455957","-91.320267"
"OBM","5","21405","Talos ERT LLC","FIXED","Y","00073","RELINQ","N","1961-01-01","1993-09-24","32.7","32","28.894195","-90.697968"
"B-PRD","3","21405","Talos ERT LLC","FIXED","Y","00073","RELINQ","N","1993-01-01","2013-10-24","20.8","32","28.89435","-90.698204"
"B-QRT","4","21405","Talos ERT LLC","FIXED","N","00073","RELINQ","N","1993-01-01","2013-10-27","20.8","32","28.894442","-90.697913"
"B-HDR","1","21405","Talos ERT LLC","FIXED","Y","00073","RELINQ","N","1993-12-08","2013-10-19","19.9","32","28.894195","-90.697968"
"B-H2S","2","21405","Talos ERT LLC","FIXED","Y","00073","RELINQ","N","1986-01-01","2013-10-17","27.8","32","28.89447","-90.697966"
"1","1","21546","Talos ERT LLC","CAIS","N","00442","TERMIN","N","1957-01-01","1986-12-31","30","55","28.942482","-91.609465"
"C-PRD","2","21546","Talos ERT LLC","FIXED","N","00442","TERMIN","N","1957-01-01","2010-05-08","53.3","55","28.942207","-91.609465"
"JC","3","21546","Talos ERT LLC","FIXED","Y","00442","TERMIN","N","1986-01-01","2010-06-24","24.5","55","28.94315","-91.609364"
"JB","1","21549","Talos ERT LLC","WP","N","00442","TERMIN","N","1959-01-01","2010-05-19","51.4","51","28.940561","-91.607272"
"B","1","21904","Talos ERT LLC","FIXED","Y","G01526","TERMIN","N","1978-01-01","2025-08-12","47.6","144","28.485657","-91.320883"
"E","1","22201","Talos ERT LLC","FIXED","Y","G01023","TERMIN","N","1978-01-01","2025-10-17","47.8","147","28.477321","-91.296936"
"A","1","22265","Talos ERT LLC","FIXED","Y","00072","RELINQ","N","1979-01-01","2013-10-15","34.8","32","28.9309","-90.690235"
"31","1","22281","Talos ERT LLC","CAIS","N","00072","RELINQ","N","1979-01-01","2013-05-04","34.3","35","28.937793","-90.687865"
"26","1","22282","Talos ERT LLC","CAIS","N","00072","RELINQ","N","1979-01-01","2013-04-29","34.3","35","28.937534","-90.699992"
"D","1","22314","Talos ERT LLC","FIXED","Y","G01023","TERMIN","N","1981-01-01","2025-08-30","44.7","156","28.456782","-91.314356"
"29","1","22379","Talos ERT LLC","CAIS","N","00072","RELINQ","N","1980-01-01","2013-05-02","33.3","45","28.900857","-90.69105462"
"33","1","22484","Talos ERT LLC","WP","N","00073","RELINQ","N","1981-01-01","2013-06-12","32.4","30","28.898583","-90.698397"
"28 & 29","1","22581","Talos ERT LLC","WP","N","00074","TERMIN","N","1982-01-01","2009-09-18","27.7","30","28.896165","-90.704455"
"F","1","23017","Talos ERT LLC","WP","N","00072","RELINQ","N","1984-01-01","2010-08-10","26.6","35","28.93239","-90.687834"
"33","1","23143","Talos ERT LLC","CAIS","N","00074","TERMIN","N","1985-01-01","2009-09-22","24.7","29","28.897071","-90.707768"
"37","1","23145","Talos ERT LLC","CAIS","N","00072","RELINQ","N","1985-01-01","2013-05-07","28.3","36","28.936644","-90.69173"
"36","1","23194","Talos ERT LLC","CAIS","N","00074","TERMIN","N","1985-01-01","2009-09-21","24.7","30","28.896692","-90.706629"
